admission_id,patient_id,admission_timestamp,discharge_timestamp,department,diagnosis,esi_score,arrival_mode,weather_condition,heart_rate,oxygen_saturation,systolic_bp,diastolic_bp,respiratory_rate,body_temperature,news2_deterioration_score,er_wait_time_mins,length_of_stay_days,is_currently_admitted,assigned_bed_id,readmitted_30d,patient_satisfaction_score,hour_of_day,day_of_week,month,is_weekend
ADM-000001,PAT-01104,2026-07-03 21:32:28,2026-07-29 23:56:28,ICU,Sepsis / Septic Shock,1,Ambulance,Clear / Mild,125,91,153,101,13,38.2,9,23,26.1,0,,0,5.0,21,4,7,0
ADM-000002,PAT-01521,2026-07-03 21:32:28,2026-07-19 14:20:28,Cardiology,Acute Myocardial Infarction,2,Ambulance,Clear / Mild,114,97,189,87,25,38.3,7,20,15.7,0,,1,4.9,21,4,7,0
ADM-000003,PAT-02022,2026-07-03 21:32:28,2026-07-07 21:32:28,General Surgery,Acute Appendicitis / Laparotomy,4,Ambulance,Clear / Mild,64,98,130,70,17,36.5,0,128,4.0,0,,0,3.9,21,4,7,0
ADM-000004,PAT-00026,2026-07-03 21:32:28,2026-07-10 11:56:28,Pulmonology,Severe Pneumonia / ARDS,5,Physician Referral,Clear / Mild,83,97,119,76,14,36.7,0,154,6.6,0,,0,2.7,21,4,7,0
ADM-000005,PAT-01900,2026-07-03 21:32:28,2026-07-12 23:56:28,ICU,Sepsis / Septic Shock,1,Ambulance,Clear / Mild,113,89,150,100,30,37.9,12,12,9.1,0,,0,4.6,21,4,7,0
ADM-000006,PAT-01880,2026-07-03 21:32:28,2026-07-11 02:20:28,Cardiology,Acute Myocardial Infarction,2,Ambulance,Clear / Mild,111,86,120,87,26,38.9,10,22,7.2,0,,0,4.8,21,4,7,0
ADM-000007,PAT-00384,2026-07-03 21:32:28,2026-07-08 11:56:28,Pulmonology,Severe Pneumonia / ARDS,3,Ambulance,Clear / Mild,77,96,130,61,15,36.9,0,64,4.6,0,,0,4.7,21,4,7,0
ADM-000008,PAT-00996,2026-07-04 01:32:28,2026-07-09 20:44:28,Neurology,Acute Ischemic Stroke,2,Ambulance,Clear / Mild,117,82,142,77,14,38.8,7,67,5.8,0,,1,5.0,1,5,7,1
ADM-000009,PAT-02325,2026-07-04 03:32:28,2026-07-09 13:08:28,General Surgery,Gastrointestinal Hemorrhage,3,Walk-In,Clear / Mild,63,97,145,77,9,36.2,3,107,5.4,0,,0,3.9,3,5,7,1
ADM-000010,PAT-01617,2026-07-04 03:32:28,2026-07-08 20:20:28,General Surgery,Acute Appendicitis / Laparotomy,3,Ambulance,Clear / Mild,90,97,94,73,16,36.9,2,102,4.7,0,,1,3.5,3,5,7,1
ADM-000011,PAT-00808,2026-07-04 03:32:28,2026-07-25 05:56:28,Orthopedics,Multiple Trauma / Fracture,4,Ambulance,Clear / Mild,63,98,92,85,14,37.0,2,105,21.1,0,,0,3.4,3,5,7,1
ADM-000012,PAT-02131,2026-07-04 05:32:28,2026-07-12 15:08:28,Orthopedics,Multiple Trauma / Fracture,3,Walk-In,Rain / Storm,88,96,125,88,14,36.5,0,82,8.4,0,,0,4.3,5,5,7,1
ADM-000013,PAT-00621,2026-07-04 05:32:28,2026-07-12 05:32:28,Cardiology,Acute Myocardial Infarction,3,Ambulance,Rain / Storm,71,98,106,84,16,36.7,0,105,8.0,0,,0,3.7,5,5,7,1
ADM-000014,PAT-02062,2026-07-04 09:32:28,2026-07-13 04:44:28,Pulmonology,Severe Pneumonia / ARDS,3,Ambulance,Clear / Mild,67,96,112,80,15,35.9,0,51,8.8,0,,0,3.7,9,5,7,1
ADM-000015,PAT-02225,2026-07-04 09:32:28,2026-07-13 07:08:28,Neurology,Acute Ischemic Stroke,2,Ambulance,Clear / Mild,68,88,139,113,24,38.7,5,27,8.9,0,,0,5.0,9,5,7,1
ADM-000016,PAT-01849,2026-07-04 09:32:28,2026-07-20 16:44:28,ICU,Acute Renal Failure,2,Walk-In,Clear / Mild,121,92,246,64,34,38.2,8,8,16.3,0,,0,5.0,9,5,7,1
ADM-000017,PAT-00682,2026-07-04 09:32:28,2026-07-08 09:32:28,General Surgery,Gastrointestinal Hemorrhage,2,Walk-In,Clear / Mild,107,91,115,104,23,37.5,3,34,4.0,0,,0,4.7,9,5,7,1
ADM-000018,PAT-00352,2026-07-04 09:32:28,2026-07-11 19:08:28,General Surgery,Gastrointestinal Hemorrhage,2,Walk-In,Clear / Mild,124,87,170,103,35,38.3,10,50,7.4,0,,0,5.0,9,5,7,1
ADM-000019,PAT-01038,2026-07-04 09:32:28,2026-07-08 09:32:28,Pediatrics,Pediatric Bronchiolitis / Asthma,5,Helicopter EMS,Clear / Mild,69,99,119,77,16,36.9,0,124,4.0,0,,0,3.8,9,5,7,1
ADM-000020,PAT-00099,2026-07-04 11:32:28,2026-07-11 13:56:28,ICU,Diabetic Ketoacidosis (DKA),3,Physician Referral,Clear / Mild,90,96,104,77,14,36.5,0,80,7.1,0,,0,3.8,11,5,7,1
ADM-000021,PAT-00213,2026-07-04 11:32:28,2026-07-12 04:20:28,Cardiology,Congestive Heart Failure,3,Walk-In,Clear / Mild,64,98,121,82,12,36.8,0,62,7.7,0,,0,5.0,11,5,7,1
ADM-000022,PAT-00384,2026-07-04 11:32:28,2026-07-08 04:20:28,Pediatrics,Pediatric Bronchiolitis / Asthma,5,Walk-In,Clear / Mild,87,99,124,83,17,37.1,0,104,3.7,0,,0,3.5,11,5,7,1
ADM-000023,PAT-00004,2026-07-04 11:32:28,2026-07-13 21:08:28,Cardiology,Congestive Heart Failure,2,Walk-In,Clear / Mild,113,92,125,106,23,38.0,3,14,9.4,0,,1,4.8,11,5,7,1
ADM-000024,PAT-01947,2026-07-04 11:32:28,2026-07-12 23:32:28,Pulmonology,COPD Exacerbation,4,Walk-In,Clear / Mild,98,97,96,85,12,36.3,0,40,8.5,0,,0,4.8,11,5,7,1
ADM-000025,PAT-00246,2026-07-04 11:32:28,2026-07-09 04:20:28,ICU,Diabetic Ketoacidosis (DKA),3,Walk-In,Clear / Mild,74,99,133,89,19,37.1,0,78,4.7,0,,0,4.3,11,5,7,1
ADM-000026,PAT-02088,2026-07-04 11:32:28,2026-07-08 11:32:28,Pediatrics,Pediatric Bronchiolitis / Asthma,4,Ambulance,Clear / Mild,84,98,109,68,15,36.9,0,156,4.0,0,,1,3.1,11,5,7,1
ADM-000027,PAT-01046,2026-07-04 11:32:28,2026-07-30 01:56:28,ICU,Acute Renal Failure,2,Walk-In,Clear / Mild,86,92,150,100,23,38.3,1,40,25.6,0,,1,5.0,11,5,7,1
ADM-000028,PAT-01662,2026-07-04 13:32:28,2026-07-21 23:08:28,Orthopedics,Multiple Trauma / Fracture,5,Walk-In,Clear / Mild,72,97,140,66,13,36.6,0,107,17.4,0,,0,4.6,13,5,7,1
ADM-000029,PAT-01353,2026-07-04 13:32:28,2026-07-08 06:20:28,Neurology,Acute Ischemic Stroke,2,Ambulance,Clear / Mild,109,92,180,87,23,39.3,5,16,3.7,0,,0,4.3,13,5,7,1
ADM-000030,PAT-00890,2026-07-04 13:32:28,2026-07-12 15:56:28,General Surgery,Acute Appendicitis / Laparotomy,3,Walk-In,Clear / Mild,83,97,122,55,14,37.0,0,64,8.1,0,,0,4.1,13,5,7,1
ADM-000031,PAT-00808,2026-07-04 13:32:28,2026-07-13 13:32:28,Cardiology,Acute Myocardial Infarction,3,Walk-In,Clear / Mild,73,98,108,76,17,36.9,0,76,9.0,0,,0,4.2,13,5,7,1
ADM-000032,PAT-01302,2026-07-04 15:32:28,2026-07-11 13:08:28,Orthopedics,Multiple Trauma / Fracture,3,Walk-In,Clear / Mild,74,96,96,88,18,36.7,0,80,6.9,0,,0,4.1,15,5,7,1
ADM-000033,PAT-01847,2026-07-04 15:32:28,2026-07-12 05:56:28,ICU,Diabetic Ketoacidosis (DKA),2,Walk-In,Clear / Mild,96,88,155,108,26,37.1,6,30,7.6,0,,0,5.0,15,5,7,1
ADM-000034,PAT-00153,2026-07-04 15:32:28,2026-07-20 08:20:28,ICU,Sepsis / Septic Shock,2,Ambulance,Clear / Mild,143,95,138,121,27,39.7,7,31,15.7,0,,0,4.8,15,5,7,1
ADM-000035,PAT-01659,2026-07-04 15:32:28,2026-07-07 13:08:28,Pediatrics,Pediatric Bronchiolitis / Asthma,4,Ambulance,Clear / Mild,79,99,118,88,17,36.7,0,107,2.9,0,,0,4.4,15,5,7,1
ADM-000036,PAT-01982,2026-07-04 15:32:28,2026-07-14 22:44:28,General Surgery,Gastrointestinal Hemorrhage,2,Walk-In,Clear / Mild,70,92,109,90,25,39.6,6,29,10.3,0,,0,4.7,15,5,7,1
ADM-000037,PAT-01595,2026-07-04 15:32:28,2026-07-07 22:44:28,Orthopedics,Multiple Trauma / Fracture,5,Walk-In,Clear / Mild,94,97,123,74,18,37.2,0,174,3.3,0,,0,3.4,15,5,7,1
ADM-000038,PAT-02340,2026-07-04 17:32:28,2026-07-08 12:44:28,General Surgery,Acute Appendicitis / Laparotomy,4,Walk-In,Clear / Mild,73,100,115,70,15,36.3,0,71,3.8,0,,0,4.7,17,5,7,1
ADM-000039,PAT-02136,2026-07-04 17:32:28,2026-07-13 10:20:28,Neurology,Acute Ischemic Stroke,3,Walk-In,Clear / Mild,70,97,123,73,15,36.8,0,65,8.7,0,,1,4.5,17,5,7,1
ADM-000040,PAT-00171,2026-07-04 17:32:28,2026-07-09 19:56:28,General Surgery,Gastrointestinal Hemorrhage,2,Walk-In,Clear / Mild,136,90,139,98,25,37.0,8,35,5.1,0,,0,5.0,17,5,7,1
ADM-000041,PAT-01536,2026-07-04 19:32:28,2026-07-11 02:44:28,Neurology,Acute Ischemic Stroke,2,Ambulance,Clear / Mild,107,92,167,86,16,37.9,3,49,6.3,0,,1,5.0,19,5,7,1
ADM-000042,PAT-01425,2026-07-04 19:32:28,2026-07-10 14:44:28,Orthopedics,Multiple Trauma / Fracture,3,Ambulance,Clear / Mild,70,95,112,84,11,36.9,0,54,5.8,0,,0,4.1,19,5,7,1
ADM-000043,PAT-01012,2026-07-04 19:32:28,2026-07-15 21:56:28,Pulmonology,COPD Exacerbation,5,Physician Referral,Clear / Mild,75,97,110,65,19,36.5,0,145,11.1,0,,0,4.4,19,5,7,1
ADM-000044,PAT-02431,2026-07-04 19:32:28,2026-07-13 09:56:28,ICU,Diabetic Ketoacidosis (DKA),2,Walk-In,Clear / Mild,97,92,144,89,29,38.0,4,24,8.6,0,,0,4.4,19,5,7,1
ADM-000045,PAT-00582,2026-07-04 19:32:28,2026-07-09 05:08:28,Cardiology,Congestive Heart Failure,2,Ambulance,Clear / Mild,127,93,142,110,28,37.8,6,44,4.4,0,,0,5.0,19,5,7,1
ADM-000046,PAT-00273,2026-07-04 21:32:28,2026-07-26 19:08:28,ICU,Acute Renal Failure,2,Ambulance,Clear / Mild,138,94,157,90,16,37.3,3,21,21.9,0,,0,5.0,21,5,7,1
ADM-000047,PAT-01753,2026-07-04 21:32:28,2026-07-09 02:20:28,ICU,Diabetic Ketoacidosis (DKA),2,Ambulance,Clear / Mild,138,90,174,101,33,38.6,12,12,4.2,0,,1,5.0,21,5,7,1
ADM-000048,PAT-00830,2026-07-04 21:32:28,2026-07-11 23:56:28,Cardiology,Acute Myocardial Infarction,2,Walk-In,Clear / Mild,110,88,173,106,34,39.7,10,26,7.1,0,,0,5.0,21,5,7,1
ADM-000049,PAT-01893,2026-07-04 23:32:28,2026-07-22 06:44:28,ICU,Sepsis / Septic Shock,2,Walk-In,Freezing / Snow,99,93,184,103,27,37.6,6,25,17.3,0,,0,4.7,23,5,7,1
ADM-000050,PAT-00910,2026-07-04 23:32:28,2026-07-22 16:20:28,Pulmonology,Severe Pneumonia / ARDS,3,Ambulance,Freezing / Snow,77,97,93,68,19,36.3,2,107,17.7,0,,0,4.2,23,5,7,1
ADM-000051,PAT-00675,2026-07-05 01:32:28,2026-07-11 20:44:28,Pulmonology,COPD Exacerbation,3,Walk-In,Rain / Storm,78,100,98,87,15,37.1,0,79,6.8,0,,0,4.6,1,6,7,1
ADM-000052,PAT-00019,2026-07-05 05:32:28,2026-07-11 00:44:28,ICU,Diabetic Ketoacidosis (DKA),2,Walk-In,High Smog / Poor AQI,97,94,193,110,19,36.8,3,26,5.8,0,,0,5.0,5,6,7,1
ADM-000053,PAT-02193,2026-07-05 05:32:28,2026-07-13 03:08:28,Pediatrics,Pediatric Bronchiolitis / Asthma,5,Walk-In,High Smog / Poor AQI,96,97,116,80,13,36.5,0,88,7.9,0,,0,4.3,5,6,7,1
ADM-000054,PAT-00033,2026-07-05 05:32:28,2026-07-21 07:56:28,ICU,Acute Renal Failure,2,Ambulance,High Smog / Poor AQI,167,90,131,113,18,37.3,5,31,16.1,0,,0,4.7,5,6,7,1
ADM-000055,PAT-00684,2026-07-05 05:32:28,2026-07-09 00:44:28,General Surgery,Acute Appendicitis / Laparotomy,4,Walk-In,High Smog / Poor AQI,77,98,136,78,14,37.2,0,108,3.8,0,,0,3.6,5,6,7,1
ADM-000056,PAT-00475,2026-07-05 05:32:28,2026-07-23 15:08:28,Cardiology,Congestive Heart Failure,3,Walk-In,High Smog / Poor AQI,91,96,116,69,16,37.5,0,32,18.4,0,,1,5.0,5,6,7,1
ADM-000057,PAT-00526,2026-07-05 05:32:28,2026-07-11 00:44:28,General Surgery,Gastrointestinal Hemorrhage,3,Ambulance,High Smog / Poor AQI,77,99,132,90,15,36.1,0,102,5.8,0,,0,4.6,5,6,7,1
ADM-000058,PAT-00813,2026-07-05 05:32:28,2026-07-12 07:56:28,Cardiology,Acute Myocardial Infarction,3,Walk-In,High Smog / Poor AQI,75,100,113,70,16,37.3,0,84,7.1,0,,0,5.0,5,6,7,1
ADM-000059,PAT-00300,2026-07-05 07:32:28,2026-07-17 02:44:28,Cardiology,Acute Myocardial Infarction,3,Ambulance,Clear / Mild,67,96,133,80,16,37.3,0,126,11.8,0,,1,3.4,7,6,7,1
ADM-000060,PAT-00793,2026-07-05 07:32:28,2026-07-13 00:20:28,Pulmonology,Severe Pneumonia / ARDS,4,Walk-In,Clear / Mild,103,98,109,59,17,36.7,0,177,7.7,0,,0,3.1,7,6,7,1
ADM-000061,PAT-00213,2026-07-05 07:32:28,2026-07-18 12:20:28,Pulmonology,COPD Exacerbation,4,Walk-In,Clear / Mild,92,96,141,72,11,36.3,0,152,13.2,0,,0,3.6,7,6,7,1
ADM-000062,PAT-01924,2026-07-05 09:32:28,2026-07-08 19:08:28,Cardiology,Congestive Heart Failure,3,Ambulance,Rain / Storm,69,96,118,76,17,37.4,0,49,3.4,0,,0,4.2,9,6,7,1
ADM-000063,PAT-01750,2026-07-05 09:32:28,2026-07-14 04:44:28,Cardiology,Congestive Heart Failure,3,Ambulance,Rain / Storm,80,98,156,73,12,37.4,0,127,8.8,0,,0,3.4,9,6,7,1
ADM-000064,PAT-01541,2026-07-05 09:32:28,2026-07-09 02:20:28,Pulmonology,COPD Exacerbation,4,Walk-In,Rain / Storm,73,96,131,78,14,37.2,0,104,3.7,0,,0,4.2,9,6,7,1
ADM-000065,PAT-01650,2026-07-05 09:32:28,2026-07-14 16:44:28,General Surgery,Acute Appendicitis / Laparotomy,3,Walk-In,Rain / Storm,80,100,123,70,15,37.1,0,26,9.3,0,,0,4.7,9,6,7,1
ADM-000066,PAT-01547,2026-07-05 09:32:28,2026-07-09 16:44:28,ICU,Diabetic Ketoacidosis (DKA),3,Walk-In,Rain / Storm,64,96,124,88,16,36.8,0,63,4.3,0,,0,4.2,9,6,7,1
ADM-000067,PAT-01502,2026-07-05 11:32:28,2026-07-15 11:32:28,ICU,Sepsis / Septic Shock,1,Ambulance,Clear / Mild,116,88,215,101,26,38.8,16,17,10.0,0,,1,5.0,11,6,7,1
ADM-000068,PAT-01556,2026-07-05 11:32:28,2026-07-15 01:56:28,ICU,Acute Renal Failure,3,Walk-In,Clear / Mild,88,97,107,66,19,36.9,0,72,9.6,0,,0,4.2,11,6,7,1
ADM-000069,PAT-00821,2026-07-05 11:32:28,2026-07-11 23:32:28,General Surgery,Gastrointestinal Hemorrhage,2,Ambulance,Clear / Mild,112,84,159,110,31,38.0,8,32,6.5,0,,0,5.0,11,6,7,1
ADM-000070,PAT-01059,2026-07-05 11:32:28,2026-07-23 04:20:28,Neurology,Acute Ischemic Stroke,3,Ambulance,Clear / Mild,84,95,146,78,17,36.3,0,80,17.7,0,,0,4.7,11,6,7,1
ADM-000071,PAT-01483,2026-07-05 11:32:28,2026-07-31 18:44:28,General Surgery,Gastrointestinal Hemorrhage,2,Ambulance,Clear / Mild,143,92,114,95,23,38.6,5,48,26.3,0,,0,4.2,11,6,7,1
ADM-000072,PAT-01371,2026-07-05 13:32:28,2026-07-10 11:08:28,General Surgery,Acute Appendicitis / Laparotomy,4,Ambulance,Rain / Storm,48,94,117,76,16,36.5,3,111,4.9,0,,0,4.0,13,6,7,1
ADM-000073,PAT-01347,2026-07-05 13:32:28,2026-07-09 03:56:28,Cardiology,Acute Myocardial Infarction,3,Walk-In,Rain / Storm,90,98,129,78,20,37.0,0,78,3.6,0,,1,4.2,13,6,7,1
ADM-000074,PAT-00621,2026-07-05 13:32:28,2026-07-10 01:32:28,Orthopedics,Multiple Trauma / Fracture,3,Walk-In,Rain / Storm,79,98,123,74,13,36.5,0,96,4.5,0,,0,4.3,13,6,7,1
ADM-000075,PAT-00856,2026-07-05 17:32:28,2026-07-16 03:08:28,ICU,Acute Renal Failure,2,Walk-In,Clear / Mild,145,92,129,71,24,38.2,3,22,10.4,0,,0,5.0,17,6,7,1
ADM-000076,PAT-01867,2026-07-05 17:32:28,2026-07-15 19:56:28,ICU,Diabetic Ketoacidosis (DKA),3,Walk-In,Clear / Mild,101,99,121,76,15,37.3,0,60,10.1,0,,0,4.3,17,6,7,1
ADM-000077,PAT-02080,2026-07-05 17:32:28,2026-07-10 15:08:28,ICU,Diabetic Ketoacidosis (DKA),3,Walk-In,Clear / Mild,71,95,126,77,17,36.6,0,76,4.9,0,,0,5.0,17,6,7,1
ADM-000078,PAT-02459,2026-07-05 17:32:28,2026-08-04 19:56:28,ICU,Sepsis / Septic Shock,1,Ambulance,Clear / Mild,86,91,163,82,28,39.4,14,10,30.1,0,,1,4.2,17,6,7,1
ADM-000079,PAT-01033,2026-07-05 17:32:28,2026-07-09 10:20:28,Orthopedics,Multiple Trauma / Fracture,3,Helicopter EMS,Clear / Mild,66,100,113,67,15,37.6,0,88,3.7,0,,0,3.4,17,6,7,1
ADM-000080,PAT-01587,2026-07-05 19:32:28,2026-07-22 07:32:28,Pulmonology,Severe Pneumonia / ARDS,4,Walk-In,Clear / Mild,97,99,110,77,15,36.9,0,75,16.5,0,,1,5.0,19,6,7,1
ADM-000081,PAT-00851,2026-07-05 19:32:28,2026-07-10 07:32:28,Cardiology,Congestive Heart Failure,3,Physician Referral,Clear / Mild,94,98,131,91,13,36.8,0,98,4.5,0,,0,3.9,19,6,7,1
ADM-000082,PAT-01670,2026-07-05 19:32:28,2026-07-14 17:08:28,Orthopedics,Multiple Trauma / Fracture,3,Ambulance,Clear / Mild,108,95,121,83,16,36.8,0,33,8.9,0,,0,4.3,19,6,7,1
ADM-000083,PAT-01365,2026-07-05 21:32:28,2026-07-17 07:08:28,Pulmonology,Severe Pneumonia / ARDS,5,Ambulance,Clear / Mild,80,99,125,86,15,37.3,0,160,11.4,0,,1,3.6,21,6,7,1
ADM-000084,PAT-02041,2026-07-05 21:32:28,2026-07-12 19:08:28,ICU,Acute Renal Failure,2,Walk-In,Clear / Mild,123,86,136,82,20,40.1,7,37,6.9,0,,0,5.0,21,6,7,1
ADM-000085,PAT-00579,2026-07-05 21:32:28,2026-07-09 21:32:28,Cardiology,Acute Myocardial Infarction,2,Ambulance,Clear / Mild,119,84,135,81,32,38.1,8,58,4.0,0,,1,5.0,21,6,7,1
ADM-000086,PAT-01545,2026-07-05 23:32:28,2026-07-20 21:08:28,Cardiology,Acute Myocardial Infarction,2,Ambulance,Rain / Storm,91,95,179,80,31,38.7,7,42,14.9,0,,0,4.8,23,6,7,1
ADM-000087,PAT-00470,2026-07-06 05:32:28,2026-07-16 22:20:28,Orthopedics,Multiple Trauma / Fracture,5,Walk-In,Clear / Mild,87,99,110,62,17,36.9,0,72,10.7,0,,1,5.0,5,0,7,0
ADM-000088,PAT-00812,2026-07-06 05:32:28,2026-07-16 07:56:28,Neurology,Acute Ischemic Stroke,2,Walk-In,Clear / Mild,136,89,162,99,21,38.8,9,26,10.1,0,,0,5.0,5,0,7,0
ADM-000089,PAT-02451,2026-07-06 07:32:28,2026-07-09 17:08:28,General Surgery,Gastrointestinal Hemorrhage,3,Helicopter EMS,Clear / Mild,67,99,100,72,17,36.5,0,124,3.4,0,,0,3.7,7,0,7,0
ADM-000090,PAT-00367,2026-07-06 07:32:28,2026-07-13 07:32:28,Cardiology,Acute Myocardial Infarction,2,Walk-In,Clear / Mild,122,88,160,92,28,38.0,8,44,7.0,0,,1,4.8,7,0,7,0
ADM-000091,PAT-02412,2026-07-06 09:32:28,2026-07-21 14:20:28,Neurology,Acute Ischemic Stroke,2,Walk-In,Extreme Heat,132,88,161,101,28,37.7,10,38,15.2,0,,1,5.0,9,0,7,0
ADM-000092,PAT-00015,2026-07-06 09:32:28,2026-07-11 23:56:28,Pulmonology,Severe Pneumonia / ARDS,5,Walk-In,Extreme Heat,52,98,152,74,14,36.9,0,135,5.6,0,,1,3.9,9,0,7,0
ADM-000093,PAT-02158,2026-07-06 09:32:28,2026-07-13 14:20:28,ICU,Acute Renal Failure,3,Walk-In,Extreme Heat,86,98,120,81,18,37.1,0,106,7.2,0,,0,3.5,9,0,7,0
ADM-000094,PAT-01373,2026-07-06 11:32:28,2026-07-13 04:20:28,ICU,Diabetic Ketoacidosis (DKA),3,Ambulance,Clear / Mild,76,96,116,79,18,37.0,0,96,6.7,0,,0,3.8,11,0,7,0
ADM-000095,PAT-00208,2026-07-06 11:32:28,2026-07-10 09:08:28,Pediatrics,Pediatric Bronchiolitis / Asthma,4,Walk-In,Clear / Mild,93,97,129,85,18,37.2,0,224,3.9,0,,0,3.0,11,0,7,0
ADM-000096,PAT-00904,2026-07-06 11:32:28,2026-07-25 06:44:28,ICU,Acute Renal Failure,2,Walk-In,Clear / Mild,123,93,146,108,33,37.7,6,31,18.8,0,,1,4.6,11,0,7,0
ADM-000097,PAT-00698,2026-07-06 13:32:28,2026-07-11 08:44:28,ICU,Diabetic Ketoacidosis (DKA),3,Walk-In,Clear / Mild,77,98,102,66,10,37.2,0,75,4.8,0,,0,4.5,13,0,7,0
ADM-000098,PAT-00338,2026-07-06 13:32:28,2026-07-13 06:20:28,ICU,Sepsis / Septic Shock,2,Ambulance,Clear / Mild,118,90,138,72,34,39.5,10,47,6.7,0,,0,4.6,13,0,7,0
ADM-000099,PAT-00274,2026-07-06 13:32:28,2026-07-14 15:56:28,Pulmonology,COPD Exacerbation,5,Ambulance,Clear / Mild,66,100,98,75,16,37.5,0,141,8.1,0,,0,4.1,13,0,7,0
ADM-000100,PAT-01880,2026-07-06 13:32:28,2026-07-13 23:08:28,General Surgery,Gastrointestinal Hemorrhage,3,Ambulance,Clear / Mild,78,97,130,65,15,37.0,0,31,7.4,0,,0,5.0,13,0,7,0
ADM-000101,PAT-00903,2026-07-06 15:32:28,2026-07-16 05:56:28,Cardiology,Congestive Heart Failure,3,Ambulance,Extreme Heat,76,99,122,68,13,36.2,0,78,9.6,0,,1,5.0,15,0,7,0
ADM-000102,PAT-02247,2026-07-06 17:32:28,2026-07-15 03:08:28,Neurology,Acute Ischemic Stroke,3,Ambulance,High Smog / Poor AQI,72,97,137,95,14,37.3,0,96,8.4,0,,1,4.2,17,0,7,0
ADM-000103,PAT-02037,2026-07-06 19:32:28,2026-07-23 09:56:28,Neurology,Acute Ischemic Stroke,3,Ambulance,Clear / Mild,77,98,125,63,16,36.6,0,69,16.6,0,,0,3.8,19,0,7,0
ADM-000104,PAT-02285,2026-07-06 21:32:28,2026-07-08 19:08:28,Pediatrics,Pediatric Bronchiolitis / Asthma,5,Ambulance,Clear / Mild,68,98,103,72,12,37.2,0,98,1.9,0,,0,4.0,21,0,7,0
ADM-000105,PAT-01730,2026-07-06 21:32:28,2026-07-13 04:44:28,Pediatrics,Pediatric Bronchiolitis / Asthma,3,Physician Referral,Clear / Mild,69,97,107,68,14,36.6,0,74,6.3,0,,0,4.3,21,0,7,0
ADM-000106,PAT-01459,2026-07-06 21:32:28,2026-07-21 04:44:28,ICU,Acute Renal Failure,2,Ambulance,Clear / Mild,123,91,140,82,26,38.2,8,38,14.3,0,,1,5.0,21,0,7,0
ADM-000107,PAT-01962,2026-07-06 23:32:28,2026-07-14 09:08:28,General Surgery,Gastrointestinal Hemorrhage,3,Walk-In,Clear / Mild,70,96,110,64,17,35.9,0,116,7.4,0,,0,4.2,23,0,7,0
ADM-000108,PAT-00888,2026-07-07 05:32:28,2026-07-11 19:56:28,Orthopedics,Multiple Trauma / Fracture,5,Walk-In,Clear / Mild,79,96,96,74,15,36.6,0,83,4.6,0,,0,3.8,5,1,7,0
ADM-000109,PAT-01465,2026-07-07 05:32:28,2026-07-17 19:56:28,Cardiology,Acute Myocardial Infarction,2,Ambulance,Clear / Mild,117,90,135,110,20,38.8,7,30,10.6,0,,0,5.0,5,1,7,0
ADM-000110,PAT-00662,2026-07-07 05:32:28,2026-07-10 03:08:28,General Surgery,Acute Appendicitis / Laparotomy,5,Walk-In,Clear / Mild,71,99,102,69,15,37.3,0,140,2.9,0,,0,3.8,5,1,7,0
ADM-000111,PAT-01742,2026-07-07 05:32:28,2026-07-16 19:56:28,Orthopedics,Multiple Trauma / Fracture,3,Walk-In,Clear / Mild,70,96,135,65,19,37.1,0,49,9.6,0,,0,5.0,5,1,7,0
ADM-000112,PAT-00798,2026-07-07 07:32:28,2026-07-10 17:08:28,General Surgery,Acute Appendicitis / Laparotomy,4,Walk-In,Clear / Mild,83,99,106,74,15,36.2,0,100,3.4,0,,0,4.4,7,1,7,0
ADM-000113,PAT-00693,2026-07-07 09:32:28,2026-07-15 21:32:28,ICU,Sepsis / Septic Shock,2,Ambulance,Extreme Heat,98,89,163,91,29,37.8,8,28,8.5,0,,0,5.0,9,1,7,0
ADM-000114,PAT-02203,2026-07-07 09:32:28,2026-07-14 14:20:28,Pediatrics,Pediatric Bronchiolitis / Asthma,3,Walk-In,Extreme Heat,106,97,115,75,17,37.3,0,78,7.2,0,,0,4.1,9,1,7,0
ADM-000115,PAT-02317,2026-07-07 11:32:28,2026-07-11 13:56:28,ICU,Diabetic Ketoacidosis (DKA),2,Walk-In,Extreme Heat,131,86,148,105,27,38.3,8,32,4.1,0,,0,4.7,11,1,7,0
ADM-000116,PAT-01968,2026-07-07 11:32:28,2026-07-13 04:20:28,General Surgery,Acute Appendicitis / Laparotomy,3,Walk-In,Extreme Heat,74,100,127,73,18,37.3,0,4,5.7,0,,0,5.0,11,1,7,0
ADM-000117,PAT-02032,2026-07-07 11:32:28,2026-07-12 06:44:28,Orthopedics,Multiple Trauma / Fracture,3,Walk-In,Extreme Heat,79,98,132,83,15,37.2,0,106,4.8,0,,0,4.0,11,1,7,0
ADM-000118,PAT-02282,2026-07-07 11:32:28,2026-07-13 09:08:28,Pulmonology,COPD Exacerbation,5,Walk-In,Extreme Heat,101,96,140,67,16,36.9,0,96,5.9,0,,0,5.0,11,1,7,0
ADM-000119,PAT-00297,2026-07-07 11:32:28,2026-07-13 16:20:28,General Surgery,Gastrointestinal Hemorrhage,3,Walk-In,Extreme Heat,76,100,109,54,16,37.2,0,57,6.2,0,,0,4.2,11,1,7,0
ADM-000120,PAT-01588,2026-07-07 13:32:28,2026-07-15 01:32:28,Pulmonology,COPD Exacerbation,3,Ambulance,Clear / Mild,83,96,124,84,19,37.2,0,97,7.5,0,,0,4.6,13,1,7,0
ADM-000121,PAT-00570,2026-07-07 13:32:28,2026-07-11 23:08:28,Pediatrics,Pediatric Bronchiolitis / Asthma,5,Ambulance,Clear / Mild,92,96,117,71,16,37.3,0,122,4.4,0,,0,3.6,13,1,7,0
ADM-000122,PAT-00381,2026-07-07 15:32:28,2026-07-13 05:56:28,ICU,Diabetic Ketoacidosis (DKA),2,Walk-In,Clear / Mild,125,88,121,101,21,40.1,7,5,5.6,0,,1,5.0,15,1,7,0
ADM-000123,PAT-01264,2026-07-07 15:32:28,2026-07-12 17:56:28,ICU,Diabetic Ketoacidosis (DKA),2,Walk-In,Clear / Mild,116,89,178,96,22,39.9,9,27,5.1,0,,0,5.0,15,1,7,0
ADM-000124,PAT-00179,2026-07-07 15:32:28,2026-07-14 01:08:28,Cardiology,Acute Myocardial Infarction,3,Walk-In,Clear / Mild,82,98,95,96,18,36.6,0,95,6.4,0,,0,3.7,15,1,7,0
ADM-000125,PAT-00742,2026-07-07 17:32:28,2026-07-13 17:32:28,ICU,Diabetic Ketoacidosis (DKA),3,Ambulance,Rain / Storm,61,98,114,82,15,36.5,0,20,6.0,0,,0,4.8,17,1,7,0
ADM-000126,PAT-01432,2026-07-07 17:32:28,2026-07-29 17:32:28,ICU,Acute Renal Failure,2,Walk-In,Rain / Storm,87,92,147,94,30,39.3,6,58,22.0,0,,1,4.2,17,1,7,0
ADM-000127,PAT-00069,2026-07-07 17:32:28,2026-07-16 12:44:28,ICU,Sepsis / Septic Shock,2,Walk-In,Rain / Storm,128,89,152,90,25,39.8,10,34,8.8,0,,1,5.0,17,1,7,0
ADM-000128,PAT-00615,2026-07-07 17:32:28,2026-07-18 17:32:28,Pulmonology,COPD Exacerbation,4,Walk-In,Rain / Storm,58,96,120,71,14,37.4,0,135,11.0,0,,0,3.7,17,1,7,0
ADM-000129,PAT-00148,2026-07-07 17:32:28,2026-07-10 00:44:28,General Surgery,Acute Appendicitis / Laparotomy,3,Ambulance,Rain / Storm,92,97,114,63,15,36.6,0,78,2.3,0,,0,5.0,17,1,7,0
ADM-000130,PAT-01645,2026-07-07 17:32:28,2026-07-12 17:32:28,ICU,Acute Renal Failure,3,Walk-In,Rain / Storm,64,97,110,79,15,36.9,0,123,5.0,0,,0,4.4,17,1,7,0
ADM-000131,PAT-00664,2026-07-07 17:32:28,2026-07-22 12:44:28,Neurology,Acute Ischemic Stroke,3,Walk-In,Rain / Storm,69,100,144,76,14,36.3,0,47,14.8,0,,1,5.0,17,1,7,0
ADM-000132,PAT-00488,2026-07-07 17:32:28,2026-07-18 07:56:28,ICU,Acute Renal Failure,2,Walk-In,Rain / Storm,157,86,122,96,31,37.6,8,34,10.6,0,,0,5.0,17,1,7,0
ADM-000133,PAT-00802,2026-07-07 21:32:28,2026-07-15 04:44:28,Cardiology,Acute Myocardial Infarction,3,Ambulance,High Smog / Poor AQI,80,96,114,90,16,37.1,0,78,7.3,0,,0,4.6,21,1,7,0
ADM-000134,PAT-01577,2026-07-07 21:32:28,2026-07-14 04:44:28,ICU,Acute Renal Failure,3,Walk-In,High Smog / Poor AQI,68,99,137,69,14,36.7,0,96,6.3,0,,0,5.0,21,1,7,0
ADM-000135,PAT-02352,2026-07-07 21:32:28,2026-07-10 11:56:28,General Surgery,Acute Appendicitis / Laparotomy,3,Walk-In,High Smog / Poor AQI,76,97,105,77,15,36.7,0,89,2.6,0,,0,4.1,21,1,7,0
ADM-000136,PAT-01181,2026-07-07 21:32:28,2026-07-13 04:44:28,Cardiology,Acute Myocardial Infarction,3,Walk-In,High Smog / Poor AQI,78,97,114,78,16,36.8,0,113,5.3,0,,0,3.6,21,1,7,0
ADM-000137,PAT-01135,2026-07-07 23:32:28,2026-07-18 04:20:28,Pulmonology,Severe Pneumonia / ARDS,3,Ambulance,Rain / Storm,84,97,109,67,18,37.1,0,79,10.2,0,,0,4.7,23,1,7,0
ADM-000138,PAT-01672,2026-07-07 23:32:28,2026-07-15 18:44:28,ICU,Acute Renal Failure,3,Walk-In,Rain / Storm,70,96,106,88,15,37.2,0,96,7.8,0,,1,4.1,23,1,7,0
ADM-000139,PAT-01559,2026-07-07 23:32:28,2026-07-17 09:08:28,ICU,Diabetic Ketoacidosis (DKA),3,Ambulance,Rain / Storm,70,100,106,97,14,37.1,0,57,9.4,0,,1,4.6,23,1,7,0
ADM-000140,PAT-01527,2026-07-08 01:32:28,2026-07-21 01:32:28,Neurology,Acute Ischemic Stroke,2,Ambulance,Clear / Mild,87,90,136,117,31,39.8,8,31,13.0,0,,1,4.7,1,2,7,0
ADM-000141,PAT-02249,2026-07-08 03:32:28,2026-07-16 01:08:28,ICU,Diabetic Ketoacidosis (DKA),3,Walk-In,Rain / Storm,79,97,122,53,16,37.0,0,67,7.9,0,,0,5.0,3,2,7,0
ADM-000142,PAT-01097,2026-07-08 05:32:28,2026-07-14 05:32:28,ICU,Diabetic Ketoacidosis (DKA),2,Walk-In,Clear / Mild,117,81,183,90,27,38.6,12,39,6.0,0,,0,5.0,5,2,7,0
ADM-000143,PAT-00937,2026-07-08 05:32:28,2026-07-19 03:08:28,ICU,Acute Renal Failure,3,Walk-In,Clear / Mild,91,97,108,72,15,36.5,0,26,10.9,0,,0,5.0,5,2,7,0
ADM-000144,PAT-01758,2026-07-08 05:32:28,2026-07-19 17:32:28,ICU,Acute Renal Failure,2,Walk-In,Clear / Mild,109,91,147,75,25,38.3,6,53,11.5,0,,0,5.0,5,2,7,0
ADM-000145,PAT-01605,2026-07-08 07:32:28,2026-07-14 12:20:28,Pulmonology,Severe Pneumonia / ARDS,4,Walk-In,Clear / Mild,67,97,115,81,20,36.5,0,131,6.2,0,,1,3.6,7,2,7,0
ADM-000146,PAT-01888,2026-07-08 07:32:28,2026-07-15 19:32:28,General Surgery,Acute Appendicitis / Laparotomy,3,Walk-In,Clear / Mild,81,99,88,56,15,37.2,2,73,7.5,0,,0,3.7,7,2,7,0
ADM-000147,PAT-01191,2026-07-08 09:32:28,2026-07-13 21:32:28,Neurology,Acute Ischemic Stroke,2,Helicopter EMS,Freezing / Snow,103,90,147,77,17,38.5,3,26,5.5,0,,0,4.8,9,2,7,0
ADM-000148,PAT-02499,2026-07-08 09:32:28,2026-07-16 04:44:28,ICU,Diabetic Ketoacidosis (DKA),2,Ambulance,Freezing / Snow,125,93,155,89,26,38.1,6,31,7.8,0,,1,4.2,9,2,7,0
ADM-000149,PAT-00999,2026-07-08 09:32:28,2026-07-15 02:20:28,General Surgery,Gastrointestinal Hemorrhage,2,Ambulance,Freezing / Snow,153,99,123,89,38,38.4,5,48,6.7,0,,0,4.9,9,2,7,0
ADM-000150,PAT-02194,2026-07-08 09:32:28,2026-07-13 21:32:28,Cardiology,Acute Myocardial Infarction,2,Ambulance,Freezing / Snow,152,95,137,88,20,37.7,2,16,5.5,0,,0,4.2,9,2,7,0
ADM-000151,PAT-01308,2026-07-08 09:32:28,2026-07-23 21:32:28,Cardiology,Acute Myocardial Infarction,2,Ambulance,Freezing / Snow,124,95,177,86,22,37.8,4,33,15.5,0,,0,4.1,9,2,7,0
ADM-000152,PAT-02180,2026-07-08 09:32:28,2026-07-11 16:44:28,Pulmonology,Severe Pneumonia / ARDS,3,Walk-In,Freezing / Snow,85,98,128,87,16,37.5,0,75,3.3,0,,0,4.8,9,2,7,0
ADM-000153,PAT-00210,2026-07-08 09:32:28,2026-07-14 14:20:28,General Surgery,Acute Appendicitis / Laparotomy,3,Walk-In,Freezing / Snow,50,96,116,82,14,36.3,0,55,6.2,0,,0,3.8,9,2,7,0
ADM-000154,PAT-02472,2026-07-08 09:32:28,2026-08-03 04:44:28,Neurology,Acute Ischemic Stroke,2,Ambulance,Freezing / Snow,122,93,130,71,19,38.3,3,27,25.8,0,,0,4.1,9,2,7,0
ADM-000155,PAT-02008,2026-07-08 11:32:28,2026-07-21 23:32:28,ICU,Sepsis / Septic Shock,2,Ambulance,Freezing / Snow,103,90,141,96,33,38.9,8,49,13.5,0,,0,5.0,11,2,7,0
ADM-000156,PAT-01415,2026-07-08 11:32:28,2026-07-14 23:32:28,ICU,Acute Renal Failure,3,Ambulance,Freezing / Snow,75,99,100,68,16,36.4,0,63,6.5,0,,1,4.2,11,2,7,0
ADM-000157,PAT-00118,2026-07-08 11:32:28,2026-07-12 06:44:28,Cardiology,Congestive Heart Failure,2,Walk-In,Freezing / Snow,100,92,120,71,22,39.0,3,29,3.8,0,,0,4.9,11,2,7,0
ADM-000158,PAT-00451,2026-07-08 11:32:28,2026-07-16 01:56:28,Pulmonology,COPD Exacerbation,3,Walk-In,Freezing / Snow,57,98,127,74,18,36.3,0,62,7.6,0,,0,5.0,11,2,7,0
ADM-000159,PAT-00020,2026-07-08 11:32:28,2026-07-14 13:56:28,Pulmonology,Severe Pneumonia / ARDS,5,Walk-In,Freezing / Snow,77,97,139,68,14,37.2,0,126,6.1,0,,0,3.5,11,2,7,0
ADM-000160,PAT-02304,2026-07-08 11:32:28,2026-07-28 01:56:28,Cardiology,Congestive Heart Failure,2,Walk-In,Freezing / Snow,110,92,124,104,26,38.8,6,46,19.6,0,,0,4.5,11,2,7,0
ADM-000161,PAT-01901,2026-07-08 13:32:28,2026-07-15 08:44:28,Pediatrics,Pediatric Bronchiolitis / Asthma,3,Ambulance,Clear / Mild,70,98,121,63,14,36.6,0,126,6.8,0,,0,2.8,13,2,7,0
ADM-000162,PAT-00953,2026-07-08 13:32:28,2026-07-15 03:56:28,Neurology,Acute Ischemic Stroke,3,Ambulance,Clear / Mild,57,98,132,80,15,37.0,0,76,6.6,0,,0,4.8,13,2,7,0
ADM-000163,PAT-01355,2026-07-08 13:32:28,2026-07-14 06:20:28,Neurology,Acute Ischemic Stroke,2,Ambulance,Clear / Mild,122,94,137,123,23,38.4,3,38,5.7,0,,0,4.6,13,2,7,0
ADM-000164,PAT-00458,2026-07-08 13:32:28,2026-07-13 15:56:28,ICU,Sepsis / Septic Shock,1,Ambulance,Clear / Mild,108,85,155,107,29,36.5,10,16,5.1,0,,0,5.0,13,2,7,0
ADM-000165,PAT-00684,2026-07-08 13:32:28,2026-07-15 11:08:28,Orthopedics,Multiple Trauma / Fracture,3,Helicopter EMS,Clear / Mild,79,98,112,79,14,36.6,0,82,6.9,0,,0,4.0,13,2,7,0
ADM-000166,PAT-01779,2026-07-08 15:32:28,2026-07-17 05:56:28,ICU,Acute Renal Failure,2,Walk-In,Clear / Mild,139,91,148,104,28,39.5,10,17,8.6,0,,0,5.0,15,2,7,0
ADM-000167,PAT-00455,2026-07-08 15:32:28,2026-07-12 22:44:28,General Surgery,Gastrointestinal Hemorrhage,2,Walk-In,Clear / Mild,108,89,177,87,24,39.9,7,39,4.3,0,,0,4.9,15,2,7,0
ADM-000168,PAT-00789,2026-07-08 15:32:28,2026-07-15 03:32:28,ICU,Diabetic Ketoacidosis (DKA),3,Walk-In,Clear / Mild,77,95,136,71,16,36.8,0,58,6.5,0,,0,4.8,15,2,7,0
ADM-000169,PAT-00329,2026-07-08 15:32:28,2026-07-15 22:44:28,Pulmonology,Severe Pneumonia / ARDS,4,Walk-In,Clear / Mild,91,99,108,86,14,36.7,0,27,7.3,0,,1,4.9,15,2,7,0
ADM-000170,PAT-02473,2026-07-08 15:32:28,2026-07-19 20:20:28,ICU,Acute Renal Failure,2,Walk-In,Clear / Mild,122,89,175,82,25,39.2,12,36,11.2,0,,1,5.0,15,2,7,0
ADM-000171,PAT-01953,2026-07-08 15:32:28,2026-07-13 05:56:28,ICU,Acute Renal Failure,3,Walk-In,Clear / Mild,81,95,119,88,17,36.0,0,62,4.6,0,,0,4.7,15,2,7,0
ADM-000172,PAT-00901,2026-07-08 17:32:28,2026-07-19 12:44:28,General Surgery,Gastrointestinal Hemorrhage,2,Walk-In,Clear / Mild,123,95,158,77,19,37.2,2,31,10.8,0,,0,5.0,17,2,7,0
ADM-000173,PAT-00556,2026-07-08 17:32:28,2026-07-17 00:44:28,General Surgery,Acute Appendicitis / Laparotomy,3,Ambulance,Clear / Mild,88,99,113,67,17,37.0,0,106,8.3,0,,0,4.1,17,2,7,0
ADM-000174,PAT-01812,2026-07-08 19:32:28,2026-07-17 14:44:28,Pulmonology,Severe Pneumonia / ARDS,3,Physician Referral,Clear / Mild,93,99,129,85,17,36.6,0,85,8.8,0,,1,4.7,19,2,7,0
ADM-000175,PAT-01301,2026-07-08 21:32:28,2026-07-13 14:20:28,General Surgery,Acute Appendicitis / Laparotomy,3,Walk-In,Clear / Mild,67,98,121,63,16,36.6,0,43,4.7,0,,0,5.0,21,2,7,0
ADM-000176,PAT-00684,2026-07-08 21:32:28,2026-07-19 04:44:28,Orthopedics,Multiple Trauma / Fracture,3,Walk-In,Clear / Mild,66,97,115,85,19,36.5,0,75,10.3,0,,0,5.0,21,2,7,0
ADM-000177,PAT-00118,2026-07-08 21:32:28,2026-07-11 21:32:28,ICU,Diabetic Ketoacidosis (DKA),2,Walk-In,Clear / Mild,100,84,113,99,24,38.7,5,8,3.0,0,,0,5.0,21,2,7,0
ADM-000178,PAT-00058,2026-07-09 01:32:28,2026-07-11 01:32:28,Pediatrics,Pediatric Bronchiolitis / Asthma,4,Walk-In,Clear / Mild,70,97,118,90,15,36.3,0,131,2.0,0,,0,4.0,1,3,7,0
ADM-000179,PAT-00344,2026-07-09 01:32:28,2026-07-10 20:44:28,Pediatrics,Pediatric Bronchiolitis / Asthma,4,Walk-In,Clear / Mild,101,98,136,91,17,36.8,0,176,1.8,0,,0,3.8,1,3,7,0
ADM-000180,PAT-00963,2026-07-09 01:32:28,2026-07-13 08:44:28,Pediatrics,Pediatric Bronchiolitis / Asthma,4,Physician Referral,Clear / Mild,92,96,133,76,16,36.9,0,130,4.3,0,,0,3.8,1,3,7,0
ADM-000181,PAT-00243,2026-07-09 03:32:28,2026-07-13 05:56:28,Pulmonology,Severe Pneumonia / ARDS,3,Ambulance,Clear / Mild,90,96,123,76,14,37.1,0,29,4.1,0,,0,5.0,3,3,7,0
ADM-000182,PAT-02212,2026-07-09 05:32:28,2026-07-23 12:44:28,ICU,Sepsis / Septic Shock,2,Walk-In,Extreme Heat,112,85,160,86,29,37.5,8,32,14.3,0,,0,5.0,5,3,7,0
ADM-000183,PAT-01716,2026-07-09 05:32:28,2026-07-12 17:32:28,General Surgery,Acute Appendicitis / Laparotomy,3,Ambulance,Extreme Heat,87,97,133,66,18,36.8,0,51,3.5,0,,0,4.5,5,3,7,0
ADM-000184,PAT-00882,2026-07-09 05:32:28,2026-07-19 03:08:28,Pulmonology,Severe Pneumonia / ARDS,4,Ambulance,Extreme Heat,70,96,118,67,19,36.6,0,107,9.9,0,,0,4.5,5,3,7,0
ADM-000185,PAT-02278,2026-07-09 05:32:28,2026-07-14 03:08:28,ICU,Diabetic Ketoacidosis (DKA),3,Walk-In,Extreme Heat,77,99,119,88,18,37.2,0,80,4.9,0,,0,4.2,5,3,7,0
ADM-000186,PAT-01196,2026-07-09 07:32:28,2026-07-23 12:20:28,ICU,Acute Renal Failure,2,Walk-In,Freezing / Snow,118,95,149,113,24,39.1,4,21,14.2,0,,0,5.0,7,3,7,0
ADM-000187,PAT-00993,2026-07-09 07:32:28,2026-07-13 17:08:28,Orthopedics,Multiple Trauma / Fracture,3,Walk-In,Freezing / Snow,64,100,111,71,14,37.3,0,120,4.4,0,,0,3.3,7,3,7,0
ADM-000188,PAT-00973,2026-07-09 09:32:28,2026-07-22 07:08:28,Cardiology,Congestive Heart Failure,2,Walk-In,Clear / Mild,112,94,83,93,25,38.0,8,35,12.9,0,,1,5.0,9,3,7,0
ADM-000189,PAT-01520,2026-07-09 09:32:28,2026-07-19 21:32:28,General Surgery,Acute Appendicitis / Laparotomy,3,Walk-In,Clear / Mild,82,99,112,71,18,37.0,0,51,10.5,0,,0,4.0,9,3,7,0
ADM-000190,PAT-00452,2026-07-09 09:32:28,2026-07-19 04:44:28,General Surgery,Gastrointestinal Hemorrhage,2,Ambulance,Clear / Mild,133,87,82,101,19,36.8,7,28,9.8,0,,0,3.6,9,3,7,0
ADM-000191,PAT-01060,2026-07-09 09:32:28,2026-07-21 21:32:28,Neurology,Acute Ischemic Stroke,3,Walk-In,Clear / Mild,75,100,130,92,13,36.8,0,96,12.5,0,,0,3.4,9,3,7,0
ADM-000192,PAT-01226,2026-07-09 09:32:28,2026-07-16 16:44:28,Neurology,Acute Ischemic Stroke,2,Ambulance,Clear / Mild,129,90,166,103,36,38.1,10,32,7.3,0,,0,4.5,9,3,7,0
ADM-000193,PAT-00347,2026-07-09 09:32:28,2026-07-13 07:08:28,Cardiology,Acute Myocardial Infarction,3,Ambulance,Clear / Mild,95,97,114,73,17,36.7,0,81,3.9,0,,0,4.1,9,3,7,0
ADM-000194,PAT-01982,2026-07-09 11:32:28,2026-07-13 21:08:28,Cardiology,Congestive Heart Failure,3,Walk-In,Clear / Mild,80,96,132,86,17,37.2,0,118,4.4,0,,1,4.7,11,3,7,0
ADM-000195,PAT-00603,2026-07-09 11:32:28,2026-07-17 13:56:28,ICU,Acute Renal Failure,2,Physician Referral,Clear / Mild,134,94,135,83,22,37.1,3,20,8.1,0,,0,4.5,11,3,7,0
ADM-000196,PAT-02478,2026-07-09 11:32:28,2026-07-25 13:56:28,ICU,Sepsis / Septic Shock,1,Ambulance,Clear / Mild,122,91,139,87,26,37.2,12,8,16.1,0,,1,5.0,11,3,7,0
ADM-000197,PAT-01852,2026-07-09 11:32:28,2026-07-20 23:32:28,Neurology,Acute Ischemic Stroke,3,Walk-In,Clear / Mild,73,99,120,83,15,37.4,0,108,11.5,0,,0,4.3,11,3,7,0
ADM-000198,PAT-00342,2026-07-09 13:32:28,2026-07-17 01:32:28,General Surgery,Gastrointestinal Hemorrhage,2,Walk-In,Clear / Mild,96,97,175,94,24,38.6,4,41,7.5,0,,0,5.0,13,3,7,0
ADM-000199,PAT-00638,2026-07-09 13:32:28,2026-08-04 03:56:28,ICU,Sepsis / Septic Shock,1,Ambulance,Clear / Mild,103,89,152,121,25,39.7,12,4,25.6,0,,0,5.0,13,3,7,0
ADM-000200,PAT-01320,2026-07-09 13:32:28,2026-07-13 13:32:28,General Surgery,Acute Appendicitis / Laparotomy,3,Walk-In,Clear / Mild,76,96,127,78,17,36.9,0,49,4.0,0,,0,4.5,13,3,7,0
ADM-000201,PAT-00467,2026-07-09 13:32:28,2026-07-17 06:20:28,Cardiology,Acute Myocardial Infarction,2,Ambulance,Clear / Mild,62,90,138,99,35,40.0,8,44,7.7,0,,0,4.8,13,3,7,0
ADM-000202,PAT-01997,2026-07-09 13:32:28,2026-07-19 11:08:28,Cardiology,Acute Myocardial Infarction,2,Walk-In,Clear / Mild,111,91,136,97,21,39.3,7,24,9.9,0,,0,4.8,13,3,7,0
ADM-000203,PAT-00332,2026-07-09 15:32:28,2026-07-18 05:56:28,Pulmonology,COPD Exacerbation,5,Walk-In,Rain / Storm,75,96,128,70,15,36.9,0,130,8.6,0,,0,4.5,15,3,7,0
ADM-000204,PAT-00210,2026-07-09 15:32:28,2026-07-21 20:20:28,Cardiology,Acute Myocardial Infarction,3,Walk-In,Rain / Storm,86,98,130,87,15,35.5,0,75,12.2,0,,1,4.1,15,3,7,0
ADM-000205,PAT-01546,2026-07-09 15:32:28,2026-07-15 20:20:28,General Surgery,Gastrointestinal Hemorrhage,3,Walk-In,Rain / Storm,73,99,120,59,12,37.0,0,106,6.2,0,,0,4.0,15,3,7,0
ADM-000206,PAT-00141,2026-07-09 15:32:28,2026-07-18 08:20:28,Neurology,Acute Ischemic Stroke,3,Walk-In,Rain / Storm,74,96,114,60,15,36.8,0,113,8.7,0,,0,3.9,15,3,7,0
ADM-000207,PAT-00227,2026-07-09 15:32:28,2026-08-05 10:44:28,ICU,Sepsis / Septic Shock,2,Walk-In,Rain / Storm,104,81,149,99,21,37.8,3,61,26.8,0,,0,5.0,15,3,7,0
ADM-000208,PAT-00974,2026-07-09 17:32:28,2026-07-22 19:56:28,ICU,Acute Renal Failure,3,Walk-In,Clear / Mild,72,99,95,83,14,36.9,0,68,13.1,0,,0,4.4,17,3,7,0
ADM-000209,PAT-00843,2026-07-09 17:32:28,2026-07-14 03:08:28,Pulmonology,Severe Pneumonia / ARDS,3,Ambulance,Clear / Mild,85,97,119,76,14,36.8,0,109,4.4,0,,0,4.0,17,3,7,0
ADM-000210,PAT-00282,2026-07-09 19:32:28,2026-07-19 12:20:28,ICU,Diabetic Ketoacidosis (DKA),3,Walk-In,Clear / Mild,79,98,142,70,15,36.5,0,81,9.7,0,,0,3.7,19,3,7,0
ADM-000211,PAT-02219,2026-07-09 19:32:28,2026-07-25 19:32:28,ICU,Diabetic Ketoacidosis (DKA),2,Walk-In,Clear / Mild,114,86,156,102,25,39.5,10,38,16.0,0,,1,4.5,19,3,7,0
ADM-000212,PAT-02251,2026-07-09 19:32:28,2026-07-20 17:08:28,ICU,Acute Renal Failure,2,Walk-In,Clear / Mild,125,90,121,126,24,38.5,5,31,10.9,0,,1,5.0,19,3,7,0
ADM-000213,PAT-01285,2026-07-09 19:32:28,2026-07-16 07:32:28,Cardiology,Congestive Heart Failure,2,Walk-In,Clear / Mild,105,91,145,97,20,37.7,3,27,6.5,0,,1,4.4,19,3,7,0
ADM-000214,PAT-02235,2026-07-09 19:32:28,2026-07-12 05:08:28,Pulmonology,Severe Pneumonia / ARDS,3,Walk-In,Clear / Mild,74,97,124,78,18,37.8,0,56,2.4,0,,0,5.0,19,3,7,0
ADM-000215,PAT-02241,2026-07-09 19:32:28,2026-07-23 07:32:28,ICU,Sepsis / Septic Shock,1,Ambulance,Clear / Mild,133,83,144,90,28,38.9,14,12,13.5,0,,0,4.9,19,3,7,0
ADM-000216,PAT-00315,2026-07-09 21:32:28,2026-07-30 02:20:28,ICU,Acute Renal Failure,2,Walk-In,Clear / Mild,109,86,190,97,29,37.7,8,29,20.2,0,,0,4.4,21,3,7,0
ADM-000217,PAT-01684,2026-07-09 21:32:28,2026-07-20 16:44:28,Neurology,Acute Ischemic Stroke,2,Walk-In,Clear / Mild,98,89,111,78,29,38.9,8,28,10.8,0,,0,4.9,21,3,7,0
ADM-000218,PAT-00353,2026-07-09 21:32:28,2026-07-23 02:20:28,ICU,Acute Renal Failure,3,Walk-In,Clear / Mild,73,98,134,73,13,36.9,0,48,13.2,0,,1,4.4,21,3,7,0
ADM-000219,PAT-01559,2026-07-09 21:32:28,2026-07-22 14:20:28,Pediatrics,Pediatric Bronchiolitis / Asthma,3,Ambulance,Clear / Mild,87,98,104,79,18,36.6,0,61,12.7,0,,0,5.0,21,3,7,0
ADM-000220,PAT-01255,2026-07-09 21:32:28,2026-08-01 16:44:28,ICU,Acute Renal Failure,2,Walk-In,Clear / Mild,123,92,185,100,23,38.0,5,50,22.8,0,,1,4.9,21,3,7,0
ADM-000221,PAT-00095,2026-07-09 21:32:28,2026-07-14 23:56:28,Pulmonology,COPD Exacerbation,3,Walk-In,Clear / Mild,91,94,143,88,15,37.0,1,41,5.1,0,,0,4.9,21,3,7,0
ADM-000222,PAT-01942,2026-07-09 23:32:28,2026-07-20 23:32:28,Cardiology,Acute Myocardial Infarction,2,Walk-In,Rain / Storm,92,92,147,95,22,39.8,3,50,11.0,0,,0,5.0,23,3,7,0
ADM-000223,PAT-02184,2026-07-10 03:32:28,2026-07-17 01:08:28,Pediatrics,Pediatric Bronchiolitis / Asthma,3,Walk-In,Rain / Storm,87,99,126,65,15,37.2,0,81,6.9,0,,0,4.4,3,4,7,0
ADM-000224,PAT-02168,2026-07-10 03:32:28,2026-07-16 03:32:28,Pulmonology,COPD Exacerbation,3,Walk-In,Rain / Storm,65,97,126,72,15,36.4,0,88,6.0,0,,0,4.9,3,4,7,0
ADM-000225,PAT-01085,2026-07-10 05:32:28,2026-07-19 12:44:28,ICU,Acute Renal Failure,2,Walk-In,Rain / Storm,142,90,161,62,20,39.1,9,16,9.3,0,,0,5.0,5,4,7,0
ADM-000226,PAT-02481,2026-07-10 05:32:28,2026-07-16 03:08:28,General Surgery,Acute Appendicitis / Laparotomy,3,Walk-In,Rain / Storm,97,97,122,79,20,36.0,0,71,5.9,0,,0,4.9,5,4,7,0
ADM-000227,PAT-00471,2026-07-10 05:32:28,2026-07-13 17:32:28,Pediatrics,Pediatric Bronchiolitis / Asthma,3,Walk-In,Rain / Storm,70,97,131,106,17,36.5,0,71,3.5,0,,0,4.3,5,4,7,0
ADM-000228,PAT-01799,2026-07-10 05:32:28,2026-07-13 12:44:28,General Surgery,Acute Appendicitis / Laparotomy,4,Ambulance,Rain / Storm,74,99,104,87,16,36.5,0,100,3.3,0,,0,4.1,5,4,7,0
ADM-000229,PAT-02053,2026-07-10 05:32:28,2026-07-17 10:20:28,ICU,Diabetic Ketoacidosis (DKA),2,Walk-In,Rain / Storm,118,89,153,86,15,40.0,7,54,7.2,0,,0,4.8,5,4,7,0
ADM-000230,PAT-00551,2026-07-10 09:32:28,2026-07-16 14:20:28,General Surgery,Gastrointestinal Hemorrhage,2,Ambulance,Clear / Mild,95,91,175,101,25,38.6,10,39,6.2,0,,0,5.0,9,4,7,0
ADM-000231,PAT-01805,2026-07-10 09:32:28,2026-07-14 16:44:28,ICU,Diabetic Ketoacidosis (DKA),2,Walk-In,Clear / Mild,113,83,173,122,21,39.2,9,29,4.3,0,,0,4.6,9,4,7,0
ADM-000232,PAT-00850,2026-07-10 09:32:28,2026-07-15 16:44:28,General Surgery,Acute Appendicitis / Laparotomy,3,Walk-In,Clear / Mild,71,97,96,72,12,37.0,0,78,5.3,0,,0,4.8,9,4,7,0
ADM-000233,PAT-01958,2026-07-10 09:32:28,2026-07-21 23:56:28,General Surgery,Gastrointestinal Hemorrhage,2,Physician Referral,Clear / Mild,112,92,155,66,30,38.1,6,32,11.6,0,,1,4.4,9,4,7,0
ADM-000234,PAT-00573,2026-07-10 09:32:28,2026-07-16 23:56:28,Neurology,Acute Ischemic Stroke,3,Physician Referral,Clear / Mild,63,98,125,80,16,36.5,0,63,6.6,0,,0,4.6,9,4,7,0
ADM-000235,PAT-01560,2026-07-10 11:32:28,2026-07-16 11:32:28,Cardiology,Congestive Heart Failure,2,Ambulance,Clear / Mild,121,90,152,108,27,39.6,10,42,6.0,0,,0,4.4,11,4,7,0
ADM-000236,PAT-00721,2026-07-10 11:32:28,2026-07-15 04:20:28,General Surgery,Acute Appendicitis / Laparotomy,3,Ambulance,Clear / Mild,65,99,154,77,17,36.8,0,78,4.7,0,,1,4.1,11,4,7,0
ADM-000237,PAT-00453,2026-07-10 11:32:28,2026-07-15 09:08:28,Cardiology,Congestive Heart Failure,3,Walk-In,Clear / Mild,61,100,120,74,17,36.4,0,27,4.9,0,,1,4.7,11,4,7,0
ADM-000238,PAT-01222,2026-07-10 11:32:28,2026-07-31 01:56:28,ICU,Sepsis / Septic Shock,2,Walk-In,Clear / Mild,127,90,153,99,27,37.6,8,35,20.6,0,,1,5.0,11,4,7,0
ADM-000239,PAT-00462,2026-07-10 13:32:28,2026-07-16 01:32:28,Pediatrics,Pediatric Bronchiolitis / Asthma,3,Walk-In,Clear / Mild,63,95,132,91,14,36.1,0,91,5.5,0,,0,4.1,13,4,7,0
ADM-000240,PAT-01703,2026-07-10 13:32:28,2026-07-21 03:56:28,Pulmonology,Severe Pneumonia / ARDS,3,Ambulance,Clear / Mild,85,97,110,83,17,36.7,0,50,10.6,0,,0,4.8,13,4,7,0
ADM-000241,PAT-01545,2026-07-10 13:32:28,2026-07-17 01:32:28,ICU,Diabetic Ketoacidosis (DKA),3,Walk-In,Clear / Mild,78,100,130,73,15,36.6,0,88,6.5,0,,0,4.6,13,4,7,0
ADM-000242,PAT-01979,2026-07-10 13:32:28,2026-07-18 18:20:28,Cardiology,Acute Myocardial Infarction,2,Ambulance,Clear / Mild,137,90,180,105,20,38.3,7,27,8.2,0,,0,5.0,13,4,7,0
ADM-000243,PAT-00116,2026-07-10 15:32:28,2026-07-24 15:32:28,Pulmonology,Severe Pneumonia / ARDS,4,Walk-In,Clear / Mild,79,100,119,67,16,36.0,0,83,14.0,0,,0,4.3,15,4,7,0
ADM-000244,PAT-00934,2026-07-10 15:32:28,2026-07-17 10:44:28,Orthopedics,Multiple Trauma / Fracture,4,Ambulance,Clear / Mild,89,97,119,71,13,36.9,0,120,6.8,0,,1,3.3,15,4,7,0
ADM-000245,PAT-01412,2026-07-10 15:32:28,2026-07-15 03:32:28,Pediatrics,Pediatric Bronchiolitis / Asthma,5,Ambulance,Clear / Mild,84,100,103,61,15,36.8,0,102,4.5,0,,1,4.2,15,4,7,0
ADM-000246,PAT-02433,2026-07-10 15:32:28,2026-07-17 01:08:28,Cardiology,Congestive Heart Failure,3,Walk-In,Clear / Mild,82,99,94,74,16,36.4,2,63,6.4,0,,0,5.0,15,4,7,0
ADM-000247,PAT-02451,2026-07-10 17:32:28,2026-07-16 17:32:28,Neurology,Acute Ischemic Stroke,2,Walk-In,Clear / Mild,84,88,176,89,21,39.1,7,41,6.0,0,,0,4.7,17,4,7,0
ADM-000248,PAT-00595,2026-07-10 19:32:28,2026-07-15 21:56:28,Pediatrics,Pediatric Bronchiolitis / Asthma,3,Walk-In,Clear / Mild,65,97,127,81,17,36.9,0,61,5.1,0,,0,4.4,19,4,7,0
ADM-000249,PAT-02104,2026-07-10 19:32:28,2026-07-27 14:44:28,ICU,Sepsis / Septic Shock,1,Ambulance,Clear / Mild,150,90,146,80,40,37.5,12,12,16.8,0,,1,5.0,19,4,7,0
ADM-000250,PAT-00468,2026-07-10 19:32:28,2026-07-17 12:20:28,General Surgery,Acute Appendicitis / Laparotomy,4,Ambulance,Clear / Mild,89,100,129,68,15,36.9,0,137,6.7,0,,0,4.7,19,4,7,0
ADM-000251,PAT-00219,2026-07-10 19:32:28,2026-07-15 14:44:28,General Surgery,Acute Appendicitis / Laparotomy,3,Walk-In,Clear / Mild,80,99,120,70,17,37.1,0,38,4.8,0,,0,5.0,19,4,7,0
ADM-000252,PAT-02133,2026-07-10 19:32:28,2026-07-25 21:56:28,ICU,Acute Renal Failure,2,Ambulance,Clear / Mild,89,93,162,80,23,38.0,3,34,15.1,0,,0,4.2,19,4,7,0
ADM-000253,PAT-02383,2026-07-10 19:32:28,2026-07-13 12:20:28,Pediatrics,Pediatric Bronchiolitis / Asthma,3,Ambulance,Clear / Mild,73,96,99,96,18,36.5,0,53,2.7,0,,0,4.9,19,4,7,0
ADM-000254,PAT-00553,2026-07-10 19:32:28,2026-08-01 14:44:28,Cardiology,Congestive Heart Failure,2,Walk-In,Clear / Mild,103,94,138,75,29,39.4,6,40,21.8,0,,0,5.0,19,4,7,0
ADM-000255,PAT-01376,2026-07-10 21:32:28,2026-07-14 21:32:28,Orthopedics,Multiple Trauma / Fracture,3,Ambulance,Clear / Mild,68,98,113,83,18,37.0,0,36,4.0,0,,0,5.0,21,4,7,0
ADM-000256,PAT-02190,2026-07-10 21:32:28,2026-07-19 19:08:28,ICU,Acute Renal Failure,2,Physician Referral,Clear / Mild,142,87,173,116,28,37.2,10,40,8.9,0,,0,4.4,21,4,7,0
ADM-000257,PAT-01773,2026-07-10 21:32:28,2026-07-18 02:20:28,Cardiology,Congestive Heart Failure,2,Ambulance,Clear / Mild,119,93,168,97,24,38.1,5,51,7.2,0,,0,5.0,21,4,7,0
ADM-000258,PAT-01284,2026-07-10 21:32:28,2026-07-21 16:44:28,Orthopedics,Multiple Trauma / Fracture,5,Walk-In,Clear / Mild,90,97,110,71,14,36.7,0,143,10.8,0,,0,4.2,21,4,7,0
ADM-000259,PAT-00386,2026-07-10 21:32:28,2026-07-21 23:56:28,ICU,Sepsis / Septic Shock,2,Physician Referral,Clear / Mild,106,88,115,90,25,38.8,8,25,11.1,0,,0,5.0,21,4,7,0
ADM-000260,PAT-00730,2026-07-10 23:32:28,2026-07-19 06:44:28,General Surgery,Gastrointestinal Hemorrhage,3,Walk-In,Clear / Mild,80,98,121,73,16,37.0,0,43,8.3,0,,0,4.0,23,4,7,0
ADM-000261,PAT-00291,2026-07-11 07:32:28,2026-07-17 00:20:28,Cardiology,Congestive Heart Failure,2,Helicopter EMS,Clear / Mild,108,86,143,104,20,38.7,5,25,5.7,0,,0,4.2,7,5,7,1
ADM-000262,PAT-02417,2026-07-11 07:32:28,2026-07-23 12:20:28,ICU,Acute Renal Failure,2,Ambulance,Clear / Mild,148,88,99,66,26,38.9,10,28,12.2,0,,0,5.0,7,5,7,1
ADM-000263,PAT-00683,2026-07-11 07:32:28,2026-07-18 17:08:28,General Surgery,Gastrointestinal Hemorrhage,2,Ambulance,Clear / Mild,108,93,112,81,16,38.2,1,37,7.4,0,,0,4.9,7,5,7,1
ADM-000264,PAT-00054,2026-07-11 07:32:28,2026-07-16 19:32:28,General Surgery,Acute Appendicitis / Laparotomy,3,Physician Referral,Clear / Mild,66,97,101,90,15,36.6,0,77,5.5,0,,0,5.0,7,5,7,1
ADM-000265,PAT-00704,2026-07-11 09:32:28,2026-07-21 09:32:28,Cardiology,Congestive Heart Failure,2,Ambulance,Rain / Storm,111,87,148,119,28,38.4,8,33,10.0,0,,0,4.7,9,5,7,1
ADM-000266,PAT-01727,2026-07-11 09:32:28,2026-07-22 14:20:28,Cardiology,Congestive Heart Failure,3,Walk-In,Rain / Storm,65,99,119,78,14,36.6,0,89,11.2,0,,0,3.8,9,5,7,1
ADM-000267,PAT-02159,2026-07-11 09:32:28,2026-07-22 04:44:28,Pulmonology,COPD Exacerbation,3,Walk-In,Rain / Storm,73,96,152,67,18,36.2,0,46,10.8,0,,0,5.0,9,5,7,1
ADM-000268,PAT-01272,2026-07-11 09:32:28,2026-07-19 16:44:28,General Surgery,Gastrointestinal Hemorrhage,3,Walk-In,Rain / Storm,80,98,110,70,12,36.9,0,68,8.3,0,,0,3.9,9,5,7,1
ADM-000269,PAT-01464,2026-07-11 11:32:28,2026-07-18 11:32:28,General Surgery,Gastrointestinal Hemorrhage,2,Walk-In,Clear / Mild,108,87,133,106,22,38.9,5,32,7.0,0,,0,4.8,11,5,7,1
ADM-000270,PAT-00922,2026-07-11 11:32:28,2026-07-17 01:56:28,Pulmonology,COPD Exacerbation,4,Helicopter EMS,Clear / Mild,63,98,105,86,15,36.7,0,37,5.6,0,,0,5.0,11,5,7,1
ADM-000271,PAT-00961,2026-07-11 11:32:28,2026-07-28 09:08:28,ICU,Acute Renal Failure,2,Ambulance,Clear / Mild,104,82,135,85,26,38.1,6,46,16.9,0,,0,5.0,11,5,7,1
ADM-000272,PAT-00507,2026-07-11 11:32:28,2026-07-21 01:56:28,ICU,Sepsis / Septic Shock,2,Walk-In,Clear / Mild,139,91,150,85,22,37.7,5,27,9.6,0,,0,4.8,11,5,7,1
ADM-000273,PAT-00632,2026-07-11 13:32:28,2026-07-22 13:32:28,ICU,Sepsis / Septic Shock,2,Ambulance,Clear / Mild,110,90,192,78,30,39.5,10,38,11.0,0,,0,4.6,13,5,7,1
ADM-000274,PAT-00434,2026-07-11 13:32:28,2026-07-14 20:44:28,General Surgery,Acute Appendicitis / Laparotomy,4,Walk-In,Clear / Mild,75,97,131,87,14,36.0,0,108,3.3,0,,0,4.0,13,5,7,1
ADM-000275,PAT-00755,2026-07-11 13:32:28,2026-07-17 01:32:28,Pulmonology,COPD Exacerbation,4,Ambulance,Clear / Mild,74,98,143,81,15,36.6,0,132,5.5,0,,0,3.7,13,5,7,1
ADM-000276,PAT-01041,2026-07-11 13:32:28,2026-07-18 06:20:28,General Surgery,Acute Appendicitis / Laparotomy,5,Helicopter EMS,Clear / Mild,77,97,137,95,16,36.8,0,188,6.7,0,,0,3.1,13,5,7,1
ADM-000277,PAT-00436,2026-07-11 13:32:28,2026-07-21 23:08:28,General Surgery,Gastrointestinal Hemorrhage,3,Ambulance,Clear / Mild,79,98,112,74,15,37.2,0,12,10.4,0,,0,5.0,13,5,7,1
ADM-000278,PAT-02221,2026-07-11 15:32:28,2026-07-21 01:08:28,Orthopedics,Multiple Trauma / Fracture,3,Ambulance,Clear / Mild,51,100,116,82,17,37.1,0,129,9.4,0,,0,3.8,15,5,7,1
ADM-000279,PAT-00401,2026-07-11 15:32:28,2026-07-19 08:20:28,Neurology,Acute Ischemic Stroke,3,Ambulance,Clear / Mild,70,95,104,77,14,36.5,0,82,7.7,0,,0,5.0,15,5,7,1
ADM-000280,PAT-01596,2026-07-11 17:32:28,2026-07-20 07:56:28,Neurology,Acute Ischemic Stroke,3,Ambulance,Clear / Mild,72,96,139,83,11,36.5,0,97,8.6,0,,1,3.8,17,5,7,1
ADM-000281,PAT-01927,2026-07-11 17:32:28,2026-07-15 22:20:28,Pediatrics,Pediatric Bronchiolitis / Asthma,3,Ambulance,Clear / Mild,78,95,116,82,15,36.5,0,58,4.2,0,,0,4.8,17,5,7,1
ADM-000282,PAT-00189,2026-07-11 17:32:28,2026-07-24 05:32:28,ICU,Acute Renal Failure,2,Ambulance,Clear / Mild,141,87,151,93,26,38.8,10,54,12.5,0,,0,4.3,17,5,7,1
ADM-000283,PAT-02373,2026-07-11 19:32:28,2026-07-19 21:56:28,ICU,Diabetic Ketoacidosis (DKA),2,Ambulance,Freezing / Snow,100,91,147,102,25,37.2,6,28,8.1,0,,0,5.0,19,5,7,1
ADM-000284,PAT-00132,2026-07-11 19:32:28,2026-07-16 19:32:28,ICU,Diabetic Ketoacidosis (DKA),3,Ambulance,Freezing / Snow,87,96,121,72,17,36.8,0,102,5.0,0,,0,4.5,19,5,7,1
ADM-000285,PAT-00441,2026-07-11 19:32:28,2026-07-17 17:08:28,General Surgery,Acute Appendicitis / Laparotomy,3,Ambulance,Freezing / Snow,81,96,121,73,15,36.7,0,103,5.9,0,,0,3.6,19,5,7,1
ADM-000286,PAT-00381,2026-07-11 19:32:28,2026-07-16 12:20:28,Orthopedics,Multiple Trauma / Fracture,3,Walk-In,Freezing / Snow,80,95,122,95,18,37.5,0,23,4.7,0,,0,5.0,19,5,7,1
ADM-000287,PAT-00884,2026-07-11 19:32:28,2026-07-16 00:20:28,Pediatrics,Pediatric Bronchiolitis / Asthma,3,Physician Referral,Freezing / Snow,70,94,138,91,14,36.7,1,105,4.2,0,,0,3.7,19,5,7,1
ADM-000288,PAT-01959,2026-07-11 19:32:28,2026-07-26 05:08:28,General Surgery,Gastrointestinal Hemorrhage,2,Walk-In,Freezing / Snow,86,91,145,95,28,38.2,6,39,14.4,0,,1,4.9,19,5,7,1
ADM-000289,PAT-01204,2026-07-11 19:32:28,2026-07-25 07:32:28,Cardiology,Acute Myocardial Infarction,3,Walk-In,Freezing / Snow,83,98,104,74,17,36.8,0,69,13.5,0,,1,4.9,19,5,7,1
ADM-000290,PAT-00704,2026-07-11 19:32:28,2026-07-22 12:20:28,ICU,Acute Renal Failure,2,Ambulance,Freezing / Snow,119,87,90,91,24,38.7,9,56,10.7,0,,0,4.6,19,5,7,1
ADM-000291,PAT-02152,2026-07-11 21:32:28,2026-07-22 07:08:28,General Surgery,Gastrointestinal Hemorrhage,2,Ambulance,Rain / Storm,121,89,174,105,24,37.2,7,39,10.4,0,,0,5.0,21,5,7,1
ADM-000292,PAT-01007,2026-07-11 21:32:28,2026-07-28 23:56:28,ICU,Sepsis / Septic Shock,2,Walk-In,Rain / Storm,127,90,183,66,24,39.7,9,42,17.1,0,,1,5.0,21,5,7,1
ADM-000293,PAT-00060,2026-07-11 21:32:28,2026-07-18 11:56:28,Cardiology,Congestive Heart Failure,3,Walk-In,Rain / Storm,90,99,98,75,15,36.2,0,121,6.6,0,,0,3.8,21,5,7,1
ADM-000294,PAT-01189,2026-07-11 21:32:28,2026-07-22 07:08:28,Pulmonology,Severe Pneumonia / ARDS,3,Ambulance,Rain / Storm,80,98,121,71,17,36.2,0,97,10.4,0,,0,4.2,21,5,7,1
ADM-000295,PAT-01109,2026-07-11 21:32:28,2026-07-20 07:08:28,ICU,Sepsis / Septic Shock,2,Ambulance,Rain / Storm,104,92,155,104,26,36.5,4,51,8.4,0,,1,5.0,21,5,7,1
ADM-000296,PAT-01145,2026-07-11 21:32:28,2026-07-28 19:08:28,Neurology,Acute Ischemic Stroke,3,Ambulance,Rain / Storm,35,98,115,68,16,36.7,2,129,16.9,0,,1,4.0,21,5,7,1
ADM-000297,PAT-02462,2026-07-11 21:32:28,2026-07-19 04:44:28,Pulmonology,Severe Pneumonia / ARDS,3,Walk-In,Rain / Storm,71,96,97,65,15,37.4,0,76,7.3,0,,0,4.2,21,5,7,1
ADM-000298,PAT-00373,2026-07-11 21:32:28,2026-07-18 21:32:28,Cardiology,Congestive Heart Failure,3,Walk-In,Rain / Storm,78,99,150,80,16,36.6,0,55,7.0,0,,0,4.5,21,5,7,1
ADM-000299,PAT-01707,2026-07-11 23:32:28,2026-07-23 18:44:28,Pulmonology,Severe Pneumonia / ARDS,3,Ambulance,High Smog / Poor AQI,77,97,122,72,15,36.0,0,72,11.8,0,,0,5.0,23,5,7,1
ADM-000300,PAT-01266,2026-07-11 23:32:28,2026-07-14 04:20:28,General Surgery,Acute Appendicitis / Laparotomy,3,Ambulance,High Smog / Poor AQI,100,98,107,85,16,37.0,0,82,2.2,0,,0,4.2,23,5,7,1
ADM-000301,PAT-00267,2026-07-11 23:32:28,2026-07-26 11:32:28,Neurology,Acute Ischemic Stroke,2,Walk-In,High Smog / Poor AQI,128,82,141,118,22,37.9,5,40,14.5,0,,0,4.7,23,5,7,1
ADM-000302,PAT-00550,2026-07-11 23:32:28,2026-07-15 21:08:28,Pulmonology,Severe Pneumonia / ARDS,4,Physician Referral,High Smog / Poor AQI,75,98,121,76,16,37.2,0,68,3.9,0,,0,4.5,23,5,7,1
ADM-000303,PAT-01580,2026-07-12 05:32:28,2026-07-16 17:32:28,Cardiology,Congestive Heart Failure,3,Ambulance,Extreme Heat,78,95,97,81,15,36.9,0,83,4.5,0,,1,4.4,5,6,7,1
ADM-000304,PAT-00818,2026-07-12 05:32:28,2026-07-20 05:32:28,Pulmonology,COPD Exacerbation,3,Ambulance,Extreme Heat,63,100,103,76,13,37.0,0,49,8.0,0,,1,4.6,5,6,7,1
ADM-000305,PAT-02368,2026-07-12 05:32:28,2026-07-15 12:44:28,Pediatrics,Pediatric Bronchiolitis / Asthma,5,Walk-In,Extreme Heat,78,98,108,65,16,36.7,0,98,3.3,0,,0,4.5,5,6,7,1
ADM-000306,PAT-01566,2026-07-12 07:32:28,2026-07-21 09:56:28,General Surgery,Gastrointestinal Hemorrhage,2,Ambulance,Clear / Mild,121,87,137,83,29,37.3,8,34,9.1,0,,0,5.0,7,6,7,1
ADM-000307,PAT-01735,2026-07-12 07:32:28,2026-07-16 07:32:28,Pediatrics,Pediatric Bronchiolitis / Asthma,3,Walk-In,Clear / Mild,88,96,131,78,19,36.5,0,17,4.0,0,,0,5.0,7,6,7,1
ADM-000308,PAT-01572,2026-07-12 09:32:28,2026-07-18 11:56:28,Cardiology,Congestive Heart Failure,2,Walk-In,Clear / Mild,107,84,156,99,29,39.9,8,5,6.1,0,,1,4.3,9,6,7,1
ADM-000309,PAT-02220,2026-07-12 09:32:28,2026-07-26 11:56:28,Neurology,Acute Ischemic Stroke,3,Walk-In,Clear / Mild,76,94,103,80,16,37.1,1,73,14.1,0,,0,4.1,9,6,7,1
ADM-000310,PAT-00945,2026-07-12 09:32:28,2026-07-21 21:32:28,Pulmonology,Severe Pneumonia / ARDS,3,Ambulance,Clear / Mild,81,98,110,92,12,36.7,0,81,9.5,0,,0,4.0,9,6,7,1
ADM-000311,PAT-01205,2026-07-12 09:32:28,2026-07-21 02:20:28,Cardiology,Acute Myocardial Infarction,2,Ambulance,Clear / Mild,106,88,196,80,17,38.6,7,57,8.7,0,,0,4.8,9,6,7,1
ADM-000312,PAT-00770,2026-07-12 09:32:28,2026-08-01 11:56:28,Pulmonology,Severe Pneumonia / ARDS,3,Walk-In,Clear / Mild,99,95,105,83,13,36.2,0,92,20.1,0,,1,5.0,9,6,7,1
ADM-000313,PAT-02477,2026-07-12 11:32:28,2026-07-22 06:44:28,Neurology,Acute Ischemic Stroke,3,Walk-In,Clear / Mild,67,100,109,55,14,36.7,0,51,9.8,0,,0,5.0,11,6,7,1
ADM-000314,PAT-00420,2026-07-12 11:32:28,2026-07-16 11:32:28,General Surgery,Gastrointestinal Hemorrhage,2,Walk-In,Clear / Mild,135,84,147,91,27,37.8,8,19,4.0,0,,0,4.7,11,6,7,1
ADM-000315,PAT-00153,2026-07-12 11:32:28,2026-07-15 23:32:28,ICU,Diabetic Ketoacidosis (DKA),2,Ambulance,Clear / Mild,93,94,163,118,29,37.4,6,39,3.5,0,,0,5.0,11,6,7,1
ADM-000316,PAT-00720,2026-07-12 11:32:28,2026-07-18 04:20:28,Pulmonology,Severe Pneumonia / ARDS,3,Ambulance,Clear / Mild,72,99,125,65,15,36.7,0,48,5.7,0,,0,4.0,11,6,7,1
ADM-000317,PAT-00548,2026-07-12 11:32:28,2026-07-18 16:20:28,ICU,Diabetic Ketoacidosis (DKA),2,Walk-In,Clear / Mild,92,84,178,88,31,39.7,10,43,6.2,0,,0,5.0,11,6,7,1
ADM-000318,PAT-00089,2026-07-12 13:32:28,2026-07-18 08:44:28,Pediatrics,Pediatric Bronchiolitis / Asthma,5,Walk-In,Clear / Mild,77,95,112,76,13,35.8,0,97,5.8,0,,0,4.1,13,6,7,1
ADM-000319,PAT-02292,2026-07-12 13:32:28,2026-08-04 18:20:28,ICU,Acute Renal Failure,3,Walk-In,Clear / Mild,79,98,120,78,12,36.4,0,54,23.2,0,,0,5.0,13,6,7,1
ADM-000320,PAT-01529,2026-07-12 13:32:28,2026-07-14 23:08:28,Pediatrics,Pediatric Bronchiolitis / Asthma,3,Physician Referral,Clear / Mild,83,98,149,79,13,36.8,0,80,2.4,0,,0,4.7,13,6,7,1
ADM-000321,PAT-00034,2026-07-12 15:32:28,2026-07-19 22:44:28,Neurology,Acute Ischemic Stroke,2,Ambulance,Clear / Mild,107,93,169,84,25,38.0,6,38,7.3,0,,0,5.0,15,6,7,1
ADM-000322,PAT-01729,2026-07-12 15:32:28,2026-07-18 15:32:28,Pulmonology,Severe Pneumonia / ARDS,3,Walk-In,Clear / Mild,93,100,147,96,17,36.7,0,82,6.0,0,,1,4.3,15,6,7,1
ADM-000323,PAT-01927,2026-07-12 15:32:28,2026-07-18 10:44:28,Orthopedics,Multiple Trauma / Fracture,3,Walk-In,Clear / Mild,92,98,135,84,13,36.1,0,67,5.8,0,,0,3.9,15,6,7,1
ADM-000324,PAT-02251,2026-07-12 15:32:28,2026-07-18 17:56:28,ICU,Diabetic Ketoacidosis (DKA),2,Walk-In,Clear / Mild,106,92,139,97,26,39.8,6,29,6.1,0,,0,4.5,15,6,7,1
ADM-000325,PAT-02412,2026-07-12 15:32:28,2026-07-20 13:08:28,Pulmonology,COPD Exacerbation,3,Ambulance,Clear / Mild,61,97,167,86,17,37.1,2,132,7.9,0,,0,3.4,15,6,7,1
ADM-000326,PAT-01126,2026-07-12 17:32:28,2026-07-20 07:56:28,Pulmonology,Severe Pneumonia / ARDS,4,Ambulance,Clear / Mild,52,98,113,92,17,36.9,0,133,7.6,0,,0,4.0,17,6,7,1
ADM-000327,PAT-01546,2026-07-12 17:32:28,2026-07-23 15:08:28,ICU,Diabetic Ketoacidosis (DKA),3,Walk-In,Clear / Mild,101,98,144,72,14,36.8,0,48,10.9,0,,0,5.0,17,6,7,1
ADM-000328,PAT-02374,2026-07-12 17:32:28,2026-07-30 00:44:28,Pulmonology,Severe Pneumonia / ARDS,3,Walk-In,Clear / Mild,81,96,129,85,16,37.3,0,64,17.3,0,,1,4.0,17,6,7,1
ADM-000329,PAT-00092,2026-07-12 17:32:28,2026-07-18 22:20:28,Orthopedics,Multiple Trauma / Fracture,4,Walk-In,Clear / Mild,64,97,108,73,15,37.1,0,139,6.2,0,,0,3.5,17,6,7,1
ADM-000330,PAT-00337,2026-07-12 19:32:28,2026-07-19 12:20:28,Cardiology,Congestive Heart Failure,2,Ambulance,Clear / Mild,153,93,159,106,25,38.3,6,15,6.7,0,,0,5.0,19,6,7,1
ADM-000331,PAT-01068,2026-07-12 19:32:28,2026-07-25 02:44:28,General Surgery,Gastrointestinal Hemorrhage,3,Walk-In,Clear / Mild,76,97,114,79,15,36.6,0,32,12.3,0,,0,4.6,19,6,7,1
ADM-000332,PAT-01968,2026-07-12 19:32:28,2026-07-18 14:44:28,Pulmonology,COPD Exacerbation,3,Ambulance,Clear / Mild,71,98,149,72,13,36.5,0,24,5.8,0,,1,5.0,19,6,7,1
ADM-000333,PAT-01388,2026-07-12 19:32:28,2026-07-28 07:32:28,Cardiology,Congestive Heart Failure,2,Walk-In,Clear / Mild,132,93,145,122,24,38.5,3,42,15.5,0,,0,5.0,19,6,7,1
ADM-000334,PAT-00393,2026-07-12 19:32:28,2026-07-15 09:56:28,Orthopedics,Multiple Trauma / Fracture,3,Walk-In,Clear / Mild,78,99,103,84,16,37.3,0,89,2.6,0,,0,3.9,19,6,7,1
ADM-000335,PAT-00741,2026-07-12 19:32:28,2026-07-20 00:20:28,Neurology,Acute Ischemic Stroke,2,Walk-In,Clear / Mild,149,99,188,100,37,38.9,9,47,7.2,0,,0,4.4,19,6,7,1
ADM-000336,PAT-01782,2026-07-12 21:32:28,2026-07-15 11:56:28,Pediatrics,Pediatric Bronchiolitis / Asthma,4,Walk-In,Clear / Mild,84,98,123,70,19,36.4,0,118,2.6,0,,0,4.6,21,6,7,1
ADM-000337,PAT-01140,2026-07-12 21:32:28,2026-07-23 19:08:28,Pulmonology,COPD Exacerbation,4,Walk-In,Clear / Mild,72,97,122,73,16,37.4,0,151,10.9,0,,0,2.9,21,6,7,1
ADM-000338,PAT-01676,2026-07-12 21:32:28,2026-07-17 14:20:28,Orthopedics,Multiple Trauma / Fracture,5,Ambulance,Clear / Mild,76,97,132,78,16,37.0,0,92,4.7,0,,0,4.4,21,6,7,1
ADM-000339,PAT-01985,2026-07-12 21:32:28,2026-07-22 19:08:28,Pulmonology,COPD Exacerbation,3,Walk-In,Clear / Mild,97,100,131,80,17,36.4,0,93,9.9,0,,0,4.3,21,6,7,1
ADM-000340,PAT-01083,2026-07-12 21:32:28,2026-07-24 21:32:28,ICU,Sepsis / Septic Shock,2,Walk-In,Clear / Mild,104,88,107,77,27,37.7,6,26,12.0,0,,0,5.0,21,6,7,1
ADM-000341,PAT-02408,2026-07-12 23:32:28,2026-07-27 21:08:28,ICU,Sepsis / Septic Shock,2,Ambulance,Rain / Storm,90,88,131,106,28,37.4,6,25,14.9,0,,1,5.0,23,6,7,1
ADM-000342,PAT-00533,2026-07-13 01:32:28,2026-07-17 23:08:28,Pulmonology,COPD Exacerbation,3,Ambulance,High Smog / Poor AQI,74,98,147,68,17,36.3,0,54,4.9,0,,0,4.1,1,0,7,0
ADM-000343,PAT-02208,2026-07-13 01:32:28,2026-07-23 23:08:28,Pulmonology,COPD Exacerbation,5,Physician Referral,High Smog / Poor AQI,44,99,92,76,18,37.7,4,121,10.9,0,,0,3.7,1,0,7,0
ADM-000344,PAT-00707,2026-07-13 01:32:28,2026-07-21 23:08:28,Orthopedics,Multiple Trauma / Fracture,5,Walk-In,High Smog / Poor AQI,88,97,113,71,15,36.9,0,59,8.9,0,,0,4.4,1,0,7,0
ADM-000345,PAT-01685,2026-07-13 03:32:28,2026-07-21 17:56:28,Neurology,Acute Ischemic Stroke,2,Walk-In,Clear / Mild,87,90,105,106,19,37.0,3,16,8.6,0,,0,5.0,3,0,7,0
ADM-000346,PAT-02291,2026-07-13 05:32:28,2026-07-24 15:08:28,Cardiology,Acute Myocardial Infarction,3,Walk-In,Rain / Storm,62,98,118,76,13,37.4,0,119,11.4,0,,0,4.4,5,0,7,0
ADM-000347,PAT-00905,2026-07-13 05:32:28,2026-07-25 12:44:28,Cardiology,Acute Myocardial Infarction,3,Walk-In,Rain / Storm,57,100,121,71,16,37.3,0,100,12.3,0,,0,4.1,5,0,7,0
ADM-000348,PAT-00579,2026-07-13 05:32:28,2026-07-18 05:32:28,General Surgery,Acute Appendicitis / Laparotomy,4,Walk-In,Rain / Storm,65,96,135,53,15,36.2,0,173,5.0,0,,0,3.0,5,0,7,0
ADM-000349,PAT-00854,2026-07-13 05:32:28,2026-07-25 05:32:28,Cardiology,Acute Myocardial Infarction,3,Ambulance,Rain / Storm,71,96,154,94,13,37.4,0,67,12.0,0,,0,4.4,5,0,7,0
ADM-000350,PAT-02006,2026-07-13 09:32:28,2026-07-16 21:32:28,General Surgery,Acute Appendicitis / Laparotomy,3,Walk-In,Freezing / Snow,74,100,122,73,10,37.0,0,78,3.5,0,,0,4.8,9,0,7,0
ADM-000351,PAT-00886,2026-07-13 09:32:28,2026-07-23 04:44:28,Orthopedics,Multiple Trauma / Fracture,3,Walk-In,Freezing / Snow,80,99,111,70,15,37.3,0,30,9.8,0,,0,5.0,9,0,7,0
ADM-000352,PAT-01731,2026-07-13 09:32:28,2026-07-28 16:44:28,Neurology,Acute Ischemic Stroke,2,Ambulance,Freezing / Snow,75,93,125,118,20,37.7,1,34,15.3,0,,1,5.0,9,0,7,0
ADM-000353,PAT-02438,2026-07-13 09:32:28,2026-07-23 19:08:28,Pulmonology,Severe Pneumonia / ARDS,3,Ambulance,Freezing / Snow,82,98,127,74,17,37.4,0,92,10.4,0,,0,3.6,9,0,7,0
ADM-000354,PAT-01002,2026-07-13 09:32:28,2026-07-28 11:56:28,Neurology,Acute Ischemic Stroke,2,Walk-In,Freezing / Snow,98,82,178,62,23,39.0,7,24,15.1,0,,0,5.0,9,0,7,0
ADM-000355,PAT-00804,2026-07-13 09:32:28,2026-07-18 16:44:28,Neurology,Acute Ischemic Stroke,2,Ambulance,Freezing / Snow,124,86,158,95,26,37.9,8,30,5.3,0,,1,5.0,9,0,7,0
ADM-000356,PAT-00196,2026-07-13 09:32:28,2026-07-18 04:44:28,General Surgery,Acute Appendicitis / Laparotomy,5,Ambulance,Freezing / Snow,81,96,116,99,14,36.8,0,135,4.8,0,,0,3.5,9,0,7,0
ADM-000357,PAT-01464,2026-07-13 11:32:28,2026-07-16 18:44:28,General Surgery,Acute Appendicitis / Laparotomy,3,Walk-In,Clear / Mild,89,99,113,72,13,37.1,0,77,3.3,0,,0,5.0,11,0,7,0
ADM-000358,PAT-00557,2026-07-13 11:32:28,2026-07-19 01:56:28,Orthopedics,Multiple Trauma / Fracture,3,Walk-In,Clear / Mild,95,98,128,67,17,36.4,0,66,5.6,0,,0,4.0,11,0,7,0
ADM-000359,PAT-00169,2026-07-13 11:32:28,2026-07-18 21:08:28,ICU,Diabetic Ketoacidosis (DKA),3,Helicopter EMS,Clear / Mild,75,95,135,88,12,37.2,0,65,5.4,0,,0,4.2,11,0,7,0
ADM-000360,PAT-02480,2026-07-13 11:32:28,2026-07-18 04:20:28,General Surgery,Acute Appendicitis / Laparotomy,4,Walk-In,Clear / Mild,78,97,138,66,17,37.2,0,155,4.7,0,,0,3.8,11,0,7,0
ADM-000361,PAT-01534,2026-07-13 11:32:28,2026-07-15 21:08:28,Pediatrics,Pediatric Bronchiolitis / Asthma,3,Walk-In,Clear / Mild,89,97,139,77,15,37.3,0,136,2.4,0,,0,3.5,11,0,7,0
ADM-000362,PAT-01169,2026-07-13 11:32:28,2026-07-18 16:20:28,ICU,Diabetic Ketoacidosis (DKA),3,Walk-In,Clear / Mild,85,100,123,89,13,36.6,0,37,5.2,0,,0,4.8,11,0,7,0
ADM-000363,PAT-01883,2026-07-13 13:32:28,2026-07-24 15:56:28,Pulmonology,Severe Pneumonia / ARDS,5,Ambulance,Clear / Mild,81,97,135,83,12,36.4,0,101,11.1,0,,0,4.1,13,0,7,0
ADM-000364,PAT-00984,2026-07-13 13:32:28,2026-07-20 08:44:28,General Surgery,Acute Appendicitis / Laparotomy,3,Walk-In,Clear / Mild,87,97,117,72,12,36.1,0,33,6.8,0,,0,5.0,13,0,7,0
ADM-000365,PAT-00103,2026-07-13 13:32:28,2026-07-19 18:20:28,Pulmonology,Severe Pneumonia / ARDS,5,Walk-In,Clear / Mild,88,98,130,65,12,37.3,0,186,6.2,0,,0,2.1,13,0,7,0
ADM-000366,PAT-01726,2026-07-13 13:32:28,2026-07-19 13:32:28,General Surgery,Acute Appendicitis / Laparotomy,3,Walk-In,Clear / Mild,72,98,112,81,16,37.6,0,71,6.0,0,,0,3.8,13,0,7,0
ADM-000367,PAT-00362,2026-07-13 15:32:28,2026-07-20 01:08:28,Cardiology,Congestive Heart Failure,2,Walk-In,Clear / Mild,108,89,162,111,25,37.3,8,60,6.4,0,,1,5.0,15,0,7,0
ADM-000368,PAT-00852,2026-07-13 15:32:28,2026-07-17 13:08:28,Cardiology,Acute Myocardial Infarction,3,Walk-In,Clear / Mild,77,95,112,69,17,36.8,0,94,3.9,0,,1,3.6,15,0,7,0
ADM-000369,PAT-00191,2026-07-13 15:32:28,2026-07-15 08:20:28,Pediatrics,Pediatric Bronchiolitis / Asthma,5,Ambulance,Clear / Mild,81,96,116,82,17,37.3,0,156,1.7,0,,0,3.4,15,0,7,0
ADM-000370,PAT-01527,2026-07-13 15:32:28,2026-07-26 17:56:28,Orthopedics,Multiple Trauma / Fracture,3,Walk-In,Clear / Mild,80,98,120,61,16,36.9,0,83,13.1,0,,0,4.0,15,0,7,0
ADM-000371,PAT-01079,2026-07-13 17:32:28,2026-07-21 15:08:28,Pulmonology,COPD Exacerbation,3,Physician Referral,Clear / Mild,64,96,140,79,14,37.0,0,87,7.9,0,,0,3.9,17,0,7,0
ADM-000372,PAT-01732,2026-07-13 17:32:28,2026-07-25 12:44:28,Pulmonology,COPD Exacerbation,3,Physician Referral,Clear / Mild,72,97,85,64,13,36.9,2,114,11.8,0,,0,3.8,17,0,7,0
ADM-000373,PAT-00534,2026-07-13 17:32:28,2026-07-18 19:56:28,Orthopedics,Multiple Trauma / Fracture,3,Walk-In,Clear / Mild,84,98,95,76,13,37.2,0,39,5.1,0,,0,5.0,17,0,7,0
ADM-000374,PAT-00056,2026-07-13 19:32:28,2026-07-21 09:56:28,Cardiology,Acute Myocardial Infarction,2,Walk-In,Freezing / Snow,109,80,160,90,30,37.5,6,23,7.6,0,,0,4.8,19,0,7,0
ADM-000375,PAT-00288,2026-07-13 21:32:28,2026-07-18 14:20:28,Cardiology,Acute Myocardial Infarction,3,Ambulance,Rain / Storm,75,98,105,85,14,36.6,0,65,4.7,0,,0,4.9,21,0,7,0
ADM-000376,PAT-01482,2026-07-13 21:32:28,2026-07-22 07:08:28,Orthopedics,Multiple Trauma / Fracture,3,Ambulance,Rain / Storm,74,98,88,61,17,37.2,2,57,8.4,0,,0,4.2,21,0,7,0
ADM-000377,PAT-02056,2026-07-13 21:32:28,2026-07-16 21:32:28,Pediatrics,Pediatric Bronchiolitis / Asthma,4,Walk-In,Rain / Storm,86,94,109,75,17,37.8,1,109,3.0,0,,0,3.9,21,0,7,0
ADM-000378,PAT-00330,2026-07-13 21:32:28,2026-07-26 16:44:28,Cardiology,Congestive Heart Failure,2,Ambulance,Rain / Storm,141,90,130,107,29,37.6,8,17,12.8,0,,1,5.0,21,0,7,0
ADM-000379,PAT-00881,2026-07-13 21:32:28,2026-07-26 11:56:28,General Surgery,Gastrointestinal Hemorrhage,3,Ambulance,Rain / Storm,77,97,139,67,16,36.3,0,101,12.6,0,,0,4.7,21,0,7,0
ADM-000380,PAT-01256,2026-07-14 01:32:28,2026-07-18 23:08:28,General Surgery,Acute Appendicitis / Laparotomy,3,Physician Referral,Clear / Mild,69,99,99,68,18,37.0,0,68,4.9,0,,0,5.0,1,1,7,0
ADM-000381,PAT-01673,2026-07-14 01:32:28,2026-07-22 20:44:28,ICU,Diabetic Ketoacidosis (DKA),2,Walk-In,Clear / Mild,84,84,173,69,25,39.3,10,35,8.8,0,,0,5.0,1,1,7,0
ADM-000382,PAT-02391,2026-07-14 01:32:28,2026-07-20 06:20:28,Orthopedics,Multiple Trauma / Fracture,3,Ambulance,Clear / Mild,80,98,112,81,18,36.7,0,75,6.2,0,,0,4.5,1,1,7,0
ADM-000383,PAT-00604,2026-07-14 03:32:28,2026-07-26 17:56:28,General Surgery,Gastrointestinal Hemorrhage,3,Ambulance,Clear / Mild,71,96,125,53,12,36.7,0,50,12.6,0,,0,4.8,3,1,7,0
ADM-000384,PAT-01511,2026-07-14 03:32:28,2026-07-18 15:32:28,Orthopedics,Multiple Trauma / Fracture,3,Ambulance,Clear / Mild,68,98,130,77,18,37.0,0,65,4.5,0,,0,4.2,3,1,7,0
ADM-000385,PAT-00278,2026-07-14 05:32:28,2026-07-25 03:08:28,Pulmonology,Severe Pneumonia / ARDS,4,Ambulance,Clear / Mild,86,100,117,90,15,37.4,0,115,10.9,0,,0,4.0,5,1,7,0
ADM-000386,PAT-00740,2026-07-14 07:32:28,2026-07-19 09:56:28,Pediatrics,Pediatric Bronchiolitis / Asthma,4,Walk-In,Clear / Mild,77,99,130,77,14,37.2,0,149,5.1,0,,0,3.8,7,1,7,0
ADM-000387,PAT-00072,2026-07-14 07:32:28,2026-07-23 12:20:28,Pulmonology,COPD Exacerbation,3,Walk-In,Clear / Mild,64,96,112,78,16,36.6,0,38,9.2,0,,1,4.7,7,1,7,0
ADM-000388,PAT-02192,2026-07-14 07:32:28,2026-07-28 21:56:28,Orthopedics,Multiple Trauma / Fracture,3,Walk-In,Clear / Mild,43,97,143,82,18,36.0,2,61,14.6,0,,0,4.0,7,1,7,0
ADM-000389,PAT-01453,2026-07-14 07:32:28,2026-08-01 21:56:28,Cardiology,Congestive Heart Failure,2,Walk-In,Clear / Mild,97,88,161,73,28,36.3,8,41,18.6,0,,0,5.0,7,1,7,0
ADM-000390,PAT-01985,2026-07-14 09:32:28,2026-07-23 16:44:28,Pulmonology,Severe Pneumonia / ARDS,3,Walk-In,Clear / Mild,80,99,135,66,20,37.1,0,48,9.3,0,,0,4.8,9,1,7,0
ADM-000391,PAT-00370,2026-07-14 09:32:28,2026-07-28 11:56:28,Pulmonology,Severe Pneumonia / ARDS,3,Ambulance,Clear / Mild,60,97,88,79,16,36.8,2,103,14.1,0,,0,3.8,9,1,7,0
ADM-000392,PAT-01070,2026-07-14 09:32:28,2026-07-20 09:32:28,General Surgery,Acute Appendicitis / Laparotomy,3,Walk-In,Clear / Mild,95,97,128,63,16,36.6,0,21,6.0,0,,0,4.8,9,1,7,0
ADM-000393,PAT-00770,2026-07-14 09:32:28,2026-07-25 23:56:28,Pulmonology,COPD Exacerbation,4,Walk-In,Clear / Mild,82,96,116,77,13,37.5,0,88,11.6,0,,1,3.9,9,1,7,0
ADM-000394,PAT-00682,2026-07-14 09:32:28,2026-07-17 16:44:28,General Surgery,Gastrointestinal Hemorrhage,2,Walk-In,Clear / Mild,150,92,129,109,27,38.6,8,26,3.3,0,,0,4.9,9,1,7,0
ADM-000395,PAT-01464,2026-07-14 09:32:28,2026-07-21 14:20:28,Cardiology,Congestive Heart Failure,2,Ambulance,Clear / Mild,108,97,121,115,25,38.6,5,25,7.2,0,,0,5.0,9,1,7,0
ADM-000396,PAT-01695,2026-07-14 11:32:28,2026-07-21 13:56:28,Pulmonology,Severe Pneumonia / ARDS,5,Ambulance,Extreme Heat,66,96,118,81,17,36.9,0,93,7.1,0,,0,3.9,11,1,7,0
ADM-000397,PAT-00392,2026-07-14 11:32:28,2026-07-29 13:56:28,Neurology,Acute Ischemic Stroke,2,Walk-In,Extreme Heat,134,93,152,81,22,38.0,3,39,15.1,0,,0,4.8,11,1,7,0
ADM-000398,PAT-02071,2026-07-14 11:32:28,2026-08-03 16:20:28,ICU,Acute Renal Failure,2,Walk-In,Extreme Heat,117,90,155,86,21,37.0,5,38,20.2,0,,0,4.6,11,1,7,0
ADM-000399,PAT-00802,2026-07-14 11:32:28,2026-07-19 09:08:28,Pulmonology,Severe Pneumonia / ARDS,5,Physician Referral,Extreme Heat,75,98,129,68,17,37.3,0,139,4.9,0,,0,3.1,11,1,7,0
ADM-000400,PAT-02190,2026-07-14 11:32:28,2026-07-31 09:08:28,Cardiology,Congestive Heart Failure,2,Physician Referral,Extreme Heat,115,81,118,90,20,38.1,5,24,16.9,0,,0,5.0,11,1,7,0
ADM-000401,PAT-01494,2026-07-14 13:32:28,2026-07-25 18:20:28,ICU,Acute Renal Failure,2,Walk-In,Rain / Storm,82,91,177,92,34,39.1,10,52,11.2,0,,0,5.0,13,1,7,0
ADM-000402,PAT-01343,2026-07-14 13:32:28,2026-07-22 03:56:28,Pulmonology,COPD Exacerbation,5,Ambulance,Rain / Storm,48,97,138,70,15,36.4,2,165,7.6,0,,1,4.2,13,1,7,0
ADM-000403,PAT-02365,2026-07-14 13:32:28,2026-07-20 13:32:28,ICU,Diabetic Ketoacidosis (DKA),2,Helicopter EMS,Rain / Storm,120,87,166,101,30,38.7,12,55,6.0,0,,0,5.0,13,1,7,0
ADM-000404,PAT-00312,2026-07-14 13:32:28,2026-07-25 03:56:28,ICU,Sepsis / Septic Shock,2,Ambulance,Rain / Storm,110,83,116,79,21,37.6,3,22,10.6,0,,1,5.0,13,1,7,0
ADM-000405,PAT-01479,2026-07-14 13:32:28,2026-07-20 11:08:28,ICU,Diabetic Ketoacidosis (DKA),3,Physician Referral,Rain / Storm,88,96,118,81,12,35.8,0,61,5.9,0,,1,4.8,13,1,7,0
ADM-000406,PAT-00729,2026-07-14 15:32:28,2026-07-24 20:20:28,Neurology,Acute Ischemic Stroke,2,Physician Referral,Clear / Mild,114,91,192,64,28,40.1,12,41,10.2,0,,1,5.0,15,1,7,0
ADM-000407,PAT-00903,2026-07-14 15:32:28,2026-07-22 20:20:28,Pulmonology,Severe Pneumonia / ARDS,4,Physician Referral,Clear / Mild,77,98,90,67,13,37.1,2,189,8.2,0,,1,3.5,15,1,7,0
ADM-000408,PAT-00169,2026-07-14 15:32:28,2026-07-23 20:20:28,General Surgery,Gastrointestinal Hemorrhage,2,Walk-In,Clear / Mild,115,94,152,94,24,38.9,5,38,9.2,0,,0,4.7,15,1,7,0
ADM-000409,PAT-01578,2026-07-14 17:32:28,2026-07-24 05:32:28,Neurology,Acute Ischemic Stroke,2,Ambulance,Extreme Heat,127,92,205,81,31,38.7,10,15,9.5,0,,0,4.4,17,1,7,0
ADM-000410,PAT-00709,2026-07-14 17:32:28,2026-07-22 19:56:28,Pulmonology,Severe Pneumonia / ARDS,5,Walk-In,Extreme Heat,57,94,97,80,15,36.6,1,96,8.1,0,,0,3.9,17,1,7,0
ADM-000411,PAT-01516,2026-07-14 17:32:28,2026-07-17 03:08:28,Pediatrics,Pediatric Bronchiolitis / Asthma,3,Ambulance,Extreme Heat,56,99,145,57,15,36.6,0,37,2.4,0,,0,4.9,17,1,7,0
ADM-000412,PAT-00214,2026-07-14 17:32:28,2026-07-18 05:32:28,Pediatrics,Pediatric Bronchiolitis / Asthma,4,Walk-In,Extreme Heat,76,100,120,93,17,36.6,0,162,3.5,0,,1,3.0,17,1,7,0
ADM-000413,PAT-01935,2026-07-14 19:32:28,2026-07-31 21:56:28,Neurology,Acute Ischemic Stroke,2,Physician Referral,Clear / Mild,125,86,124,95,27,37.5,8,32,17.1,0,,1,5.0,19,1,7,0
ADM-000414,PAT-01645,2026-07-14 19:32:28,2026-07-19 21:56:28,Cardiology,Congestive Heart Failure,2,Walk-In,Clear / Mild,113,87,138,120,21,40.4,7,13,5.1,0,,0,5.0,19,1,7,0
ADM-000415,PAT-01460,2026-07-14 19:32:28,2026-07-23 00:20:28,Pulmonology,COPD Exacerbation,3,Walk-In,Clear / Mild,108,96,106,71,16,36.1,0,77,8.2,0,,1,4.4,19,1,7,0
ADM-000416,PAT-00916,2026-07-14 19:32:28,2026-07-24 17:08:28,Cardiology,Acute Myocardial Infarction,2,Ambulance,Clear / Mild,112,87,173,82,35,39.9,12,55,9.9,0,,1,4.8,19,1,7,0
ADM-000417,PAT-02183,2026-07-14 21:32:28,2026-07-23 04:44:28,Cardiology,Congestive Heart Failure,3,Walk-In,Clear / Mild,69,100,113,67,14,36.6,0,101,8.3,0,,1,3.7,21,1,7,0
ADM-000418,PAT-01669,2026-07-14 21:32:28,2026-07-19 14:20:28,Pulmonology,COPD Exacerbation,4,Walk-In,Clear / Mild,67,97,124,93,19,36.2,0,155,4.7,0,,0,2.5,21,1,7,0
ADM-000419,PAT-01310,2026-07-14 21:32:28,2026-07-18 14:20:28,General Surgery,Acute Appendicitis / Laparotomy,3,Ambulance,Clear / Mild,63,98,125,70,14,36.5,0,75,3.7,0,,0,4.3,21,1,7,0
ADM-000420,PAT-01252,2026-07-14 21:32:28,2026-07-21 04:44:28,Pulmonology,COPD Exacerbation,5,Walk-In,Clear / Mild,70,97,121,80,20,37.0,0,142,6.3,0,,0,3.9,21,1,7,0
ADM-000421,PAT-02421,2026-07-15 01:32:28,2026-07-21 13:32:28,Cardiology,Congestive Heart Failure,2,Physician Referral,Clear / Mild,80,95,135,110,31,37.4,3,24,6.5,0,,0,4.6,1,2,7,0
ADM-000422,PAT-01398,2026-07-15 03:32:28,2026-07-31 15:32:28,ICU,Sepsis / Septic Shock,1,Ambulance,Clear / Mild,123,88,193,79,24,37.5,11,28,16.5,0,,0,5.0,3,2,7,0
ADM-000423,PAT-00422,2026-07-15 03:32:28,2026-07-25 03:32:28,Cardiology,Acute Myocardial Infarction,2,Walk-In,Clear / Mild,115,83,145,110,24,38.1,5,54,10.0,0,,0,5.0,3,2,7,0
ADM-000424,PAT-01559,2026-07-15 05:32:28,2026-08-04 10:20:28,General Surgery,Gastrointestinal Hemorrhage,3,Walk-In,Clear / Mild,55,97,118,87,13,36.4,0,66,20.2,0,,0,3.8,5,2,7,0
ADM-000425,PAT-02157,2026-07-15 05:32:28,2026-07-20 12:44:28,ICU,Acute Renal Failure,2,Ambulance,Clear / Mild,146,87,168,94,26,37.9,10,24,5.3,0,,1,5.0,5,2,7,0
ADM-000426,PAT-00506,2026-07-15 05:32:28,2026-07-21 12:44:28,Orthopedics,Multiple Trauma / Fracture,4,Walk-In,Clear / Mild,70,97,130,80,16,36.5,0,126,6.3,0,,0,4.8,5,2,7,0
ADM-000427,PAT-02045,2026-07-15 09:32:28,2026-07-25 21:32:28,Pulmonology,COPD Exacerbation,5,Walk-In,Rain / Storm,94,98,126,87,19,36.0,0,200,10.5,0,,0,2.2,9,2,7,0
ADM-000428,PAT-01561,2026-07-15 09:32:28,2026-07-18 23:56:28,Pediatrics,Pediatric Bronchiolitis / Asthma,4,Walk-In,Rain / Storm,69,96,114,65,20,36.8,0,174,3.6,0,,0,3.2,9,2,7,0
ADM-000429,PAT-02168,2026-07-15 09:32:28,2026-07-29 02:20:28,Neurology,Acute Ischemic Stroke,3,Walk-In,Rain / Storm,89,99,113,75,17,36.6,0,90,13.7,0,,0,4.3,9,2,7,0
ADM-000430,PAT-00354,2026-07-15 09:32:28,2026-07-22 02:20:28,General Surgery,Gastrointestinal Hemorrhage,2,Walk-In,Rain / Storm,86,92,146,103,29,39.7,6,39,6.7,0,,0,5.0,9,2,7,0
ADM-000431,PAT-01441,2026-07-15 09:32:28,2026-07-27 09:32:28,General Surgery,Acute Appendicitis / Laparotomy,3,Walk-In,Rain / Storm,81,98,134,84,15,37.0,0,110,12.0,0,,0,4.0,9,2,7,0
ADM-000432,PAT-00825,2026-07-15 11:32:28,2026-07-30 04:20:28,ICU,Sepsis / Septic Shock,1,Ambulance,Clear / Mild,125,91,124,77,27,37.3,12,10,14.7,0,,0,5.0,11,2,7,0
ADM-000433,PAT-01095,2026-07-15 11:32:28,2026-07-21 06:44:28,ICU,Diabetic Ketoacidosis (DKA),2,Walk-In,Clear / Mild,146,94,114,80,14,37.8,3,41,5.8,0,,1,5.0,11,2,7,0
ADM-000434,PAT-00784,2026-07-15 11:32:28,2026-07-23 21:08:28,ICU,Diabetic Ketoacidosis (DKA),2,Walk-In,Clear / Mild,90,93,138,94,25,37.4,4,29,8.4,0,,0,4.5,11,2,7,0
ADM-000435,PAT-00362,2026-07-15 11:32:28,2026-07-27 04:20:28,Pulmonology,Severe Pneumonia / ARDS,3,Helicopter EMS,Clear / Mild,90,98,124,62,15,36.8,0,100,11.7,0,,0,5.0,11,2,7,0
ADM-000436,PAT-01357,2026-07-15 11:32:28,2026-08-03 04:20:28,ICU,Acute Renal Failure,3,Helicopter EMS,Clear / Mild,85,96,123,80,14,36.6,0,93,18.7,0,,0,4.1,11,2,7,0
ADM-000437,PAT-00604,2026-07-15 13:32:28,2026-08-09 18:20:28,ICU,Acute Renal Failure,3,Walk-In,Clear / Mild,87,100,129,76,16,37.3,0,94,25.2,0,,0,3.8,13,2,7,0
ADM-000438,PAT-00180,2026-07-15 13:32:28,2026-07-30 06:20:28,Pulmonology,Severe Pneumonia / ARDS,4,Walk-In,Clear / Mild,52,98,95,78,17,36.6,0,92,14.7,0,,0,5.0,13,2,7,0
ADM-000439,PAT-00746,2026-07-15 13:32:28,2026-07-28 08:44:28,Pulmonology,Severe Pneumonia / ARDS,3,Ambulance,Clear / Mild,86,95,159,77,14,36.2,0,36,12.8,0,,0,4.8,13,2,7,0
ADM-000440,PAT-01955,2026-07-15 13:32:28,2026-07-24 08:44:28,Pulmonology,Severe Pneumonia / ARDS,3,Ambulance,Clear / Mild,74,98,116,60,15,35.9,0,71,8.8,0,,0,4.7,13,2,7,0
ADM-000441,PAT-02487,2026-07-15 13:32:28,2026-07-22 06:20:28,Pulmonology,COPD Exacerbation,3,Ambulance,Clear / Mild,93,96,136,74,19,36.7,0,49,6.7,0,,0,4.4,13,2,7,0
ADM-000442,PAT-02059,2026-07-15 15:32:28,2026-07-20 01:08:28,General Surgery,Gastrointestinal Hemorrhage,2,Walk-In,Clear / Mild,117,95,105,94,29,38.6,7,43,4.4,0,,0,5.0,15,2,7,0
ADM-000443,PAT-01064,2026-07-15 15:32:28,2026-07-23 05:56:28,Neurology,Acute Ischemic Stroke,2,Helicopter EMS,Clear / Mild,128,90,142,101,22,37.9,5,34,7.6,0,,0,4.7,15,2,7,0
ADM-000444,PAT-01452,2026-07-15 15:32:28,2026-07-18 20:20:28,Orthopedics,Multiple Trauma / Fracture,4,Walk-In,Clear / Mild,82,98,98,80,16,37.0,0,176,3.2,0,,0,1.9,15,2,7,0
ADM-000445,PAT-02091,2026-07-15 17:32:28,2026-07-17 22:20:28,General Surgery,Acute Appendicitis / Laparotomy,4,Walk-In,Clear / Mild,92,96,110,74,16,36.8,0,103,2.2,0,,0,4.4,17,2,7,0
ADM-000446,PAT-00974,2026-07-15 17:32:28,2026-07-20 17:32:28,Cardiology,Congestive Heart Failure,2,Ambulance,Clear / Mild,115,97,149,109,26,38.0,5,18,5.0,0,,1,5.0,17,2,7,0
ADM-000447,PAT-00525,2026-07-15 17:32:28,2026-07-27 15:08:28,ICU,Sepsis / Septic Shock,2,Walk-In,Clear / Mild,142,91,180,80,23,37.8,7,32,11.9,0,,1,5.0,17,2,7,0
ADM-000448,PAT-00401,2026-07-15 17:32:28,2026-07-21 10:20:28,General Surgery,Gastrointestinal Hemorrhage,3,Ambulance,Clear / Mild,66,98,131,59,20,36.7,0,65,5.7,0,,1,3.6,17,2,7,0
ADM-000449,PAT-01145,2026-07-15 17:32:28,2026-07-20 05:32:28,General Surgery,Acute Appendicitis / Laparotomy,4,Walk-In,Clear / Mild,77,99,132,80,16,36.8,0,126,4.5,0,,0,4.7,17,2,7,0
ADM-000450,PAT-00327,2026-07-15 19:32:28,2026-07-19 17:08:28,Pediatrics,Pediatric Bronchiolitis / Asthma,4,Walk-In,Freezing / Snow,91,100,116,66,15,36.8,0,57,3.9,0,,1,5.0,19,2,7,0
ADM-000451,PAT-01349,2026-07-15 19:32:28,2026-07-26 07:32:28,Cardiology,Congestive Heart Failure,3,Ambulance,Freezing / Snow,64,95,137,57,15,38.0,0,59,10.5,0,,0,4.7,19,2,7,0
ADM-000452,PAT-02135,2026-07-15 19:32:28,2026-07-19 14:44:28,Pediatrics,Pediatric Bronchiolitis / Asthma,4,Ambulance,Freezing / Snow,77,98,131,68,19,36.9,0,72,3.8,0,,0,4.9,19,2,7,0
ADM-000453,PAT-02295,2026-07-15 19:32:28,2026-08-10 14:44:28,ICU,Sepsis / Septic Shock,2,Ambulance,Freezing / Snow,113,91,129,80,29,38.0,8,27,25.8,0,,1,4.6,19,2,7,0
ADM-000454,PAT-02414,2026-07-15 19:32:28,2026-07-21 21:56:28,General Surgery,Gastrointestinal Hemorrhage,3,Walk-In,Freezing / Snow,70,97,122,60,13,36.9,0,58,6.1,0,,0,4.3,19,2,7,0
ADM-000455,PAT-00196,2026-07-15 19:32:28,2026-07-28 05:08:28,Pulmonology,COPD Exacerbation,3,Walk-In,Freezing / Snow,86,100,120,83,14,37.8,0,102,12.4,0,,0,5.0,19,2,7,0
ADM-000456,PAT-02411,2026-07-15 19:32:28,2026-07-27 12:20:28,Pulmonology,COPD Exacerbation,5,Physician Referral,Freezing / Snow,94,97,112,85,16,36.9,0,120,11.7,0,,1,3.5,19,2,7,0
ADM-000457,PAT-00231,2026-07-15 21:32:28,2026-07-24 09:32:28,Pediatrics,Pediatric Bronchiolitis / Asthma,3,Walk-In,Clear / Mild,98,97,120,77,15,36.4,0,70,8.5,0,,0,4.0,21,2,7,0
ADM-000458,PAT-01614,2026-07-15 21:32:28,2026-07-20 16:44:28,General Surgery,Acute Appendicitis / Laparotomy,3,Ambulance,Clear / Mild,90,97,148,77,17,36.2,0,107,4.8,0,,0,3.9,21,2,7,0
ADM-000459,PAT-02118,2026-07-15 21:32:28,2026-07-21 14:20:28,Orthopedics,Multiple Trauma / Fracture,4,Walk-In,Clear / Mild,62,99,136,71,13,36.5,0,113,5.7,0,,0,4.2,21,2,7,0
ADM-000460,PAT-01359,2026-07-15 21:32:28,2026-07-21 04:44:28,Orthopedics,Multiple Trauma / Fracture,4,Walk-In,Clear / Mild,65,100,123,88,16,36.8,0,94,5.3,0,,0,4.2,21,2,7,0
ADM-000461,PAT-01506,2026-07-15 21:32:28,2026-07-22 19:08:28,ICU,Acute Renal Failure,3,Walk-In,Clear / Mild,65,96,151,80,18,36.5,0,55,6.9,0,,1,4.1,21,2,7,0
ADM-000462,PAT-00651,2026-07-15 21:32:28,2026-07-23 14:20:28,ICU,Diabetic Ketoacidosis (DKA),3,Ambulance,Clear / Mild,78,97,111,78,16,37.1,0,49,7.7,0,,0,5.0,21,2,7,0
ADM-000463,PAT-00454,2026-07-15 23:32:28,2026-07-23 23:32:28,ICU,Diabetic Ketoacidosis (DKA),2,Walk-In,Rain / Storm,160,95,157,98,25,37.0,5,71,8.0,0,,0,4.5,23,2,7,0
ADM-000464,PAT-01790,2026-07-15 23:32:28,2026-07-24 13:56:28,ICU,Diabetic Ketoacidosis (DKA),2,Walk-In,Rain / Storm,125,93,130,87,20,37.7,3,49,8.6,0,,0,4.1,23,2,7,0
ADM-000465,PAT-01731,2026-07-16 01:32:28,2026-07-18 20:44:28,General Surgery,Acute Appendicitis / Laparotomy,5,Ambulance,Rain / Storm,67,99,125,86,13,36.7,0,180,2.8,0,,0,2.8,1,3,7,0
ADM-000466,PAT-01636,2026-07-16 01:32:28,2026-07-25 08:44:28,Pulmonology,Severe Pneumonia / ARDS,3,Ambulance,Rain / Storm,89,97,143,70,18,37.0,0,45,9.3,0,,0,4.2,1,3,7,0
ADM-000467,PAT-01150,2026-07-16 03:32:28,2026-07-19 05:56:28,Pediatrics,Pediatric Bronchiolitis / Asthma,3,Ambulance,Clear / Mild,92,98,127,86,17,36.7,0,127,3.1,0,,0,4.1,3,3,7,0
ADM-000468,PAT-01464,2026-07-16 05:32:28,2026-07-28 12:44:28,ICU,Acute Renal Failure,2,Physician Referral,Clear / Mild,119,84,143,94,16,39.5,7,40,12.3,0,,0,5.0,5,3,7,0
ADM-000469,PAT-01412,2026-07-16 05:32:28,2026-08-14 22:20:28,ICU,Acute Renal Failure,3,Walk-In,Clear / Mild,70,98,120,76,14,37.5,0,85,29.7,0,,0,4.1,5,3,7,0
ADM-000470,PAT-02002,2026-07-16 09:32:28,2026-07-29 14:20:28,Pulmonology,Severe Pneumonia / ARDS,4,Walk-In,Rain / Storm,67,97,118,74,15,36.3,0,149,13.2,0,,0,4.1,9,3,7,0
ADM-000471,PAT-00264,2026-07-16 09:32:28,2026-07-22 02:20:28,General Surgery,Gastrointestinal Hemorrhage,3,Physician Referral,Rain / Storm,74,96,124,63,16,36.2,0,27,5.7,0,,0,5.0,9,3,7,0
ADM-000472,PAT-00641,2026-07-16 09:32:28,2026-07-21 16:44:28,Orthopedics,Multiple Trauma / Fracture,3,Ambulance,Rain / Storm,81,96,121,64,17,37.5,0,50,5.3,0,,0,5.0,9,3,7,0
ADM-000473,PAT-00483,2026-07-16 09:32:28,2026-07-19 16:44:28,Pediatrics,Pediatric Bronchiolitis / Asthma,4,Walk-In,Rain / Storm,56,100,132,73,18,36.7,0,123,3.3,0,,0,3.6,9,3,7,0
ADM-000474,PAT-01099,2026-07-16 09:32:28,2026-07-20 21:32:28,Pediatrics,Pediatric Bronchiolitis / Asthma,3,Ambulance,Rain / Storm,90,96,107,69,17,36.6,0,87,4.5,0,,1,3.6,9,3,7,0
ADM-000475,PAT-01468,2026-07-16 09:32:28,2026-07-28 04:44:28,ICU,Acute Renal Failure,2,Helicopter EMS,Rain / Storm,96,85,202,81,24,38.1,5,27,11.8,0,,0,4.9,9,3,7,0
ADM-000476,PAT-01805,2026-07-16 09:32:28,2026-07-22 07:08:28,ICU,Diabetic Ketoacidosis (DKA),2,Walk-In,Rain / Storm,112,85,182,92,34,36.6,10,42,5.9,0,,0,5.0,9,3,7,0
ADM-000477,PAT-00205,2026-07-16 09:32:28,2026-07-18 16:44:28,Pediatrics,Pediatric Bronchiolitis / Asthma,5,Walk-In,Rain / Storm,75,98,114,75,15,36.5,0,200,2.3,0,,0,3.5,9,3,7,0
ADM-000478,PAT-00452,2026-07-16 11:32:28,2026-07-27 04:20:28,Orthopedics,Multiple Trauma / Fracture,4,Ambulance,Clear / Mild,50,97,116,82,13,36.6,0,139,10.7,0,,1,2.1,11,3,7,0
ADM-000479,PAT-01341,2026-07-16 11:32:28,2026-07-20 21:08:28,Pediatrics,Pediatric Bronchiolitis / Asthma,3,Ambulance,Clear / Mild,79,95,127,92,15,37.1,0,89,4.4,0,,0,3.9,11,3,7,0
ADM-000480,PAT-00518,2026-07-16 13:32:28,2026-07-21 13:32:28,ICU,Diabetic Ketoacidosis (DKA),2,Walk-In,Clear / Mild,109,85,163,118,24,36.5,5,34,5.0,0,,0,5.0,13,3,7,0
ADM-000481,PAT-01251,2026-07-16 13:32:28,2026-07-25 03:56:28,ICU,Acute Renal Failure,3,Walk-In,Clear / Mild,80,98,120,70,18,36.6,0,100,8.6,0,,0,3.4,13,3,7,0
ADM-000482,PAT-00200,2026-07-16 13:32:28,2026-07-20 15:56:28,Pediatrics,Pediatric Bronchiolitis / Asthma,4,Ambulance,Clear / Mild,85,98,115,73,13,36.6,0,33,4.1,0,,0,3.9,13,3,7,0
ADM-000483,PAT-00202,2026-07-16 13:32:28,2026-07-25 08:44:28,Cardiology,Congestive Heart Failure,3,Ambulance,Clear / Mild,85,97,133,90,18,37.0,0,55,8.8,0,,0,4.7,13,3,7,0
ADM-000484,PAT-00836,2026-07-16 15:32:28,2026-07-25 22:44:28,Neurology,Acute Ischemic Stroke,3,Ambulance,Clear / Mild,101,95,105,85,16,37.3,0,49,9.3,0,,1,4.8,15,3,7,0
ADM-000485,PAT-01367,2026-07-16 15:32:28,2026-07-24 03:32:28,Neurology,Acute Ischemic Stroke,2,Walk-In,Clear / Mild,90,85,175,106,27,37.0,8,24,7.5,0,,0,4.9,15,3,7,0
ADM-000486,PAT-02159,2026-07-16 15:32:28,2026-08-02 01:08:28,Orthopedics,Multiple Trauma / Fracture,3,Ambulance,Clear / Mild,70,96,122,72,18,36.5,0,42,16.4,0,,1,4.2,15,3,7,0
ADM-000487,PAT-01070,2026-07-16 17:32:28,2026-07-29 22:20:28,Pulmonology,Severe Pneumonia / ARDS,3,Walk-In,Clear / Mild,77,100,131,70,13,37.1,0,106,13.2,0,,0,4.3,17,3,7,0
ADM-000488,PAT-00632,2026-07-16 17:32:28,2026-07-24 22:20:28,Orthopedics,Multiple Trauma / Fracture,3,Helicopter EMS,Clear / Mild,85,96,120,91,14,36.2,0,79,8.2,0,,0,3.9,17,3,7,0
ADM-000489,PAT-01095,2026-07-16 17:32:28,2026-07-25 22:20:28,General Surgery,Gastrointestinal Hemorrhage,3,Walk-In,Clear / Mild,76,97,128,70,16,36.5,0,101,9.2,0,,0,3.7,17,3,7,0
ADM-000490,PAT-00197,2026-07-16 19:32:28,2026-07-23 17:08:28,ICU,Acute Renal Failure,2,Walk-In,Clear / Mild,117,90,63,82,24,39.6,9,27,6.9,0,,0,4.5,19,3,7,0
ADM-000491,PAT-01225,2026-07-16 21:32:28,2026-07-19 23:56:28,Pediatrics,Pediatric Bronchiolitis / Asthma,4,Walk-In,Extreme Heat,79,95,131,78,17,36.3,0,99,3.1,0,,0,4.3,21,3,7,0
ADM-000492,PAT-02174,2026-07-16 21:32:28,2026-07-21 02:20:28,Pulmonology,COPD Exacerbation,3,Ambulance,Extreme Heat,67,99,108,75,18,36.5,0,109,4.2,0,,0,4.8,21,3,7,0
ADM-000493,PAT-00629,2026-07-16 21:32:28,2026-07-22 19:08:28,ICU,Diabetic Ketoacidosis (DKA),2,Walk-In,Extreme Heat,128,90,152,83,26,36.7,8,30,5.9,0,,0,5.0,21,3,7,0
ADM-000494,PAT-01464,2026-07-16 21:32:28,2026-07-19 16:44:28,Pulmonology,COPD Exacerbation,4,Ambulance,Extreme Heat,73,96,100,59,13,36.7,0,174,2.8,0,,0,3.8,21,3,7,0
ADM-000495,PAT-02282,2026-07-16 23:32:28,2026-08-04 13:56:28,Neurology,Acute Ischemic Stroke,3,Ambulance,Rain / Storm,84,98,131,69,14,37.2,0,80,18.6,0,,0,3.4,23,3,7,0
ADM-000496,PAT-02249,2026-07-17 01:32:28,2026-07-30 13:32:28,ICU,Sepsis / Septic Shock,1,Ambulance,Extreme Heat,129,89,114,73,25,37.8,12,11,13.5,0,,1,5.0,1,4,7,0
ADM-000497,PAT-01519,2026-07-17 03:32:28,2026-07-23 20:20:28,Orthopedics,Multiple Trauma / Fracture,3,Walk-In,Freezing / Snow,71,97,119,92,17,37.1,0,58,6.7,0,,0,5.0,3,4,7,0
ADM-000498,PAT-01620,2026-07-17 03:32:28,2026-07-23 22:44:28,Cardiology,Acute Myocardial Infarction,2,Ambulance,Freezing / Snow,133,94,167,91,28,38.4,8,46,6.8,0,,0,4.3,3,4,7,0
ADM-000499,PAT-01969,2026-07-17 03:32:28,2026-07-24 03:32:28,Pulmonology,COPD Exacerbation,3,Ambulance,Freezing / Snow,67,96,132,79,17,36.3,0,55,7.0,0,,0,5.0,3,4,7,0
ADM-000500,PAT-00410,2026-07-17 05:32:28,2026-07-24 17:32:28,Pediatrics,Pediatric Bronchiolitis / Asthma,4,Walk-In,Clear / Mild,73,100,93,64,18,37.4,2,92,7.5,0,,0,3.8,5,4,7,0
ADM-000501,PAT-02346,2026-07-17 07:32:28,2026-07-26 19:32:28,ICU,Acute Renal Failure,3,Walk-In,Clear / Mild,73,98,123,62,17,36.9,0,75,9.5,0,,0,3.9,7,4,7,0
ADM-000502,PAT-02475,2026-07-17 07:32:28,2026-07-26 17:08:28,ICU,Sepsis / Septic Shock,1,Ambulance,Clear / Mild,112,92,197,103,30,37.6,12,24,9.4,0,,0,5.0,7,4,7,0
ADM-000503,PAT-02218,2026-07-17 07:32:28,2026-07-30 09:56:28,ICU,Sepsis / Septic Shock,2,Ambulance,Clear / Mild,132,96,100,85,32,37.3,5,28,13.1,0,,0,5.0,7,4,7,0
ADM-000504,PAT-01378,2026-07-17 09:32:28,2026-08-03 02:20:28,ICU,Acute Renal Failure,2,Walk-In,Rain / Storm,101,91,159,85,27,39.3,8,48,16.7,0,,0,4.7,9,4,7,0
ADM-000505,PAT-01436,2026-07-17 09:32:28,2026-07-22 04:44:28,Orthopedics,Multiple Trauma / Fracture,4,Ambulance,Rain / Storm,104,98,137,79,14,36.8,0,170,4.8,0,,1,2.3,9,4,7,0
ADM-000506,PAT-00077,2026-07-17 09:32:28,2026-07-25 11:56:28,Pulmonology,COPD Exacerbation,3,Ambulance,Rain / Storm,75,99,122,83,17,36.6,0,93,8.1,0,,1,3.8,9,4,7,0
ADM-000507,PAT-00862,2026-07-17 09:32:28,2026-07-25 02:20:28,ICU,Acute Renal Failure,3,Walk-In,Rain / Storm,83,96,141,70,11,37.4,0,29,7.7,0,,0,4.1,9,4,7,0
ADM-000508,PAT-02200,2026-07-17 09:32:28,2026-07-22 14:20:28,General Surgery,Acute Appendicitis / Laparotomy,4,Walk-In,Rain / Storm,81,97,129,87,14,37.2,0,160,5.2,0,,0,3.9,9,4,7,0
ADM-000509,PAT-02309,2026-07-17 09:32:28,2026-07-27 23:56:28,ICU,Sepsis / Septic Shock,2,Ambulance,Rain / Storm,134,92,127,88,30,38.5,6,38,10.6,0,,0,5.0,9,4,7,0
ADM-000510,PAT-01089,2026-07-17 09:32:28,2026-07-19 09:32:28,Pediatrics,Pediatric Bronchiolitis / Asthma,5,Walk-In,Rain / Storm,104,95,115,80,17,37.1,0,105,2.0,0,,0,5.0,9,4,7,0
ADM-000511,PAT-00988,2026-07-17 09:32:28,2026-07-23 14:20:28,Pulmonology,Severe Pneumonia / ARDS,5,Walk-In,Rain / Storm,75,97,121,69,17,36.9,0,115,6.2,0,,0,3.3,9,4,7,0
ADM-000512,PAT-00512,2026-07-17 11:32:28,2026-07-27 09:08:28,Cardiology,Acute Myocardial Infarction,3,Walk-In,Clear / Mild,43,96,144,71,14,37.3,2,100,9.9,0,,0,3.8,11,4,7,0
ADM-000513,PAT-01034,2026-07-17 11:32:28,2026-07-23 16:20:28,General Surgery,Acute Appendicitis / Laparotomy,3,Walk-In,Clear / Mild,83,95,113,102,15,38.0,0,95,6.2,0,,0,5.0,11,4,7,0
ADM-000514,PAT-01077,2026-07-17 11:32:28,2026-07-25 04:20:28,Neurology,Acute Ischemic Stroke,3,Ambulance,Clear / Mild,72,97,112,77,13,36.2,0,88,7.7,0,,0,5.0,11,4,7,0
ADM-000515,PAT-01982,2026-07-17 13:32:28,2026-07-31 23:08:28,ICU,Sepsis / Septic Shock,1,Ambulance,Rain / Storm,112,81,147,96,25,38.9,14,13,14.4,0,,0,5.0,13,4,7,0
ADM-000516,PAT-01644,2026-07-17 13:32:28,2026-07-24 03:56:28,Pulmonology,Severe Pneumonia / ARDS,3,Walk-In,Rain / Storm,71,97,155,89,17,37.0,0,41,6.6,0,,0,5.0,13,4,7,0
ADM-000517,PAT-01999,2026-07-17 13:32:28,2026-07-24 11:08:28,Pulmonology,Severe Pneumonia / ARDS,3,Walk-In,Rain / Storm,78,94,116,75,14,36.6,1,83,6.9,0,,0,4.5,13,4,7,0
ADM-000518,PAT-01533,2026-07-17 13:32:28,2026-07-21 08:44:28,General Surgery,Acute Appendicitis / Laparotomy,3,Ambulance,Rain / Storm,86,99,117,82,12,36.6,0,95,3.8,0,,0,4.0,13,4,7,0
ADM-000519,PAT-00593,2026-07-17 13:32:28,2026-07-26 15:56:28,ICU,Diabetic Ketoacidosis (DKA),2,Walk-In,Rain / Storm,93,92,173,92,29,36.4,6,53,9.1,0,,0,3.4,13,4,7,0
ADM-000520,PAT-02385,2026-07-17 13:32:28,2026-07-25 13:32:28,Pulmonology,COPD Exacerbation,3,Ambulance,Rain / Storm,96,96,110,78,15,36.6,0,44,8.0,0,,0,4.6,13,4,7,0
ADM-000521,PAT-01484,2026-07-17 13:32:28,2026-07-24 18:20:28,ICU,Diabetic Ketoacidosis (DKA),2,Walk-In,Rain / Storm,118,96,164,110,21,37.9,4,51,7.2,0,,1,4.4,13,4,7,0
ADM-000522,PAT-02175,2026-07-17 15:32:28,2026-07-28 01:08:28,Pulmonology,Severe Pneumonia / ARDS,4,Walk-In,Rain / Storm,87,100,115,71,14,36.6,0,116,10.4,0,,0,3.4,15,4,7,0
ADM-000523,PAT-00687,2026-07-17 15:32:28,2026-07-26 10:44:28,Neurology,Acute Ischemic Stroke,2,Ambulance,Rain / Storm,142,82,129,105,26,38.4,8,38,8.8,0,,0,5.0,15,4,7,0
ADM-000524,PAT-01237,2026-07-17 15:32:28,2026-07-22 15:32:28,General Surgery,Acute Appendicitis / Laparotomy,3,Walk-In,Rain / Storm,67,94,123,73,14,36.4,1,48,5.0,0,,1,4.8,15,4,7,0
ADM-000525,PAT-01641,2026-07-17 15:32:28,2026-07-21 08:20:28,Pediatrics,Pediatric Bronchiolitis / Asthma,5,Walk-In,Rain / Storm,83,97,116,79,15,37.3,0,86,3.7,0,,0,4.5,15,4,7,0
ADM-000526,PAT-01043,2026-07-17 15:32:28,2026-07-30 20:20:28,General Surgery,Gastrointestinal Hemorrhage,3,Ambulance,Rain / Storm,62,97,121,85,19,36.6,0,103,13.2,0,,0,4.1,15,4,7,0
ADM-000527,PAT-01006,2026-07-17 17:32:28,2026-07-31 10:20:28,Pulmonology,Severe Pneumonia / ARDS,3,Walk-In,Extreme Heat,76,97,116,90,14,36.5,0,67,13.7,0,,0,5.0,17,4,7,0
ADM-000528,PAT-01393,2026-07-17 17:32:28,2026-07-24 00:44:28,Cardiology,Acute Myocardial Infarction,2,Walk-In,Extreme Heat,107,82,129,50,25,37.5,6,46,6.3,0,,0,4.9,17,4,7,0
ADM-000529,PAT-01528,2026-07-17 17:32:28,2026-07-25 22:20:28,General Surgery,Gastrointestinal Hemorrhage,3,Walk-In,Extreme Heat,73,100,141,85,15,37.6,0,32,8.2,0,,0,4.2,17,4,7,0
ADM-000530,PAT-00783,2026-07-17 17:32:28,2026-07-22 05:32:28,Pediatrics,Pediatric Bronchiolitis / Asthma,4,Walk-In,Extreme Heat,105,97,119,65,17,37.2,0,61,4.5,0,,1,5.0,17,4,7,0
ADM-000531,PAT-01426,2026-07-17 17:32:28,2026-07-19 22:20:28,Pediatrics,Pediatric Bronchiolitis / Asthma,4,Ambulance,Extreme Heat,62,98,106,67,15,36.6,0,93,2.2,0,,1,4.0,17,4,7,0
ADM-000532,PAT-00430,2026-07-17 17:32:28,2026-07-20 15:08:28,General Surgery,Acute Appendicitis / Laparotomy,4,Physician Referral,Extreme Heat,74,98,108,78,16,36.2,0,139,2.9,0,,0,4.2,17,4,7,0
ADM-000533,PAT-01105,2026-07-17 17:32:28,2026-07-22 19:56:28,Pediatrics,Pediatric Bronchiolitis / Asthma,3,Walk-In,Extreme Heat,91,99,122,74,17,37.1,0,51,5.1,0,,0,4.5,17,4,7,0
ADM-000534,PAT-00730,2026-07-17 17:32:28,2026-07-20 10:20:28,ICU,Diabetic Ketoacidosis (DKA),2,Ambulance,Extreme Heat,120,89,179,99,32,37.8,10,25,2.7,0,,0,5.0,17,4,7,0
ADM-000535,PAT-00450,2026-07-17 19:32:28,2026-07-22 05:08:28,General Surgery,Gastrointestinal Hemorrhage,3,Ambulance,Rain / Storm,78,97,137,78,16,36.6,0,92,4.4,0,,0,4.8,19,4,7,0
ADM-000536,PAT-02252,2026-07-17 19:32:28,2026-07-21 14:44:28,Pediatrics,Pediatric Bronchiolitis / Asthma,3,Walk-In,Rain / Storm,70,95,109,58,14,36.9,0,107,3.8,0,,0,4.0,19,4,7,0
ADM-000537,PAT-00811,2026-07-17 19:32:28,2026-07-23 07:32:28,Orthopedics,Multiple Trauma / Fracture,3,Walk-In,Rain / Storm,72,99,95,64,17,36.7,0,135,5.5,0,,0,3.6,19,4,7,0
ADM-000538,PAT-01459,2026-07-17 19:32:28,2026-07-30 19:32:28,General Surgery,Gastrointestinal Hemorrhage,2,Walk-In,Rain / Storm,103,90,124,91,36,38.1,6,23,13.0,0,,0,5.0,19,4,7,0
ADM-000539,PAT-01862,2026-07-17 19:32:28,2026-08-04 21:56:28,ICU,Sepsis / Septic Shock,1,Ambulance,Rain / Storm,126,91,158,91,26,38.2,12,13,18.1,0,,1,4.3,19,4,7,0
ADM-000540,PAT-00876,2026-07-17 19:32:28,2026-08-07 12:20:28,Neurology,Acute Ischemic Stroke,3,Ambulance,Rain / Storm,66,98,103,73,13,36.8,0,144,20.7,0,,0,2.8,19,4,7,0
ADM-000541,PAT-00305,2026-07-17 21:32:28,2026-07-28 02:20:28,Pulmonology,Severe Pneumonia / ARDS,3,Ambulance,Clear / Mild,56,96,106,79,17,36.9,0,56,10.2,0,,0,4.4,21,4,7,0
ADM-000542,PAT-01270,2026-07-17 21:32:28,2026-08-04 16:44:28,ICU,Sepsis / Septic Shock,2,Walk-In,Clear / Mild,132,99,141,84,27,38.2,5,4,17.8,0,,0,5.0,21,4,7,0
ADM-000543,PAT-01771,2026-07-17 21:32:28,2026-07-23 16:44:28,Orthopedics,Multiple Trauma / Fracture,5,Physician Referral,Clear / Mild,88,98,138,74,18,36.1,0,86,5.8,0,,0,3.5,21,4,7,0
ADM-000544,PAT-02326,2026-07-17 21:32:28,2026-07-26 23:56:28,Orthopedics,Multiple Trauma / Fracture,3,Ambulance,Clear / Mild,89,98,121,66,15,37.3,0,108,9.1,0,,1,4.1,21,4,7,0
ADM-000545,PAT-01098,2026-07-17 21:32:28,2026-07-23 02:20:28,ICU,Diabetic Ketoacidosis (DKA),3,Walk-In,Clear / Mild,65,99,117,75,20,37.0,0,92,5.2,0,,0,3.9,21,4,7,0
ADM-000546,PAT-00046,2026-07-17 23:32:28,2026-07-24 21:08:28,ICU,Acute Renal Failure,2,Walk-In,High Smog / Poor AQI,117,86,140,87,22,39.8,7,35,6.9,0,,0,5.0,23,4,7,0
ADM-000547,PAT-01492,2026-07-17 23:32:28,2026-08-01 13:56:28,ICU,Acute Renal Failure,2,Walk-In,High Smog / Poor AQI,105,92,159,91,28,39.1,6,39,14.6,0,,0,4.8,23,4,7,0
ADM-000548,PAT-01597,2026-07-17 23:32:28,2026-07-24 18:44:28,Cardiology,Acute Myocardial Infarction,2,Physician Referral,High Smog / Poor AQI,122,98,125,109,22,38.0,2,25,6.8,0,,0,5.0,23,4,7,0
ADM-000549,PAT-01701,2026-07-18 01:32:28,2026-08-02 15:56:28,Neurology,Acute Ischemic Stroke,3,Walk-In,Freezing / Snow,80,96,134,77,13,36.4,0,68,15.6,0,,0,3.0,1,5,7,1
ADM-000550,PAT-00280,2026-07-18 03:32:28,2026-08-05 22:44:28,ICU,Sepsis / Septic Shock,2,Ambulance,Clear / Mild,125,86,188,90,36,37.1,10,35,18.8,0,,0,4.8,3,5,7,1
ADM-000551,PAT-02390,2026-07-18 05:32:28,2026-08-19 05:32:28,Cardiology,Congestive Heart Failure,2,Walk-In,Clear / Mild,126,90,125,67,31,38.0,8,43,32.0,0,,1,5.0,5,5,7,1
ADM-000552,PAT-00681,2026-07-18 07:32:28,2026-07-26 14:44:28,Cardiology,Congestive Heart Failure,2,Ambulance,Clear / Mild,148,89,149,62,25,39.1,10,45,8.3,0,,1,4.3,7,5,7,1
ADM-000553,PAT-00652,2026-07-18 07:32:28,2026-08-03 02:44:28,Orthopedics,Multiple Trauma / Fracture,3,Walk-In,Clear / Mild,60,99,114,74,13,37.0,0,55,15.8,0,,0,5.0,7,5,7,1
ADM-000554,PAT-02325,2026-07-18 09:32:28,2026-07-25 23:56:28,ICU,Sepsis / Septic Shock,2,Ambulance,Clear / Mild,138,88,184,105,11,37.6,7,44,7.6,0,,0,5.0,9,5,7,1
ADM-000555,PAT-01305,2026-07-18 11:32:28,2026-07-27 09:08:28,General Surgery,Acute Appendicitis / Laparotomy,5,Ambulance,Clear / Mild,87,100,134,87,19,37.0,0,116,8.9,0,,0,3.9,11,5,7,1
ADM-000556,PAT-01525,2026-07-18 11:32:28,2026-08-06 04:20:28,General Surgery,Gastrointestinal Hemorrhage,2,Walk-In,Clear / Mild,109,87,155,105,29,37.3,6,47,18.7,0,,0,5.0,11,5,7,1
ADM-000557,PAT-01148,2026-07-18 11:32:28,2026-07-23 18:44:28,Pulmonology,Severe Pneumonia / ARDS,5,Walk-In,Clear / Mild,67,100,125,70,17,37.1,0,93,5.3,0,,1,4.1,11,5,7,1
ADM-000558,PAT-02181,2026-07-18 13:32:28,2026-07-30 03:56:28,ICU,Acute Renal Failure,3,Helicopter EMS,Rain / Storm,97,97,118,78,15,36.7,0,97,11.6,0,,0,4.8,13,5,7,1
ADM-000559,PAT-00876,2026-07-18 13:32:28,2026-08-03 18:20:28,Orthopedics,Multiple Trauma / Fracture,5,Walk-In,Rain / Storm,90,98,108,65,16,36.7,0,126,16.2,0,,0,3.9,13,5,7,1
ADM-000560,PAT-01385,2026-07-18 13:32:28,2026-08-19 13:32:28,ICU,Sepsis / Septic Shock,1,Ambulance,Rain / Storm,94,82,159,88,27,38.9,12,14,32.0,0,,0,5.0,13,5,7,1
ADM-000561,PAT-02430,2026-07-18 13:32:28,2026-07-26 03:56:28,Neurology,Acute Ischemic Stroke,2,Physician Referral,Rain / Storm,125,93,204,107,25,37.7,8,16,7.6,0,,0,4.9,13,5,7,1
ADM-000562,PAT-01233,2026-07-18 13:32:28,2026-07-28 15:56:28,Cardiology,Congestive Heart Failure,2,Helicopter EMS,Rain / Storm,122,84,141,106,27,38.9,10,27,10.1,0,,0,5.0,13,5,7,1
ADM-000563,PAT-00329,2026-07-18 13:32:28,2026-07-27 11:08:28,Pulmonology,Severe Pneumonia / ARDS,3,Walk-In,Rain / Storm,73,96,125,56,15,36.7,0,117,8.9,0,,1,3.3,13,5,7,1
ADM-000564,PAT-00306,2026-07-18 13:32:28,2026-07-29 01:32:28,Pulmonology,Severe Pneumonia / ARDS,4,Walk-In,Rain / Storm,80,98,126,78,18,36.8,0,81,10.5,0,,0,3.7,13,5,7,1
ADM-000565,PAT-00245,2026-07-18 15:32:28,2026-07-26 03:32:28,Cardiology,Congestive Heart Failure,2,Walk-In,Clear / Mild,132,93,163,71,25,39.2,10,34,7.5,0,,0,5.0,15,5,7,1
ADM-000566,PAT-01595,2026-07-18 15:32:28,2026-07-23 22:44:28,Cardiology,Acute Myocardial Infarction,2,Walk-In,Clear / Mild,123,82,179,92,29,36.6,10,37,5.3,0,,0,5.0,15,5,7,1
ADM-000567,PAT-01618,2026-07-18 15:32:28,2026-08-02 15:32:28,Pulmonology,Severe Pneumonia / ARDS,3,Walk-In,Clear / Mild,103,96,133,68,14,36.6,0,44,15.0,0,,0,5.0,15,5,7,1
ADM-000568,PAT-00044,2026-07-18 15:32:28,2026-07-23 10:44:28,Orthopedics,Multiple Trauma / Fracture,4,Walk-In,Clear / Mild,83,97,96,74,19,36.6,0,133,4.8,0,,0,2.8,15,5,7,1
ADM-000569,PAT-01905,2026-07-18 17:32:28,2026-07-28 22:20:28,Orthopedics,Multiple Trauma / Fracture,3,Ambulance,Clear / Mild,79,98,121,82,14,37.4,0,67,10.2,0,,1,4.4,17,5,7,1
ADM-000570,PAT-01725,2026-07-18 17:32:28,2026-07-27 00:44:28,ICU,Acute Renal Failure,2,Ambulance,Clear / Mild,102,92,205,82,27,37.0,6,18,8.3,0,,0,5.0,17,5,7,1
ADM-000571,PAT-00385,2026-07-18 19:32:28,2026-07-20 21:56:28,General Surgery,Acute Appendicitis / Laparotomy,3,Walk-In,Clear / Mild,78,95,126,84,12,36.3,0,95,2.1,0,,0,3.6,19,5,7,1
ADM-000572,PAT-02115,2026-07-18 19:32:28,2026-07-26 17:08:28,Orthopedics,Multiple Trauma / Fracture,4,Ambulance,Clear / Mild,94,98,130,63,18,37.1,0,112,7.9,0,,1,3.7,19,5,7,1
ADM-000573,PAT-01598,2026-07-18 19:32:28,2026-07-25 02:44:28,Pediatrics,Pediatric Bronchiolitis / Asthma,3,Walk-In,Clear / Mild,72,97,112,84,10,37.4,0,34,6.3,0,,0,5.0,19,5,7,1
ADM-000574,PAT-00663,2026-07-18 19:32:28,2026-07-24 19:32:28,Orthopedics,Multiple Trauma / Fracture,4,Ambulance,Clear / Mild,90,97,118,88,20,36.4,0,128,6.0,0,,0,4.0,19,5,7,1
ADM-000575,PAT-01759,2026-07-18 21:32:28,2026-07-24 23:56:28,General Surgery,Acute Appendicitis / Laparotomy,3,Ambulance,Clear / Mild,86,97,138,94,15,35.9,0,117,6.1,0,,1,3.6,21,5,7,1
ADM-000576,PAT-00152,2026-07-18 21:32:28,2026-07-24 09:32:28,Pulmonology,COPD Exacerbation,4,Ambulance,Clear / Mild,99,97,113,85,17,37.1,0,222,5.5,0,,1,2.6,21,5,7,1
ADM-000577,PAT-00084,2026-07-18 21:32:28,2026-07-27 09:32:28,Orthopedics,Multiple Trauma / Fracture,4,Walk-In,Clear / Mild,91,97,136,73,15,36.7,0,163,8.5,0,,0,2.9,21,5,7,1
ADM-000578,PAT-00136,2026-07-18 21:32:28,2026-07-27 14:20:28,Pediatrics,Pediatric Bronchiolitis / Asthma,4,Ambulance,Clear / Mild,69,97,111,75,14,37.3,0,47,8.7,0,,0,4.5,21,5,7,1
ADM-000579,PAT-00940,2026-07-18 21:32:28,2026-08-02 07:08:28,Pulmonology,Severe Pneumonia / ARDS,3,Ambulance,Clear / Mild,72,98,129,85,17,36.9,0,120,14.4,0,,0,3.4,21,5,7,1
ADM-000580,PAT-02442,2026-07-18 23:32:28,2026-07-23 11:32:28,General Surgery,Acute Appendicitis / Laparotomy,4,Walk-In,Rain / Storm,101,98,138,74,15,36.3,0,146,4.5,0,,1,3.2,23,5,7,1
ADM-000581,PAT-01531,2026-07-18 23:32:28,2026-07-27 18:44:28,ICU,Diabetic Ketoacidosis (DKA),2,Walk-In,Rain / Storm,134,90,143,124,25,39.3,10,41,8.8,0,,0,4.7,23,5,7,1
ADM-000582,PAT-00045,2026-07-19 03:32:28,2026-07-20 10:44:28,General Surgery,Acute Appendicitis / Laparotomy,3,Walk-In,Clear / Mild,78,99,129,82,12,36.5,0,93,1.3,0,,0,4.4,3,6,7,1
ADM-000583,PAT-01011,2026-07-19 03:32:28,2026-08-04 01:08:28,Cardiology,Congestive Heart Failure,2,Ambulance,Clear / Mild,115,91,152,80,14,38.7,7,40,15.9,0,,0,5.0,3,6,7,1
ADM-000584,PAT-00568,2026-07-19 03:32:28,2026-07-23 01:08:28,Pulmonology,COPD Exacerbation,5,Walk-In,Clear / Mild,85,97,129,94,11,36.5,0,94,3.9,0,,1,4.1,3,6,7,1
ADM-000585,PAT-00714,2026-07-19 03:32:28,2026-07-26 01:08:28,Cardiology,Congestive Heart Failure,2,Ambulance,Clear / Mild,152,90,149,91,23,39.2,7,52,6.9,0,,0,4.2,3,6,7,1
ADM-000586,PAT-01503,2026-07-19 07:32:28,2026-07-25 19:32:28,Pulmonology,Severe Pneumonia / ARDS,4,Walk-In,Clear / Mild,54,100,127,88,19,36.5,0,134,6.5,0,,0,2.5,7,6,7,1
ADM-000587,PAT-00816,2026-07-19 09:32:28,2026-07-25 07:08:28,Pulmonology,COPD Exacerbation,4,Ambulance,Clear / Mild,107,97,135,69,12,37.2,0,72,5.9,0,,0,4.8,9,6,7,1
ADM-000588,PAT-00787,2026-07-19 09:32:28,2026-08-10 19:08:28,ICU,Acute Renal Failure,3,Ambulance,Clear / Mild,56,96,114,74,18,36.8,0,62,22.4,0,,1,4.5,9,6,7,1
ADM-000589,PAT-01484,2026-07-19 09:32:28,2026-07-24 02:20:28,General Surgery,Acute Appendicitis / Laparotomy,3,Ambulance,Clear / Mild,64,96,116,79,14,37.1,0,41,4.7,0,,0,4.7,9,6,7,1
ADM-000590,PAT-01385,2026-07-19 11:32:28,2026-07-29 21:08:28,Pulmonology,Severe Pneumonia / ARDS,3,Walk-In,Clear / Mild,64,96,129,83,15,37.1,0,102,10.4,0,,0,3.5,11,6,7,1
ADM-000591,PAT-01414,2026-07-19 11:32:28,2026-08-05 16:20:28,Cardiology,Congestive Heart Failure,2,Walk-In,Clear / Mild,119,90,207,74,29,39.7,12,30,17.2,0,,1,4.9,11,6,7,1
ADM-000592,PAT-00193,2026-07-19 11:32:28,2026-07-26 06:44:28,Cardiology,Congestive Heart Failure,2,Walk-In,Clear / Mild,105,91,171,109,33,38.3,8,45,6.8,0,,1,5.0,11,6,7,1
ADM-000593,PAT-02341,2026-07-19 11:32:28,2026-07-31 21:08:28,Pulmonology,COPD Exacerbation,3,Physician Referral,Clear / Mild,80,98,127,63,13,36.8,0,66,12.4,0,,0,3.7,11,6,7,1
ADM-000594,PAT-01976,2026-07-19 11:32:28,2026-07-24 16:20:28,Pediatrics,Pediatric Bronchiolitis / Asthma,4,Physician Referral,Clear / Mild,81,96,141,96,16,37.0,0,154,5.2,0,,0,3.6,11,6,7,1
ADM-000595,PAT-02470,2026-07-19 11:32:28,2026-07-22 13:56:28,General Surgery,Acute Appendicitis / Laparotomy,3,Physician Referral,Clear / Mild,77,99,154,65,15,36.3,0,88,3.1,0,,0,5.0,11,6,7,1
ADM-000596,PAT-00110,2026-07-19 13:32:28,2026-07-25 08:44:28,Neurology,Acute Ischemic Stroke,2,Walk-In,Clear / Mild,87,91,130,109,17,39.2,5,27,5.8,0,,0,5.0,13,6,7,1
ADM-000597,PAT-00234,2026-07-19 13:32:28,2026-07-21 08:44:28,Pediatrics,Pediatric Bronchiolitis / Asthma,3,Walk-In,Clear / Mild,57,98,118,84,15,36.7,0,78,1.8,0,,0,3.2,13,6,7,1
ADM-000598,PAT-01565,2026-07-19 13:32:28,2026-07-25 13:32:28,Cardiology,Acute Myocardial Infarction,2,Physician Referral,Clear / Mild,110,85,115,114,29,39.0,8,45,6.0,0,,0,4.7,13,6,7,1
ADM-000599,PAT-00950,2026-07-19 13:32:28,2026-08-13 01:32:28,ICU,Acute Renal Failure,3,Ambulance,Clear / Mild,83,98,116,59,18,36.4,0,29,24.5,0,,1,5.0,13,6,7,1
ADM-000600,PAT-01836,2026-07-19 13:32:28,2026-07-26 20:44:28,Orthopedics,Multiple Trauma / Fracture,4,Walk-In,Clear / Mild,83,100,110,79,15,36.1,0,152,7.3,0,,0,3.6,13,6,7,1
ADM-000601,PAT-01654,2026-07-19 13:32:28,2026-07-24 18:20:28,General Surgery,Acute Appendicitis / Laparotomy,3,Ambulance,Clear / Mild,100,95,144,79,19,36.6,0,107,5.2,0,,0,3.8,13,6,7,1
ADM-000602,PAT-00039,2026-07-19 13:32:28,2026-07-26 23:08:28,Orthopedics,Multiple Trauma / Fracture,3,Walk-In,Clear / Mild,84,96,91,81,17,36.4,2,43,7.4,0,,0,4.3,13,6,7,1
ADM-000603,PAT-02405,2026-07-19 13:32:28,2026-08-07 23:08:28,General Surgery,Gastrointestinal Hemorrhage,2,Ambulance,Clear / Mild,109,86,159,102,24,40.0,5,43,19.4,0,,0,5.0,13,6,7,1
ADM-000604,PAT-01936,2026-07-19 15:32:28,2026-07-23 15:32:28,Neurology,Acute Ischemic Stroke,2,Walk-In,Extreme Heat,141,94,144,98,25,38.8,8,30,4.0,0,,0,4.5,15,6,7,1
ADM-000605,PAT-01849,2026-07-19 17:32:28,2026-07-27 19:56:28,Pulmonology,COPD Exacerbation,5,Physician Referral,Rain / Storm,83,99,124,80,16,37.1,0,83,8.1,0,,0,4.5,17,6,7,1
ADM-000606,PAT-01082,2026-07-19 17:32:28,2026-07-26 10:20:28,Pulmonology,COPD Exacerbation,3,Walk-In,Rain / Storm,78,98,125,81,18,36.9,0,76,6.7,0,,0,4.1,17,6,7,1
ADM-000607,PAT-02185,2026-07-19 17:32:28,2026-07-22 17:32:28,Cardiology,Acute Myocardial Infarction,2,Ambulance,Rain / Storm,98,91,164,76,24,37.9,5,45,3.0,0,,0,4.6,17,6,7,1
ADM-000608,PAT-00890,2026-07-19 17:32:28,2026-08-08 19:56:28,Cardiology,Congestive Heart Failure,2,Physician Referral,Rain / Storm,117,87,119,113,28,37.8,8,46,20.1,0,,1,5.0,17,6,7,1
ADM-000609,PAT-01397,2026-07-19 17:32:28,2026-07-25 00:44:28,Pulmonology,Severe Pneumonia / ARDS,3,Walk-In,Rain / Storm,83,96,117,79,15,37.1,0,73,5.3,0,,0,5.0,17,6,7,1
ADM-000610,PAT-02391,2026-07-19 17:32:28,2026-07-23 05:32:28,Pulmonology,COPD Exacerbation,4,Ambulance,Rain / Storm,53,97,112,79,16,36.2,0,88,3.5,0,,0,3.4,17,6,7,1
ADM-000611,PAT-00481,2026-07-19 19:32:28,2026-07-29 07:32:28,Cardiology,Congestive Heart Failure,2,Walk-In,Clear / Mild,174,94,149,108,21,37.8,3,20,9.5,0,,0,5.0,19,6,7,1
ADM-000612,PAT-01937,2026-07-19 19:32:28,2026-07-27 14:44:28,Orthopedics,Multiple Trauma / Fracture,3,Walk-In,Clear / Mild,74,97,143,66,13,36.9,0,77,7.8,0,,0,5.0,19,6,7,1
ADM-000613,PAT-01439,2026-07-19 19:32:28,2026-08-01 09:56:28,Orthopedics,Multiple Trauma / Fracture,3,Walk-In,Clear / Mild,74,99,133,75,14,36.4,0,89,12.6,0,,0,4.7,19,6,7,1
ADM-000614,PAT-01868,2026-07-19 19:32:28,2026-08-20 19:32:28,ICU,Sepsis / Septic Shock,1,Ambulance,Clear / Mild,109,91,168,84,23,38.5,9,6,32.0,0,,1,4.9,19,6,7,1
ADM-000615,PAT-01100,2026-07-19 19:32:28,2026-07-29 07:32:28,ICU,Acute Renal Failure,2,Walk-In,Clear / Mild,139,91,132,106,22,36.8,5,21,9.5,0,,1,5.0,19,6,7,1
ADM-000616,PAT-02079,2026-07-19 19:32:28,2026-07-27 17:08:28,Pulmonology,Severe Pneumonia / ARDS,5,Walk-In,Clear / Mild,55,97,118,81,14,36.7,0,189,7.9,0,,0,2.3,19,6,7,1
ADM-000617,PAT-00047,2026-07-19 21:32:28,2026-07-24 14:20:28,Orthopedics,Multiple Trauma / Fracture,3,Ambulance,Rain / Storm,40,99,128,90,11,36.5,2,86,4.7,0,,0,4.4,21,6,7,1
ADM-000618,PAT-01671,2026-07-19 21:32:28,2026-07-24 16:44:28,Cardiology,Congestive Heart Failure,2,Walk-In,Rain / Storm,125,87,107,83,28,36.9,8,42,4.8,0,,0,5.0,21,6,7,1
ADM-000619,PAT-02245,2026-07-19 21:32:28,2026-07-24 14:20:28,General Surgery,Acute Appendicitis / Laparotomy,3,Ambulance,Rain / Storm,58,95,116,67,15,37.2,0,82,4.7,0,,0,4.2,21,6,7,1
ADM-000620,PAT-01869,2026-07-19 23:32:28,2026-07-24 16:20:28,General Surgery,Acute Appendicitis / Laparotomy,4,Walk-In,Clear / Mild,83,98,125,90,16,37.4,0,107,4.7,0,,0,3.9,23,6,7,1
ADM-000621,PAT-02315,2026-07-20 01:32:28,2026-08-09 06:20:28,Orthopedics,Multiple Trauma / Fracture,3,Walk-In,Clear / Mild,86,97,133,76,19,36.7,0,60,20.2,0,,0,3.9,1,0,7,0
ADM-000622,PAT-01819,2026-07-20 05:32:28,2026-07-25 15:08:28,Cardiology,Congestive Heart Failure,3,Walk-In,Rain / Storm,77,97,121,82,13,37.3,0,70,5.4,0,,0,4.8,5,0,7,0
ADM-000623,PAT-00977,2026-07-20 05:32:28,2026-07-25 17:32:28,Pulmonology,COPD Exacerbation,3,Ambulance,Rain / Storm,64,99,105,79,18,36.7,0,96,5.5,0,,0,4.8,5,0,7,0
ADM-000624,PAT-00768,2026-07-20 05:32:28,2026-07-28 17:32:28,ICU,Acute Renal Failure,3,Walk-In,Rain / Storm,82,98,159,69,15,36.5,0,67,8.5,0,,0,4.5,5,0,7,0
ADM-000625,PAT-00688,2026-07-20 05:32:28,2026-07-26 15:08:28,Pulmonology,Severe Pneumonia / ARDS,3,Walk-In,Rain / Storm,83,97,140,72,19,36.9,0,70,6.4,0,,0,5.0,5,0,7,0
ADM-000626,PAT-00213,2026-07-20 07:32:28,2026-07-30 21:56:28,ICU,Sepsis / Septic Shock,1,Ambulance,Rain / Storm,115,90,153,112,25,36.9,12,15,10.6,0,,1,5.0,7,0,7,0
ADM-000627,PAT-01644,2026-07-20 09:32:28,2026-07-27 14:20:28,General Surgery,Gastrointestinal Hemorrhage,3,Ambulance,Clear / Mild,75,98,118,78,16,36.8,0,67,7.2,0,,0,4.5,9,0,7,0
ADM-000628,PAT-01548,2026-07-20 09:32:28,2026-07-26 16:44:28,Pediatrics,Pediatric Bronchiolitis / Asthma,5,Walk-In,Clear / Mild,74,97,129,79,14,37.3,0,82,6.3,0,,0,3.8,9,0,7,0
ADM-000629,PAT-00010,2026-07-20 09:32:28,2026-08-03 19:08:28,Orthopedics,Multiple Trauma / Fracture,4,Ambulance,Clear / Mild,99,97,127,67,14,37.3,0,76,14.4,0,,0,4.6,9,0,7,0
ADM-000630,PAT-01793,2026-07-20 09:32:28,2026-07-27 14:20:28,ICU,Diabetic Ketoacidosis (DKA),3,Walk-In,Clear / Mild,52,96,125,62,13,37.4,0,105,7.2,0,,1,3.8,9,0,7,0
ADM-000631,PAT-01252,2026-07-20 09:32:28,2026-07-31 14:20:28,Cardiology,Congestive Heart Failure,2,Walk-In,Clear / Mild,105,83,157,114,22,38.5,3,43,11.2,0,,0,4.1,9,0,7,0
ADM-000632,PAT-00199,2026-07-20 09:32:28,2026-07-28 09:32:28,Cardiology,Acute Myocardial Infarction,3,Ambulance,Clear / Mild,86,98,93,73,14,36.7,2,57,8.0,0,,0,4.6,9,0,7,0
ADM-000633,PAT-02176,2026-07-20 09:32:28,2026-07-31 16:44:28,ICU,Diabetic Ketoacidosis (DKA),2,Walk-In,Clear / Mild,143,87,117,114,28,37.8,8,48,11.3,0,,0,5.0,9,0,7,0
ADM-000634,PAT-00437,2026-07-20 11:32:28,2026-08-03 11:32:28,Cardiology,Congestive Heart Failure,3,Ambulance,Clear / Mild,69,97,126,79,18,36.7,0,96,14.0,0,,0,3.7,11,0,7,0
ADM-000635,PAT-00041,2026-07-20 13:32:28,2026-07-26 08:44:28,Pulmonology,Severe Pneumonia / ARDS,3,Walk-In,Clear / Mild,86,98,130,78,17,36.5,0,17,5.8,0,,0,5.0,13,0,7,0
ADM-000636,PAT-00587,2026-07-20 13:32:28,2026-07-29 06:20:28,ICU,Diabetic Ketoacidosis (DKA),3,Walk-In,Clear / Mild,102,98,125,64,14,36.7,0,101,8.7,0,,0,4.7,13,0,7,0
ADM-000637,PAT-01681,2026-07-20 13:32:28,2026-07-31 03:56:28,Pulmonology,Severe Pneumonia / ARDS,5,Walk-In,Clear / Mild,77,97,125,74,15,36.1,0,94,10.6,0,,0,4.1,13,0,7,0
ADM-000638,PAT-01965,2026-07-20 13:32:28,2026-07-25 18:20:28,ICU,Diabetic Ketoacidosis (DKA),3,Physician Referral,Clear / Mild,83,98,125,86,17,36.7,0,62,5.2,0,,0,4.4,13,0,7,0
ADM-000639,PAT-01830,2026-07-20 13:32:28,2026-07-27 20:44:28,ICU,Diabetic Ketoacidosis (DKA),2,Ambulance,Clear / Mild,143,94,139,92,29,39.3,8,38,7.3,0,,1,5.0,13,0,7,0
ADM-000640,PAT-02418,2026-07-20 13:32:28,2026-07-28 15:56:28,ICU,Sepsis / Septic Shock,1,Ambulance,Clear / Mild,100,91,160,78,26,38.9,12,14,8.1,0,,0,4.6,13,0,7,0
ADM-000641,PAT-00382,2026-07-20 13:32:28,2026-07-22 23:08:28,Pediatrics,Pediatric Bronchiolitis / Asthma,5,Helicopter EMS,Clear / Mild,93,97,107,73,15,36.6,0,166,2.4,0,,0,3.2,13,0,7,0
ADM-000642,PAT-01699,2026-07-20 13:32:28,2026-08-03 03:56:28,Neurology,Acute Ischemic Stroke,3,Ambulance,Clear / Mild,77,95,127,77,19,36.4,0,83,13.6,0,,0,3.5,13,0,7,0
ADM-000643,PAT-01934,2026-07-20 15:32:28,2026-07-23 22:44:28,Pediatrics,Pediatric Bronchiolitis / Asthma,4,Walk-In,Clear / Mild,97,97,115,75,13,36.1,0,15,3.3,0,,0,5.0,15,0,7,0
ADM-000644,PAT-02128,2026-07-20 15:32:28,2026-07-28 20:20:28,General Surgery,Acute Appendicitis / Laparotomy,3,Ambulance,Clear / Mild,88,95,109,88,17,36.6,0,26,8.2,0,,1,5.0,15,0,7,0
ADM-000645,PAT-00646,2026-07-20 15:32:28,2026-07-30 05:56:28,Pulmonology,Severe Pneumonia / ARDS,4,Ambulance,Clear / Mild,67,97,126,76,17,36.2,0,170,9.6,0,,1,2.5,15,0,7,0
ADM-000646,PAT-00464,2026-07-20 15:32:28,2026-07-24 13:08:28,General Surgery,Acute Appendicitis / Laparotomy,5,Ambulance,Clear / Mild,70,95,122,77,17,36.8,0,127,3.9,0,,0,3.7,15,0,7,0
ADM-000647,PAT-00471,2026-07-20 15:32:28,2026-07-24 13:08:28,Orthopedics,Multiple Trauma / Fracture,3,Walk-In,Clear / Mild,84,95,110,67,17,36.8,0,105,3.9,0,,0,4.1,15,0,7,0
ADM-000648,PAT-02281,2026-07-20 15:32:28,2026-07-25 20:20:28,ICU,Diabetic Ketoacidosis (DKA),2,Walk-In,Clear / Mild,104,91,128,112,17,37.8,3,21,5.2,0,,0,5.0,15,0,7,0
ADM-000649,PAT-00170,2026-07-20 15:32:28,2026-07-27 20:20:28,ICU,Sepsis / Septic Shock,2,Walk-In,Clear / Mild,121,88,131,78,39,38.2,8,29,7.2,0,,0,4.1,15,0,7,0
ADM-000650,PAT-00087,2026-07-20 17:32:28,2026-08-04 07:56:28,ICU,Sepsis / Septic Shock,2,Ambulance,Clear / Mild,107,87,128,56,19,39.1,5,53,14.6,0,,0,5.0,17,0,7,0
ADM-000651,PAT-00015,2026-07-20 17:32:28,2026-07-28 17:32:28,Cardiology,Congestive Heart Failure,3,Walk-In,Clear / Mild,65,96,96,72,16,36.4,0,110,8.0,0,,0,4.2,17,0,7,0
ADM-000652,PAT-00274,2026-07-20 19:32:28,2026-07-27 02:44:28,Orthopedics,Multiple Trauma / Fracture,3,Walk-In,Freezing / Snow,82,100,108,71,14,36.9,0,92,6.3,0,,1,3.7,19,0,7,0
ADM-000653,PAT-00280,2026-07-20 19:32:28,2026-08-01 17:08:28,Cardiology,Acute Myocardial Infarction,3,Walk-In,Freezing / Snow,84,95,135,86,17,36.9,0,86,11.9,0,,0,4.4,19,0,7,0
ADM-000654,PAT-01911,2026-07-20 19:32:28,2026-08-06 19:32:28,Pulmonology,COPD Exacerbation,4,Walk-In,Freezing / Snow,66,99,120,76,12,36.7,0,163,17.0,0,,1,2.9,19,0,7,0
ADM-000655,PAT-00701,2026-07-20 19:32:28,2026-07-27 05:08:28,Orthopedics,Multiple Trauma / Fracture,4,Ambulance,Freezing / Snow,72,97,123,63,13,36.9,0,100,6.4,0,,0,3.8,19,0,7,0
ADM-000656,PAT-00700,2026-07-20 19:32:28,2026-07-28 07:32:28,Cardiology,Acute Myocardial Infarction,2,Ambulance,Freezing / Snow,128,95,144,85,30,38.8,7,48,7.5,0,,1,4.7,19,0,7,0
ADM-000657,PAT-02190,2026-07-20 19:32:28,2026-07-29 02:44:28,Pulmonology,COPD Exacerbation,3,Walk-In,Freezing / Snow,78,98,108,78,18,37.0,0,111,8.3,0,,0,4.0,19,0,7,0
ADM-000658,PAT-00773,2026-07-20 19:32:28,2026-08-04 12:20:28,Neurology,Acute Ischemic Stroke,2,Physician Referral,Freezing / Snow,131,92,144,98,28,37.6,6,33,14.7,0,,0,5.0,19,0,7,0
ADM-000659,PAT-02022,2026-07-20 19:32:28,2026-08-09 02:44:28,ICU,Sepsis / Septic Shock,2,Ambulance,Freezing / Snow,129,92,142,98,33,39.5,8,8,19.3,0,,1,5.0,19,0,7,0
ADM-000660,PAT-00043,2026-07-20 21:32:28,2026-07-25 23:56:28,Orthopedics,Multiple Trauma / Fracture,3,Walk-In,Clear / Mild,72,97,115,82,12,37.5,0,78,5.1,0,,0,3.9,21,0,7,0
ADM-000661,PAT-01825,2026-07-20 21:32:28,2026-07-24 09:32:28,Pediatrics,Pediatric Bronchiolitis / Asthma,3,Walk-In,Clear / Mild,73,97,126,83,19,36.5,0,19,3.5,0,,0,5.0,21,0,7,0
ADM-000662,PAT-01098,2026-07-20 21:32:28,2026-07-22 14:20:28,General Surgery,Gastrointestinal Hemorrhage,3,Walk-In,Clear / Mild,68,96,128,81,16,36.7,0,93,1.7,0,,0,4.1,21,0,7,0
ADM-000663,PAT-01886,2026-07-20 21:32:28,2026-07-26 04:44:28,Cardiology,Acute Myocardial Infarction,2,Walk-In,Clear / Mild,131,85,133,95,24,37.5,5,34,5.3,0,,1,5.0,21,0,7,0
ADM-000664,PAT-01771,2026-07-20 21:32:28,2026-07-23 09:32:28,General Surgery,Acute Appendicitis / Laparotomy,4,Ambulance,Clear / Mild,75,96,121,74,14,36.6,0,95,2.5,0,,0,4.7,21,0,7,0
ADM-000665,PAT-00542,2026-07-20 21:32:28,2026-07-23 19:08:28,Cardiology,Acute Myocardial Infarction,3,Walk-In,Clear / Mild,88,98,128,85,16,37.0,0,84,2.9,0,,0,4.1,21,0,7,0
ADM-000666,PAT-00190,2026-07-20 21:32:28,2026-07-29 16:44:28,Cardiology,Congestive Heart Failure,3,Walk-In,Clear / Mild,61,99,120,75,15,36.7,0,97,8.8,0,,0,4.3,21,0,7,0
ADM-000667,PAT-01446,2026-07-20 21:32:28,2026-07-29 11:56:28,ICU,Sepsis / Septic Shock,1,Helicopter EMS,Clear / Mild,98,91,148,109,25,39.1,12,9,8.6,0,,0,4.9,21,0,7,0
ADM-000668,PAT-00810,2026-07-21 01:32:28,2026-07-26 01:32:28,General Surgery,Acute Appendicitis / Laparotomy,4,Walk-In,Clear / Mild,57,96,114,74,17,36.7,0,101,5.0,0,,0,4.3,1,1,7,0
ADM-000669,PAT-02194,2026-07-21 03:32:28,2026-07-26 22:44:28,ICU,Acute Renal Failure,3,Physician Referral,Clear / Mild,87,98,136,76,16,36.8,0,95,5.8,0,,0,4.2,3,1,7,0
ADM-000670,PAT-00865,2026-07-21 05:32:28,2026-07-23 15:08:28,Pediatrics,Pediatric Bronchiolitis / Asthma,4,Walk-In,Clear / Mild,82,97,112,87,16,36.8,0,130,2.4,0,,0,4.0,5,1,7,0
ADM-000671,PAT-00080,2026-07-21 05:32:28,2026-07-26 22:20:28,General Surgery,Acute Appendicitis / Laparotomy,3,Physician Referral,Clear / Mild,78,95,138,71,18,36.8,0,31,5.7,0,,0,4.2,5,1,7,0
ADM-000672,PAT-00454,2026-07-21 05:32:28,2026-07-29 22:20:28,Pulmonology,Severe Pneumonia / ARDS,5,Walk-In,Clear / Mild,91,98,104,87,15,37.5,0,130,8.7,0,,0,3.6,5,1,7,0
ADM-000673,PAT-00976,2026-07-21 05:32:28,2026-07-23 00:44:28,Pediatrics,Pediatric Bronchiolitis / Asthma,3,Walk-In,Clear / Mild,72,96,138,66,17,37.1,0,69,1.8,0,,0,5.0,5,1,7,0
ADM-000674,PAT-02235,2026-07-21 07:32:28,2026-07-30 05:08:28,Neurology,Acute Ischemic Stroke,3,Walk-In,Clear / Mild,79,98,141,83,16,36.1,0,76,8.9,0,,0,4.1,7,1,7,0
ADM-000675,PAT-01925,2026-07-21 09:32:28,2026-08-05 09:32:28,General Surgery,Gastrointestinal Hemorrhage,2,Ambulance,High Smog / Poor AQI,110,90,162,114,23,38.5,5,32,15.0,0,,0,5.0,9,1,7,0
ADM-000676,PAT-01889,2026-07-21 09:32:28,2026-07-27 19:08:28,General Surgery,Acute Appendicitis / Laparotomy,3,Ambulance,High Smog / Poor AQI,92,95,127,72,15,36.9,0,37,6.4,0,,0,5.0,9,1,7,0
ADM-000677,PAT-01253,2026-07-21 09:32:28,2026-07-27 02:20:28,Neurology,Acute Ischemic Stroke,3,Walk-In,High Smog / Poor AQI,82,98,107,93,14,37.2,0,62,5.7,0,,0,4.9,9,1,7,0
ADM-000678,PAT-01895,2026-07-21 09:32:28,2026-07-25 09:32:28,ICU,Diabetic Ketoacidosis (DKA),2,Ambulance,High Smog / Poor AQI,86,89,151,80,30,38.4,6,42,4.0,0,,0,4.5,9,1,7,0
ADM-000679,PAT-01483,2026-07-21 09:32:28,2026-07-31 23:56:28,General Surgery,Acute Appendicitis / Laparotomy,3,Helicopter EMS,High Smog / Poor AQI,69,99,153,68,15,36.9,0,90,10.6,0,,0,5.0,9,1,7,0
ADM-000680,PAT-01260,2026-07-21 09:32:28,2026-07-31 07:08:28,Neurology,Acute Ischemic Stroke,3,Ambulance,High Smog / Poor AQI,66,99,112,70,16,36.9,0,55,9.9,0,,0,5.0,9,1,7,0
ADM-000681,PAT-00642,2026-07-21 09:32:28,2026-07-27 14:20:28,Pediatrics,Pediatric Bronchiolitis / Asthma,5,Walk-In,High Smog / Poor AQI,76,96,119,78,15,36.2,0,123,6.2,0,,0,3.3,9,1,7,0
ADM-000682,PAT-02188,2026-07-21 11:32:28,2026-08-02 09:08:28,ICU,Acute Renal Failure,2,Walk-In,Clear / Mild,105,88,126,105,36,37.8,6,34,11.9,0,,1,4.4,11,1,7,0
ADM-000683,PAT-02381,2026-07-21 11:32:28,2026-07-30 06:44:28,Orthopedics,Multiple Trauma / Fracture,5,Ambulance,Clear / Mild,82,100,102,65,15,36.8,0,162,8.8,0,,0,3.2,11,1,7,0
ADM-000684,PAT-02325,2026-07-21 11:32:28,2026-07-27 09:08:28,Pulmonology,Severe Pneumonia / ARDS,3,Walk-In,Clear / Mild,71,98,135,71,15,37.2,0,139,5.9,0,,0,4.2,11,1,7,0
ADM-000685,PAT-01958,2026-07-21 13:32:28,2026-07-28 06:20:28,Orthopedics,Multiple Trauma / Fracture,3,Ambulance,Clear / Mild,72,98,136,67,18,36.5,0,61,6.7,0,,0,4.8,13,1,7,0
ADM-000686,PAT-00567,2026-07-21 13:32:28,2026-08-02 20:44:28,ICU,Sepsis / Septic Shock,1,Helicopter EMS,Clear / Mild,134,85,135,96,38,37.7,12,12,12.3,0,,1,5.0,13,1,7,0
ADM-000687,PAT-02456,2026-07-21 13:32:28,2026-08-05 15:56:28,Neurology,Acute Ischemic Stroke,2,Ambulance,Clear / Mild,112,87,150,74,25,39.6,10,59,15.1,0,,0,4.4,13,1,7,0
ADM-000688,PAT-01100,2026-07-21 13:32:28,2026-07-28 23:08:28,ICU,Acute Renal Failure,3,Physician Referral,Clear / Mild,82,98,122,76,15,37.0,0,68,7.4,0,,0,4.5,13,1,7,0
ADM-000689,PAT-00608,2026-07-21 13:32:28,2026-07-24 18:20:28,General Surgery,Acute Appendicitis / Laparotomy,3,Physician Referral,Clear / Mild,91,99,124,91,16,37.3,0,83,3.2,0,,0,4.7,13,1,7,0
ADM-000690,PAT-01885,2026-07-21 13:32:28,2026-08-09 18:20:28,ICU,Sepsis / Septic Shock,2,Walk-In,Clear / Mild,120,89,158,89,27,37.9,8,12,19.2,0,,0,5.0,13,1,7,0
ADM-000691,PAT-01345,2026-07-21 15:32:28,2026-07-31 22:44:28,Orthopedics,Multiple Trauma / Fracture,4,Ambulance,Clear / Mild,80,98,107,63,17,37.4,0,81,10.3,0,,0,3.9,15,1,7,0
ADM-000692,PAT-02137,2026-07-21 17:32:28,2026-07-30 10:20:28,Pulmonology,Severe Pneumonia / ARDS,3,Ambulance,Clear / Mild,87,97,118,77,15,36.9,0,116,8.7,0,,0,3.9,17,1,7,0
ADM-000693,PAT-01352,2026-07-21 17:32:28,2026-07-24 00:44:28,Pediatrics,Pediatric Bronchiolitis / Asthma,4,Ambulance,Clear / Mild,77,99,110,79,17,36.7,0,49,2.3,0,,0,3.9,17,1,7,0
ADM-000694,PAT-01255,2026-07-21 17:32:28,2026-08-10 19:56:28,ICU,Sepsis / Septic Shock,1,Ambulance,Clear / Mild,122,90,109,104,33,37.5,12,20,20.1,0,,0,5.0,17,1,7,0
ADM-000695,PAT-01324,2026-07-21 17:32:28,2026-07-24 12:44:28,Pediatrics,Pediatric Bronchiolitis / Asthma,3,Walk-In,Clear / Mild,73,95,121,82,13,37.0,0,104,2.8,0,,0,4.4,17,1,7,0
ADM-000696,PAT-00338,2026-07-21 19:32:28,2026-07-30 19:32:28,Pulmonology,COPD Exacerbation,3,Ambulance,Rain / Storm,78,98,108,67,13,36.6,0,92,9.0,0,,0,5.0,19,1,7,0
ADM-000697,PAT-00681,2026-07-21 19:32:28,2026-08-01 05:08:28,Orthopedics,Multiple Trauma / Fracture,4,Walk-In,Rain / Storm,84,96,115,83,16,36.0,0,103,10.4,0,,0,4.4,19,1,7,0
ADM-000698,PAT-00968,2026-07-21 19:32:28,2026-08-05 17:08:28,Orthopedics,Multiple Trauma / Fracture,3,Walk-In,Rain / Storm,82,100,119,88,13,36.9,0,60,14.9,0,,1,4.4,19,1,7,0
ADM-000699,PAT-02479,2026-07-21 19:32:28,2026-07-24 02:44:28,Pediatrics,Pediatric Bronchiolitis / Asthma,3,Walk-In,Rain / Storm,61,96,98,66,16,36.7,0,82,2.3,0,,0,4.5,19,1,7,0
ADM-000700,PAT-00228,2026-07-21 19:32:28,2026-07-27 21:56:28,Orthopedics,Multiple Trauma / Fracture,3,Walk-In,Rain / Storm,85,98,160,50,14,37.1,0,122,6.1,0,,1,3.5,19,1,7,0
ADM-000701,PAT-01277,2026-07-21 19:32:28,2026-08-01 07:32:28,Pulmonology,Severe Pneumonia / ARDS,3,Walk-In,Rain / Storm,88,96,124,82,16,36.9,0,89,10.5,0,,0,4.9,19,1,7,0
ADM-000702,PAT-01331,2026-07-21 19:32:28,2026-08-02 02:44:28,Pulmonology,COPD Exacerbation,3,Physician Referral,Rain / Storm,63,99,110,55,17,36.7,0,30,11.3,0,,0,5.0,19,1,7,0
ADM-000703,PAT-01019,2026-07-21 21:32:28,2026-07-27 11:56:28,Cardiology,Congestive Heart Failure,2,Walk-In,Clear / Mild,107,94,150,99,25,37.5,4,37,5.6,0,,1,5.0,21,1,7,0
ADM-000704,PAT-00251,2026-07-21 21:32:28,2026-08-03 02:20:28,General Surgery,Gastrointestinal Hemorrhage,2,Physician Referral,Clear / Mild,99,93,120,96,30,36.7,4,41,12.2,0,,0,4.8,21,1,7,0
ADM-000705,PAT-01253,2026-07-22 03:32:28,2026-07-28 20:20:28,Neurology,Acute Ischemic Stroke,3,Walk-In,Clear / Mild,64,99,126,81,14,36.6,0,78,6.7,0,,1,4.3,3,2,7,0
ADM-000706,PAT-01309,2026-07-22 03:32:28,2026-07-28 17:56:28,Neurology,Acute Ischemic Stroke,3,Ambulance,Clear / Mild,70,98,112,68,14,36.6,0,34,6.6,0,,0,4.8,3,2,7,0
ADM-000707,PAT-01421,2026-07-22 03:32:28,2026-08-15 03:32:28,ICU,Sepsis / Septic Shock,2,Ambulance,Clear / Mild,136,94,128,76,20,39.5,5,61,24.0,0,,1,4.4,3,2,7,0
ADM-000708,PAT-01017,2026-07-22 05:32:28,2026-07-27 10:20:28,ICU,Diabetic Ketoacidosis (DKA),2,Walk-In,Clear / Mild,122,86,168,85,25,38.9,12,19,5.2,0,,1,4.8,5,2,7,0
ADM-000709,PAT-01136,2026-07-22 07:32:28,2026-08-02 14:44:28,Pulmonology,COPD Exacerbation,3,Helicopter EMS,Clear / Mild,82,98,105,91,15,37.1,0,115,11.3,0,,0,4.7,7,2,7,0
ADM-000710,PAT-00207,2026-07-22 07:32:28,2026-07-30 17:08:28,ICU,Sepsis / Septic Shock,2,Walk-In,Clear / Mild,73,89,158,85,26,38.7,8,35,8.4,0,,1,5.0,7,2,7,0
ADM-000711,PAT-01201,2026-07-22 09:32:28,2026-07-26 23:56:28,General Surgery,Acute Appendicitis / Laparotomy,5,Walk-In,Clear / Mild,71,97,115,79,14,36.6,0,112,4.6,0,,0,4.9,9,2,7,0
ADM-000712,PAT-01879,2026-07-22 11:32:28,2026-08-02 11:32:28,ICU,Sepsis / Septic Shock,1,Ambulance,Clear / Mild,116,87,132,97,21,39.3,11,19,11.0,0,,0,5.0,11,2,7,0
ADM-000713,PAT-01638,2026-07-22 11:32:28,2026-08-05 16:20:28,Cardiology,Acute Myocardial Infarction,2,Ambulance,Clear / Mild,110,87,178,116,35,38.7,10,34,14.2,0,,0,5.0,11,2,7,0
ADM-000714,PAT-00117,2026-07-22 11:32:28,2026-07-27 21:08:28,General Surgery,Acute Appendicitis / Laparotomy,4,Walk-In,Clear / Mild,83,99,106,75,17,37.1,0,133,5.4,0,,0,4.2,11,2,7,0
ADM-000715,PAT-02043,2026-07-22 13:32:28,2026-08-01 06:20:28,Cardiology,Acute Myocardial Infarction,3,Physician Referral,Clear / Mild,78,97,110,75,17,37.0,0,29,9.7,0,,0,4.7,13,2,7,0
ADM-000716,PAT-00215,2026-07-22 13:32:28,2026-08-02 13:32:28,Pulmonology,Severe Pneumonia / ARDS,3,Helicopter EMS,Clear / Mild,69,98,123,80,17,36.3,0,52,11.0,0,,0,3.8,13,2,7,0
ADM-000717,PAT-01397,2026-07-22 15:32:28,2026-08-02 03:32:28,Orthopedics,Multiple Trauma / Fracture,3,Walk-In,Rain / Storm,102,100,119,61,11,36.6,0,60,10.5,0,,0,4.6,15,2,7,0
ADM-000718,PAT-01525,2026-07-22 17:32:28,2026-08-02 17:32:28,Cardiology,Congestive Heart Failure,2,Walk-In,Clear / Mild,100,91,168,99,20,38.9,7,50,11.0,0,,0,5.0,17,2,7,0
ADM-000719,PAT-00146,2026-07-22 17:32:28,2026-07-25 22:20:28,General Surgery,Acute Appendicitis / Laparotomy,4,Walk-In,Clear / Mild,86,97,144,82,15,36.8,0,75,3.2,0,,0,4.5,17,2,7,0
ADM-000720,PAT-01022,2026-07-22 17:32:28,2026-07-26 22:20:28,General Surgery,Gastrointestinal Hemorrhage,3,Walk-In,Clear / Mild,86,99,130,91,14,37.5,0,55,4.2,0,,1,4.3,17,2,7,0
ADM-000721,PAT-00915,2026-07-22 17:32:28,2026-07-26 12:44:28,General Surgery,Gastrointestinal Hemorrhage,3,Ambulance,Clear / Mild,72,97,129,80,13,36.6,0,48,3.8,0,,0,4.6,17,2,7,0
ADM-000722,PAT-00281,2026-07-22 17:32:28,2026-07-24 19:56:28,Pediatrics,Pediatric Bronchiolitis / Asthma,4,Walk-In,Clear / Mild,68,100,124,83,13,37.3,0,45,2.1,0,,0,5.0,17,2,7,0
ADM-000723,PAT-01287,2026-07-22 19:32:28,2026-07-27 17:08:28,Pulmonology,COPD Exacerbation,3,Walk-In,Clear / Mild,92,96,136,70,14,37.1,0,59,4.9,0,,0,5.0,19,2,7,0
ADM-000724,PAT-01771,2026-07-22 19:32:28,2026-07-27 21:56:28,Neurology,Acute Ischemic Stroke,2,Walk-In,Clear / Mild,109,93,152,78,28,37.8,4,45,5.1,0,,0,5.0,19,2,7,0
ADM-000725,PAT-01138,2026-07-22 19:32:28,2026-08-01 07:32:28,Orthopedics,Multiple Trauma / Fracture,3,Ambulance,Clear / Mild,94,98,132,91,16,36.7,0,115,9.5,0,,0,3.1,19,2,7,0
ADM-000726,PAT-01682,2026-07-22 19:32:28,2026-08-15 09:56:28,ICU,Sepsis / Septic Shock,2,Walk-In,Clear / Mild,135,92,139,66,23,38.2,3,33,23.6,0,,0,4.8,19,2,7,0
ADM-000727,PAT-02198,2026-07-22 19:32:28,2026-08-08 19:32:28,ICU,Acute Renal Failure,2,Physician Referral,Clear / Mild,120,89,145,95,21,38.5,5,42,17.0,0,,0,5.0,19,2,7,0
ADM-000728,PAT-00038,2026-07-22 21:32:28,2026-08-01 16:44:28,Cardiology,Acute Myocardial Infarction,2,Physician Referral,Clear / Mild,91,87,134,72,25,39.0,8,37,9.8,0,,0,5.0,21,2,7,0
ADM-000729,PAT-01185,2026-07-22 21:32:28,2026-08-08 19:08:28,ICU,Sepsis / Septic Shock,1,Ambulance,Clear / Mild,111,99,143,91,22,38.8,8,19,16.9,0,,0,5.0,21,2,7,0
ADM-000730,PAT-01469,2026-07-22 21:32:28,2026-07-29 23:56:28,ICU,Acute Renal Failure,3,Ambulance,Clear / Mild,75,98,115,74,18,36.7,0,72,7.1,0,,0,4.7,21,2,7,0
ADM-000731,PAT-00317,2026-07-22 21:32:28,2026-08-01 02:20:28,Pulmonology,Severe Pneumonia / ARDS,3,Walk-In,Clear / Mild,63,100,141,83,20,37.1,0,51,9.2,0,,0,4.7,21,2,7,0
ADM-000732,PAT-02070,2026-07-22 23:32:28,2026-07-30 06:44:28,Cardiology,Acute Myocardial Infarction,3,Ambulance,Clear / Mild,82,97,90,66,15,36.8,2,84,7.3,0,,1,4.4,23,2,7,0
ADM-000733,PAT-01166,2026-07-23 01:32:28,2026-07-28 20:44:28,Orthopedics,Multiple Trauma / Fracture,4,Ambulance,Clear / Mild,77,98,102,69,16,36.6,0,131,5.8,0,,0,3.7,1,3,7,0
ADM-000734,PAT-01989,2026-07-23 03:32:28,2026-07-31 22:44:28,ICU,Diabetic Ketoacidosis (DKA),2,Ambulance,Clear / Mild,82,90,143,86,29,38.2,6,41,8.8,0,,0,3.9,3,3,7,0
ADM-000735,PAT-00849,2026-07-23 03:32:28,2026-08-01 22:44:28,Cardiology,Acute Myocardial Infarction,2,Physician Referral,Clear / Mild,88,92,154,91,25,38.8,6,15,9.8,0,,0,4.6,3,3,7,0
ADM-000736,PAT-00470,2026-07-23 03:32:28,2026-07-28 15:32:28,Orthopedics,Multiple Trauma / Fracture,5,Ambulance,Clear / Mild,79,98,124,83,14,36.8,0,121,5.5,0,,1,3.8,3,3,7,0
ADM-000737,PAT-01938,2026-07-23 05:32:28,2026-07-27 12:44:28,General Surgery,Gastrointestinal Hemorrhage,2,Walk-In,High Smog / Poor AQI,87,87,167,97,19,38.1,5,29,4.3,0,,0,5.0,5,3,7,0
ADM-000738,PAT-01723,2026-07-23 07:32:28,2026-07-25 14:44:28,Pediatrics,Pediatric Bronchiolitis / Asthma,3,Walk-In,Rain / Storm,73,98,110,73,13,36.8,0,63,2.3,0,,1,5.0,7,3,7,0
ADM-000739,PAT-02422,2026-07-23 07:32:28,2026-07-30 21:56:28,Orthopedics,Multiple Trauma / Fracture,3,Walk-In,Rain / Storm,84,99,101,76,16,36.8,0,46,7.6,0,,0,3.6,7,3,7,0
ADM-000740,PAT-01558,2026-07-23 09:32:28,2026-07-29 14:20:28,General Surgery,Acute Appendicitis / Laparotomy,3,Walk-In,Rain / Storm,65,98,149,83,14,36.9,0,88,6.2,0,,0,5.0,9,3,7,0
ADM-000741,PAT-00640,2026-07-23 09:32:28,2026-07-29 14:20:28,General Surgery,Gastrointestinal Hemorrhage,2,Ambulance,Rain / Storm,113,87,157,92,29,39.3,10,22,6.2,0,,0,4.5,9,3,7,0
ADM-000742,PAT-02270,2026-07-23 09:32:28,2026-08-01 11:56:28,Cardiology,Congestive Heart Failure,3,Physician Referral,Rain / Storm,80,97,108,91,19,37.0,0,76,9.1,0,,1,4.7,9,3,7,0
ADM-000743,PAT-00633,2026-07-23 09:32:28,2026-08-04 02:20:28,ICU,Acute Renal Failure,2,Walk-In,Rain / Storm,74,89,138,96,31,38.4,6,36,11.7,0,,0,4.8,9,3,7,0
ADM-000744,PAT-00073,2026-07-23 09:32:28,2026-07-26 14:20:28,General Surgery,Acute Appendicitis / Laparotomy,4,Ambulance,Rain / Storm,86,96,93,98,16,36.7,2,61,3.2,0,,0,5.0,9,3,7,0
ADM-000745,PAT-00118,2026-07-23 09:32:28,2026-07-30 14:20:28,ICU,Diabetic Ketoacidosis (DKA),2,Ambulance,Rain / Storm,140,84,163,118,21,37.6,7,36,7.2,0,,0,4.5,9,3,7,0
ADM-000746,PAT-02132,2026-07-23 09:32:28,2026-07-28 09:32:28,Pediatrics,Pediatric Bronchiolitis / Asthma,4,Physician Referral,Rain / Storm,54,98,118,76,14,36.9,0,157,5.0,0,,0,4.0,9,3,7,0
ADM-000747,PAT-01046,2026-07-23 09:32:28,2026-07-27 21:32:28,Pulmonology,COPD Exacerbation,5,Ambulance,Rain / Storm,74,99,116,64,17,37.4,0,93,4.5,0,,1,4.2,9,3,7,0
ADM-000748,PAT-00326,2026-07-23 11:32:28,2026-07-27 21:08:28,Pulmonology,Severe Pneumonia / ARDS,3,Walk-In,Clear / Mild,85,96,122,75,17,36.8,0,32,4.4,0,,1,4.9,11,3,7,0
ADM-000749,PAT-01781,2026-07-23 11:32:28,2026-07-29 01:56:28,Orthopedics,Multiple Trauma / Fracture,4,Ambulance,Clear / Mild,74,96,124,81,15,37.2,0,86,5.6,0,,0,4.5,11,3,7,0
ADM-000750,PAT-00281,2026-07-23 11:32:28,2026-07-31 13:56:28,ICU,Diabetic Ketoacidosis (DKA),2,Walk-In,Clear / Mild,131,94,161,61,31,38.4,8,19,8.1,0,,1,5.0,11,3,7,0
ADM-000751,PAT-01741,2026-07-23 11:32:28,2026-08-05 09:08:28,Pulmonology,Severe Pneumonia / ARDS,3,Walk-In,Clear / Mild,71,97,110,68,13,36.1,0,89,12.9,0,,0,4.5,11,3,7,0
ADM-000752,PAT-01497,2026-07-23 11:32:28,2026-08-24 09:08:28,Orthopedics,Multiple Trauma / Fracture,3,Walk-In,Clear / Mild,67,97,139,81,16,36.7,0,127,31.9,0,,0,4.4,11,3,7,0
ADM-000753,PAT-00200,2026-07-23 13:32:28,2026-07-29 23:08:28,ICU,Acute Renal Failure,3,Walk-In,Clear / Mild,71,99,112,86,18,36.1,0,77,6.4,0,,0,5.0,13,3,7,0
ADM-000754,PAT-00067,2026-07-23 13:32:28,2026-07-29 03:56:28,General Surgery,Gastrointestinal Hemorrhage,2,Walk-In,Clear / Mild,128,94,145,96,19,38.5,3,60,5.6,0,,0,4.9,13,3,7,0
ADM-000755,PAT-01418,2026-07-23 13:32:28,2026-08-05 08:44:28,Orthopedics,Multiple Trauma / Fracture,3,Ambulance,Clear / Mild,68,97,148,76,16,36.8,0,88,12.8,0,,0,3.9,13,3,7,0
ADM-000756,PAT-01924,2026-07-23 13:32:28,2026-07-27 23:08:28,General Surgery,Gastrointestinal Hemorrhage,2,Ambulance,Clear / Mild,97,88,103,84,21,38.9,5,54,4.4,0,,1,4.4,13,3,7,0
ADM-000757,PAT-00820,2026-07-23 13:32:28,2026-08-09 06:20:28,Cardiology,Congestive Heart Failure,2,Ambulance,Clear / Mild,132,89,155,72,25,37.7,8,45,16.7,0,,0,5.0,13,3,7,0
ADM-000758,PAT-02425,2026-07-23 13:32:28,2026-08-03 03:56:28,ICU,Sepsis / Septic Shock,2,Walk-In,Clear / Mild,82,88,154,95,22,38.6,5,66,10.6,0,,0,4.0,13,3,7,0
ADM-000759,PAT-00630,2026-07-23 15:32:28,2026-08-09 01:08:28,Cardiology,Acute Myocardial Infarction,3,Walk-In,Clear / Mild,68,97,126,72,16,37.0,0,39,16.4,0,,0,5.0,15,3,7,0
ADM-000760,PAT-00568,2026-07-23 15:32:28,2026-07-30 03:32:28,Pulmonology,COPD Exacerbation,5,Walk-In,Clear / Mild,76,100,135,69,16,36.7,0,153,6.5,0,,0,3.4,15,3,7,0
ADM-000761,PAT-00237,2026-07-23 15:32:28,2026-07-27 15:32:28,Pulmonology,COPD Exacerbation,3,Physician Referral,Clear / Mild,99,98,87,88,18,36.7,2,42,4.0,0,,0,5.0,15,3,7,0
ADM-000762,PAT-00150,2026-07-23 17:32:28,2026-08-04 15:08:28,ICU,Acute Renal Failure,2,Physician Referral,Rain / Storm,93,88,165,85,24,39.8,7,24,11.9,0,,0,5.0,17,3,7,0
ADM-000763,PAT-02327,2026-07-23 17:32:28,2026-07-26 19:56:28,General Surgery,Acute Appendicitis / Laparotomy,3,Walk-In,Rain / Storm,113,98,122,89,16,37.1,2,18,3.1,0,,0,5.0,17,3,7,0
ADM-000764,PAT-01960,2026-07-23 17:32:28,2026-08-11 12:44:28,ICU,Sepsis / Septic Shock,1,Ambulance,Rain / Storm,133,88,140,67,24,39.2,11,16,18.8,0,,1,5.0,17,3,7,0
ADM-000765,PAT-01156,2026-07-23 17:32:28,2026-07-30 15:08:28,Neurology,Acute Ischemic Stroke,2,Ambulance,Rain / Storm,115,93,140,73,23,38.7,5,22,6.9,0,,1,5.0,17,3,7,0
ADM-000766,PAT-00916,2026-07-23 21:32:28,2026-08-05 14:20:28,Pulmonology,COPD Exacerbation,3,Walk-In,Clear / Mild,89,96,139,80,13,37.5,0,68,12.7,0,,0,4.5,21,3,7,0
ADM-000767,PAT-00073,2026-07-23 21:32:28,2026-07-26 11:56:28,General Surgery,Acute Appendicitis / Laparotomy,4,Ambulance,Clear / Mild,66,96,115,75,15,36.8,0,38,2.6,0,,0,5.0,21,3,7,0
ADM-000768,PAT-02328,2026-07-23 21:32:28,2026-07-28 21:32:28,Pediatrics,Pediatric Bronchiolitis / Asthma,5,Walk-In,Clear / Mild,63,98,145,76,16,36.4,0,88,5.0,0,,0,4.0,21,3,7,0
ADM-000769,PAT-01693,2026-07-23 21:32:28,2026-08-09 16:44:28,Orthopedics,Multiple Trauma / Fracture,3,Ambulance,Clear / Mild,83,95,111,93,16,37.0,0,116,16.8,0,,0,4.0,21,3,7,0
ADM-000770,PAT-01472,2026-07-23 21:32:28,2026-08-02 19:08:28,Cardiology,Congestive Heart Failure,2,Ambulance,Clear / Mild,90,83,134,96,18,38.5,3,27,9.9,0,,1,4.6,21,3,7,0
ADM-000771,PAT-01380,2026-07-23 21:32:28,2026-08-24 21:32:28,ICU,Sepsis / Septic Shock,2,Walk-In,Clear / Mild,118,86,156,73,27,39.3,10,24,32.0,0,,1,5.0,21,3,7,0
ADM-000772,PAT-00522,2026-07-23 23:32:28,2026-07-31 04:20:28,Neurology,Acute Ischemic Stroke,2,Walk-In,Clear / Mild,114,90,206,93,25,39.2,12,61,7.2,0,,0,4.6,23,3,7,0
ADM-000773,PAT-00160,2026-07-23 23:32:28,2026-08-07 01:56:28,Pulmonology,COPD Exacerbation,3,Walk-In,Clear / Mild,87,95,149,72,15,36.5,0,123,14.1,0,,0,3.4,23,3,7,0
ADM-000774,PAT-00419,2026-07-23 23:32:28,2026-08-06 21:08:28,ICU,Sepsis / Septic Shock,1,Ambulance,Clear / Mild,82,89,177,102,28,37.7,12,8,13.9,0,,0,4.5,23,3,7,0
ADM-000775,PAT-00419,2026-07-24 01:32:28,2026-07-30 03:56:28,ICU,Diabetic Ketoacidosis (DKA),3,Walk-In,Extreme Heat,86,100,142,57,15,36.3,0,72,6.1,0,,0,5.0,1,4,7,0
ADM-000776,PAT-00050,2026-07-24 03:32:28,2026-07-28 13:08:28,Pulmonology,COPD Exacerbation,3,Walk-In,Freezing / Snow,67,95,104,64,13,36.4,0,75,4.4,0,,1,4.7,3,4,7,0
ADM-000777,PAT-00471,2026-07-24 05:32:28,2026-08-02 17:32:28,ICU,Sepsis / Septic Shock,1,Ambulance,Clear / Mild,159,84,182,103,23,39.7,13,15,9.5,0,,0,4.3,5,4,7,0
ADM-000778,PAT-01129,2026-07-24 05:32:28,2026-07-26 17:32:28,General Surgery,Acute Appendicitis / Laparotomy,4,Walk-In,Clear / Mild,82,96,128,76,15,37.0,0,98,2.5,0,,0,4.0,5,4,7,0
ADM-000779,PAT-00794,2026-07-24 05:32:28,2026-08-08 05:32:28,Orthopedics,Multiple Trauma / Fracture,3,Walk-In,Clear / Mild,72,94,110,66,17,36.9,1,46,15.0,0,,0,5.0,5,4,7,0
ADM-000780,PAT-01323,2026-07-24 05:32:28,2026-07-28 17:32:28,ICU,Diabetic Ketoacidosis (DKA),3,Ambulance,Clear / Mild,73,97,133,81,17,37.0,0,65,4.5,0,,0,5.0,5,4,7,0
ADM-000781,PAT-00061,2026-07-24 07:32:28,2026-08-05 07:32:28,ICU,Sepsis / Septic Shock,1,Ambulance,Clear / Mild,115,91,94,100,25,38.6,16,11,12.0,0,,1,5.0,7,4,7,0
ADM-000782,PAT-02199,2026-07-24 07:32:28,2026-07-27 12:20:28,ICU,Diabetic Ketoacidosis (DKA),3,Walk-In,Clear / Mild,65,98,124,70,17,36.7,0,85,3.2,0,,1,4.8,7,4,7,0
ADM-000783,PAT-01891,2026-07-24 07:32:28,2026-08-04 07:32:28,Neurology,Acute Ischemic Stroke,2,Walk-In,Clear / Mild,127,87,173,97,24,37.4,7,49,11.0,0,,1,4.5,7,4,7,0
ADM-000784,PAT-00302,2026-07-24 07:32:28,2026-08-04 21:56:28,Cardiology,Congestive Heart Failure,3,Walk-In,Clear / Mild,92,99,156,73,17,36.3,0,45,11.6,0,,1,4.7,7,4,7,0
ADM-000785,PAT-02406,2026-07-24 09:32:28,2026-08-01 19:08:28,Cardiology,Congestive Heart Failure,3,Ambulance,Rain / Storm,90,97,110,80,19,36.9,0,82,8.4,0,,0,4.2,9,4,7,0
ADM-000786,PAT-01019,2026-07-24 09:32:28,2026-08-02 09:32:28,ICU,Acute Renal Failure,2,Walk-In,Rain / Storm,122,88,112,82,33,39.5,10,16,9.0,0,,1,4.8,9,4,7,0
ADM-000787,PAT-01081,2026-07-24 09:32:28,2026-07-27 23:56:28,General Surgery,Acute Appendicitis / Laparotomy,5,Ambulance,Rain / Storm,94,98,135,62,17,36.8,0,148,3.6,0,,0,4.0,9,4,7,0
ADM-000788,PAT-02326,2026-07-24 09:32:28,2026-07-31 23:56:28,General Surgery,Gastrointestinal Hemorrhage,2,Walk-In,Rain / Storm,107,93,150,81,21,37.2,1,46,7.6,0,,0,4.6,9,4,7,0
ADM-000789,PAT-00513,2026-07-24 11:32:28,2026-08-03 16:20:28,General Surgery,Gastrointestinal Hemorrhage,2,Physician Referral,Rain / Storm,89,86,112,90,32,38.0,6,32,10.2,0,,0,4.7,11,4,7,0
ADM-000790,PAT-02455,2026-07-24 11:32:28,2026-08-12 04:20:28,ICU,Sepsis / Septic Shock,2,Ambulance,Rain / Storm,116,92,126,113,36,38.8,8,45,18.7,0,,0,3.8,11,4,7,0
ADM-000791,PAT-02262,2026-07-24 11:32:28,2026-08-08 04:20:28,ICU,Acute Renal Failure,3,Walk-In,Rain / Storm,72,99,130,71,16,36.4,0,60,14.7,0,,0,4.6,11,4,7,0
ADM-000792,PAT-00903,2026-07-24 11:32:28,2026-08-08 21:08:28,Pulmonology,Severe Pneumonia / ARDS,3,Walk-In,Rain / Storm,103,95,95,75,12,36.8,0,60,15.4,0,,0,5.0,11,4,7,0
ADM-000793,PAT-02113,2026-07-24 11:32:28,2026-08-06 04:20:28,Cardiology,Congestive Heart Failure,2,Ambulance,Rain / Storm,114,82,152,94,29,37.8,8,53,12.7,0,,0,4.5,11,4,7,0
ADM-000794,PAT-00425,2026-07-24 11:32:28,2026-07-29 06:44:28,Pulmonology,Severe Pneumonia / ARDS,3,Physician Referral,Rain / Storm,64,95,126,73,14,36.4,0,36,4.8,0,,0,3.3,11,4,7,0
ADM-000795,PAT-00949,2026-07-24 11:32:28,2026-08-05 23:32:28,ICU,Sepsis / Septic Shock,1,Helicopter EMS,Rain / Storm,110,84,175,96,21,38.1,9,22,12.5,0,,0,5.0,11,4,7,0
ADM-000796,PAT-01845,2026-07-24 13:32:28,2026-08-03 20:44:28,Cardiology,Acute Myocardial Infarction,2,Walk-In,Clear / Mild,108,93,140,79,37,38.3,4,34,10.3,0,,0,3.7,13,4,7,0
ADM-000797,PAT-01126,2026-07-24 13:32:28,2026-08-01 20:44:28,Cardiology,Acute Myocardial Infarction,3,Helicopter EMS,Clear / Mild,83,98,152,69,16,37.6,0,107,8.3,0,,0,5.0,13,4,7,0
ADM-000798,PAT-02062,2026-07-24 15:32:28,2026-08-02 17:56:28,General Surgery,Acute Appendicitis / Laparotomy,4,Walk-In,Clear / Mild,94,97,125,66,15,37.0,0,104,9.1,0,,0,3.4,15,4,7,0
ADM-000799,PAT-01076,2026-07-24 15:32:28,2026-08-04 03:32:28,Pulmonology,COPD Exacerbation,4,Walk-In,Clear / Mild,76,99,129,75,15,36.9,0,107,10.5,0,,0,3.0,15,4,7,0
ADM-000800,PAT-00513,2026-07-24 15:32:28,2026-08-08 13:08:28,ICU,Sepsis / Septic Shock,2,Ambulance,Clear / Mild,135,91,148,96,27,39.6,10,46,14.9,0,,0,4.9,15,4,7,0
ADM-000801,PAT-01101,2026-07-24 15:32:28,2026-07-31 17:56:28,Cardiology,Acute Myocardial Infarction,2,Walk-In,Clear / Mild,117,95,162,78,21,37.8,4,38,7.1,0,,1,5.0,15,4,7,0
ADM-000802,PAT-01843,2026-07-24 15:32:28,2026-07-27 05:56:28,Pulmonology,Severe Pneumonia / ARDS,3,Ambulance,Clear / Mild,77,98,108,74,18,37.0,0,98,2.6,0,,0,3.9,15,4,7,0
ADM-000803,PAT-02152,2026-07-24 15:32:28,2026-07-31 22:44:28,General Surgery,Acute Appendicitis / Laparotomy,3,Physician Referral,Clear / Mild,81,95,112,87,15,36.5,0,70,7.3,0,,0,4.1,15,4,7,0
ADM-000804,PAT-00437,2026-07-24 15:32:28,2026-08-02 01:08:28,General Surgery,Gastrointestinal Hemorrhage,2,Ambulance,Clear / Mild,127,87,124,97,25,38.9,10,43,8.4,0,,0,5.0,15,4,7,0
ADM-000805,PAT-00762,2026-07-24 17:32:28,2026-08-04 10:20:28,ICU,Acute Renal Failure,2,Walk-In,Clear / Mild,122,87,135,97,31,39.1,10,30,10.7,0,,1,4.6,17,4,7,0
ADM-000806,PAT-01579,2026-07-24 17:32:28,2026-07-29 03:08:28,Cardiology,Acute Myocardial Infarction,2,Walk-In,Clear / Mild,107,82,170,87,28,38.1,8,24,4.4,0,,0,5.0,17,4,7,0
ADM-000807,PAT-01437,2026-07-24 17:32:28,2026-08-02 22:20:28,Neurology,Acute Ischemic Stroke,3,Ambulance,Clear / Mild,67,97,142,82,16,36.3,0,57,9.2,0,,0,5.0,17,4,7,0
ADM-000808,PAT-01625,2026-07-24 19:32:28,2026-07-31 17:08:28,Neurology,Acute Ischemic Stroke,2,Ambulance,Clear / Mild,102,86,134,87,27,39.1,8,43,6.9,0,,1,5.0,19,4,7,0
ADM-000809,PAT-02187,2026-07-24 19:32:28,2026-07-26 17:08:28,Pediatrics,Pediatric Bronchiolitis / Asthma,3,Walk-In,Clear / Mild,93,98,123,82,15,37.0,0,53,1.9,0,,0,4.6,19,4,7,0
ADM-000810,PAT-00388,2026-07-24 19:32:28,2026-08-04 17:08:28,ICU,Sepsis / Septic Shock,1,Ambulance,Clear / Mild,105,87,143,81,23,37.2,7,16,10.9,0,,1,5.0,19,4,7,0
ADM-000811,PAT-00252,2026-07-24 19:32:28,2026-07-31 14:44:28,Pulmonology,Severe Pneumonia / ARDS,3,Physician Referral,Clear / Mild,67,98,114,71,15,36.9,0,72,6.8,0,,0,3.8,19,4,7,0
ADM-000812,PAT-02456,2026-07-24 19:32:28,2026-08-03 12:20:28,Pulmonology,Severe Pneumonia / ARDS,5,Walk-In,Clear / Mild,77,97,114,68,15,37.5,0,143,9.7,0,,0,2.9,19,4,7,0
ADM-000813,PAT-02392,2026-07-24 19:32:28,2026-07-30 12:20:28,ICU,Diabetic Ketoacidosis (DKA),2,Walk-In,Clear / Mild,118,85,133,86,20,38.2,5,55,5.7,0,,0,4.5,19,4,7,0
ADM-000814,PAT-01915,2026-07-24 19:32:28,2026-07-28 02:44:28,Cardiology,Acute Myocardial Infarction,3,Walk-In,Clear / Mild,79,98,107,84,15,35.8,0,123,3.3,0,,0,4.2,19,4,7,0
ADM-000815,PAT-00104,2026-07-24 19:32:28,2026-07-28 14:44:28,Cardiology,Acute Myocardial Infarction,3,Walk-In,Clear / Mild,86,97,134,88,14,37.1,0,45,3.8,0,,0,4.5,19,4,7,0
ADM-000816,PAT-01821,2026-07-24 21:32:28,2026-07-30 02:20:28,General Surgery,Acute Appendicitis / Laparotomy,5,Ambulance,Rain / Storm,63,97,130,96,15,36.7,0,213,5.2,0,,0,2.5,21,4,7,0
ADM-000817,PAT-01969,2026-07-24 21:32:28,2026-07-31 14:20:28,Pulmonology,COPD Exacerbation,4,Walk-In,Rain / Storm,91,99,115,85,16,37.1,0,130,6.7,0,,1,4.2,21,4,7,0
ADM-000818,PAT-00828,2026-07-24 21:32:28,2026-08-01 14:20:28,Cardiology,Acute Myocardial Infarction,2,Walk-In,Rain / Storm,108,91,180,94,32,39.0,10,54,7.7,0,,0,4.6,21,4,7,0
ADM-000819,PAT-00303,2026-07-24 21:32:28,2026-07-30 02:20:28,General Surgery,Acute Appendicitis / Laparotomy,3,Ambulance,Rain / Storm,80,96,121,86,17,37.0,0,89,5.2,0,,0,4.4,21,4,7,0
ADM-000820,PAT-00214,2026-07-24 21:32:28,2026-07-30 09:32:28,Cardiology,Acute Myocardial Infarction,2,Walk-In,Rain / Storm,114,90,125,69,31,38.4,8,36,5.5,0,,0,5.0,21,4,7,0
ADM-000821,PAT-01098,2026-07-24 21:32:28,2026-07-28 19:08:28,Pulmonology,Severe Pneumonia / ARDS,3,Physician Referral,Rain / Storm,73,100,115,75,14,36.5,0,89,3.9,0,,0,4.8,21,4,7,0
ADM-000822,PAT-02425,2026-07-24 23:32:28,2026-08-03 21:08:28,Orthopedics,Multiple Trauma / Fracture,3,Walk-In,Clear / Mild,64,96,109,84,16,36.2,0,9,9.9,0,,0,5.0,23,4,7,0
ADM-000823,PAT-02126,2026-07-24 23:32:28,2026-08-05 16:20:28,Pulmonology,Severe Pneumonia / ARDS,4,Ambulance,Clear / Mild,79,98,127,66,15,36.7,0,185,11.7,0,,0,2.8,23,4,7,0
ADM-000824,PAT-01403,2026-07-24 23:32:28,2026-07-30 18:44:28,Pulmonology,COPD Exacerbation,5,Walk-In,Clear / Mild,73,96,127,86,15,37.1,0,148,5.8,0,,0,3.5,23,4,7,0
ADM-000825,PAT-01967,2026-07-24 23:32:28,2026-08-02 04:20:28,ICU,Acute Renal Failure,2,Walk-In,Clear / Mild,114,90,158,84,33,38.3,8,4,8.2,0,,0,5.0,23,4,7,0
ADM-000826,PAT-00999,2026-07-24 23:32:28,2026-07-30 16:20:28,Cardiology,Acute Myocardial Infarction,3,Ambulance,Clear / Mild,108,97,126,71,17,36.9,0,94,5.7,0,,0,4.1,23,4,7,0
ADM-000827,PAT-02399,2026-07-24 23:32:28,2026-07-27 04:20:28,Pediatrics,Pediatric Bronchiolitis / Asthma,3,Ambulance,Clear / Mild,83,95,140,66,15,36.4,0,52,2.2,0,,0,4.8,23,4,7,0
ADM-000828,PAT-00879,2026-07-24 23:32:28,2026-08-02 04:20:28,General Surgery,Gastrointestinal Hemorrhage,2,Walk-In,Clear / Mild,90,86,175,103,13,38.7,7,35,8.2,0,,0,4.4,23,4,7,0
ADM-000829,PAT-01862,2026-07-25 05:32:28,2026-08-03 10:20:28,Neurology,Acute Ischemic Stroke,3,Ambulance,Clear / Mild,61,98,121,88,15,37.3,0,115,9.2,0,,0,4.0,5,5,7,1
ADM-000830,PAT-00634,2026-07-25 07:32:28,2026-07-30 00:20:28,Pulmonology,Severe Pneumonia / ARDS,4,Ambulance,Rain / Storm,80,98,119,81,14,36.4,0,142,4.7,0,,1,3.7,7,5,7,1
ADM-000831,PAT-00804,2026-07-25 07:32:28,2026-07-27 21:56:28,General Surgery,Gastrointestinal Hemorrhage,3,Ambulance,Rain / Storm,84,97,119,65,14,37.2,0,92,2.6,0,,0,4.3,7,5,7,1
ADM-000832,PAT-01541,2026-07-25 07:32:28,2026-07-30 14:44:28,Pulmonology,COPD Exacerbation,5,Walk-In,Rain / Storm,83,98,120,87,17,37.0,0,103,5.3,0,,0,4.1,7,5,7,1
ADM-000833,PAT-01963,2026-07-25 07:32:28,2026-08-09 12:20:28,ICU,Acute Renal Failure,3,Ambulance,Rain / Storm,90,99,107,68,14,37.2,0,92,15.2,0,,0,3.5,7,5,7,1
ADM-000834,PAT-01069,2026-07-25 07:32:28,2026-08-01 21:56:28,General Surgery,Gastrointestinal Hemorrhage,2,Physician Referral,Rain / Storm,138,90,119,80,20,38.0,5,39,7.6,0,,0,4.8,7,5,7,1
ADM-000835,PAT-02362,2026-07-25 07:32:28,2026-08-06 05:08:28,Neurology,Acute Ischemic Stroke,3,Helicopter EMS,Rain / Storm,62,100,138,86,14,36.9,0,44,11.9,0,,0,4.2,7,5,7,1
ADM-000836,PAT-01804,2026-07-25 09:32:28,2026-07-29 23:56:28,Cardiology,Acute Myocardial Infarction,2,Walk-In,Clear / Mild,73,85,178,88,25,38.9,10,46,4.6,0,,0,5.0,9,5,7,1
ADM-000837,PAT-00938,2026-07-25 11:32:28,2026-08-01 04:20:28,Pulmonology,COPD Exacerbation,3,Walk-In,Clear / Mild,88,98,105,75,17,37.0,0,72,6.7,0,,0,4.6,11,5,7,1
ADM-000838,PAT-00498,2026-07-25 11:32:28,2026-07-30 23:32:28,Orthopedics,Multiple Trauma / Fracture,3,Walk-In,Clear / Mild,80,94,115,84,15,36.6,1,99,5.5,0,,0,3.6,11,5,7,1
ADM-000839,PAT-02407,2026-07-25 11:32:28,2026-07-30 21:08:28,ICU,Diabetic Ketoacidosis (DKA),3,Physician Referral,Clear / Mild,87,95,119,75,15,36.6,0,101,5.4,0,,0,4.0,11,5,7,1
ADM-000840,PAT-01078,2026-07-25 11:32:28,2026-07-30 06:44:28,Orthopedics,Multiple Trauma / Fracture,3,Walk-In,Clear / Mild,99,98,121,86,13,36.5,0,97,4.8,0,,0,4.1,11,5,7,1
ADM-000841,PAT-02442,2026-07-25 11:32:28,2026-07-29 18:44:28,General Surgery,Acute Appendicitis / Laparotomy,3,Physician Referral,Clear / Mild,83,97,128,93,17,36.8,0,110,4.3,0,,0,4.4,11,5,7,1
ADM-000842,PAT-01343,2026-07-25 11:32:28,2026-08-02 13:56:28,Pulmonology,COPD Exacerbation,3,Ambulance,Clear / Mild,91,99,120,83,15,36.4,0,90,8.1,0,,1,4.1,11,5,7,1
ADM-000843,PAT-00973,2026-07-25 11:32:28,2026-08-01 06:44:28,Pulmonology,Severe Pneumonia / ARDS,4,Walk-In,Clear / Mild,88,94,160,91,15,36.8,1,116,6.8,0,,0,4.1,11,5,7,1
ADM-000844,PAT-02216,2026-07-25 13:32:28,2026-08-05 03:56:28,Orthopedics,Multiple Trauma / Fracture,3,Ambulance,Clear / Mild,79,97,137,74,16,37.3,0,59,10.6,0,,0,4.6,13,5,7,1
ADM-000845,PAT-01484,2026-07-25 13:32:28,2026-07-30 18:20:28,Pulmonology,COPD Exacerbation,3,Ambulance,Clear / Mild,92,97,139,77,14,37.1,0,80,5.2,0,,0,4.2,13,5,7,1
ADM-000846,PAT-01349,2026-07-25 13:32:28,2026-07-27 13:32:28,Cardiology,Acute Myocardial Infarction,3,Walk-In,Clear / Mild,78,97,107,73,14,36.8,0,91,2.0,0,,0,3.6,13,5,7,1
ADM-000847,PAT-00030,2026-07-25 13:32:28,2026-08-03 20:44:28,Cardiology,Acute Myocardial Infarction,3,Ambulance,Clear / Mild,81,99,137,89,19,36.6,0,83,9.3,0,,0,4.0,13,5,7,1
ADM-000848,PAT-00456,2026-07-25 13:32:28,2026-08-04 15:56:28,ICU,Acute Renal Failure,3,Walk-In,Clear / Mild,87,100,122,81,14,37.7,0,95,10.1,0,,0,4.0,13,5,7,1
ADM-000849,PAT-01738,2026-07-25 13:32:28,2026-08-02 01:32:28,Cardiology,Congestive Heart Failure,2,Ambulance,Clear / Mild,106,87,139,74,22,40.0,5,31,7.5,0,,0,5.0,13,5,7,1
ADM-000850,PAT-02302,2026-07-25 13:32:28,2026-08-03 15:56:28,Pulmonology,Severe Pneumonia / ARDS,4,Physician Referral,Clear / Mild,100,95,104,70,15,36.7,0,158,9.1,0,,0,3.2,13,5,7,1
ADM-000851,PAT-00336,2026-07-25 15:32:28,2026-08-03 20:20:28,ICU,Sepsis / Septic Shock,2,Ambulance,Clear / Mild,94,88,130,89,17,38.1,3,31,9.2,0,,1,4.7,15,5,7,1
ADM-000852,PAT-02278,2026-07-25 15:32:28,2026-08-02 10:44:28,ICU,Diabetic Ketoacidosis (DKA),2,Ambulance,Clear / Mild,117,93,143,102,31,38.6,8,31,7.8,0,,0,5.0,15,5,7,1
ADM-000853,PAT-01241,2026-07-25 15:32:28,2026-08-10 08:20:28,ICU,Acute Renal Failure,3,Ambulance,Clear / Mild,90,99,133,78,16,36.9,0,85,15.7,0,,0,3.7,15,5,7,1
ADM-000854,PAT-02297,2026-07-25 15:32:28,2026-07-30 15:32:28,Orthopedics,Multiple Trauma / Fracture,3,Walk-In,Clear / Mild,86,98,118,81,16,36.3,0,103,5.0,0,,0,4.8,15,5,7,1
ADM-000855,PAT-00302,2026-07-25 15:32:28,2026-08-11 22:44:28,Cardiology,Acute Myocardial Infarction,2,Walk-In,Clear / Mild,132,90,135,92,26,39.6,10,35,17.3,0,,1,5.0,15,5,7,1
ADM-000856,PAT-01910,2026-07-25 15:32:28,2026-08-16 05:56:28,ICU,Acute Renal Failure,2,Physician Referral,Clear / Mild,81,91,182,101,19,39.5,7,40,21.6,0,,0,5.0,15,5,7,1
ADM-000857,PAT-01299,2026-07-25 17:32:28,2026-07-30 19:56:28,General Surgery,Gastrointestinal Hemorrhage,2,Ambulance,Freezing / Snow,102,90,146,103,23,39.8,5,51,5.1,0,,1,4.1,17,5,7,1
ADM-000858,PAT-00295,2026-07-25 17:32:28,2026-07-29 17:32:28,ICU,Diabetic Ketoacidosis (DKA),2,Ambulance,Freezing / Snow,85,90,145,78,17,38.4,3,50,4.0,0,,1,5.0,17,5,7,1
ADM-000859,PAT-00874,2026-07-25 17:32:28,2026-08-01 07:56:28,Cardiology,Congestive Heart Failure,2,Physician Referral,Freezing / Snow,126,89,117,74,24,38.3,5,42,6.6,0,,0,5.0,17,5,7,1
ADM-000860,PAT-00498,2026-07-25 17:32:28,2026-07-29 17:32:28,General Surgery,Acute Appendicitis / Laparotomy,3,Ambulance,Freezing / Snow,74,95,127,82,11,36.5,0,94,4.0,0,,0,3.9,17,5,7,1
ADM-000861,PAT-00915,2026-07-25 17:32:28,2026-07-31 19:56:28,Cardiology,Acute Myocardial Infarction,2,Walk-In,Freezing / Snow,117,89,148,83,22,37.5,5,36,6.1,0,,0,5.0,17,5,7,1
ADM-000862,PAT-01788,2026-07-25 17:32:28,2026-07-27 19:56:28,Pediatrics,Pediatric Bronchiolitis / Asthma,3,Walk-In,Freezing / Snow,96,97,143,72,11,37.0,0,89,2.1,0,,0,4.4,17,5,7,1
ADM-000863,PAT-02421,2026-07-25 19:32:28,2026-08-03 09:56:28,Cardiology,Congestive Heart Failure,2,Walk-In,Clear / Mild,128,89,166,96,24,38.6,9,47,8.6,0,,1,4.5,19,5,7,1
ADM-000864,PAT-00999,2026-07-25 19:32:28,2026-08-04 12:20:28,ICU,Sepsis / Septic Shock,1,Ambulance,Clear / Mild,94,92,151,113,24,38.4,5,7,9.7,0,,0,4.6,19,5,7,1
ADM-000865,PAT-00736,2026-07-25 21:32:28,2026-08-03 14:20:28,Pulmonology,COPD Exacerbation,3,Helicopter EMS,Clear / Mild,82,96,129,74,13,36.3,0,115,8.7,0,,1,3.3,21,5,7,1
ADM-000866,PAT-01648,2026-07-25 21:32:28,2026-07-29 19:08:28,General Surgery,Acute Appendicitis / Laparotomy,5,Walk-In,Clear / Mild,58,98,91,89,19,36.3,2,135,3.9,0,,0,4.2,21,5,7,1
ADM-000867,PAT-00985,2026-07-25 21:32:28,2026-07-28 16:44:28,General Surgery,Acute Appendicitis / Laparotomy,4,Ambulance,Clear / Mild,72,98,121,54,20,37.0,0,134,2.8,0,,0,3.7,21,5,7,1
ADM-000868,PAT-01315,2026-07-25 21:32:28,2026-08-06 07:08:28,ICU,Sepsis / Septic Shock,2,Walk-In,Clear / Mild,140,91,161,76,24,38.4,7,26,11.4,0,,0,5.0,21,5,7,1
ADM-000869,PAT-01698,2026-07-25 21:32:28,2026-08-03 11:56:28,Pulmonology,Severe Pneumonia / ARDS,3,Ambulance,Clear / Mild,64,98,120,64,15,36.6,0,64,8.6,0,,0,5.0,21,5,7,1
ADM-000870,PAT-01759,2026-07-25 23:32:28,2026-08-04 04:20:28,General Surgery,Gastrointestinal Hemorrhage,3,Walk-In,High Smog / Poor AQI,80,98,140,89,15,36.6,0,64,9.2,0,,1,4.3,23,5,7,1
ADM-000871,PAT-00476,2026-07-25 23:32:28,2026-08-02 21:08:28,Cardiology,Congestive Heart Failure,2,Physician Referral,High Smog / Poor AQI,127,91,166,111,35,38.5,10,32,7.9,0,,1,5.0,23,5,7,1
ADM-000872,PAT-00100,2026-07-26 01:32:28,2026-07-28 13:32:28,Pediatrics,Pediatric Bronchiolitis / Asthma,4,Walk-In,Clear / Mild,83,99,114,87,15,36.3,0,105,2.5,0,,0,3.4,1,6,7,1
ADM-000873,PAT-01962,2026-07-26 01:32:28,2026-08-08 13:32:28,Cardiology,Congestive Heart Failure,3,Walk-In,Clear / Mild,53,98,134,66,14,37.0,0,72,13.5,0,,0,4.9,1,6,7,1
ADM-000874,PAT-00229,2026-07-26 05:32:28,2026-08-05 12:44:28,ICU,Acute Renal Failure,3,Ambulance,Rain / Storm,87,99,129,85,15,37.3,0,117,10.3,0,,1,4.1,5,6,7,1
ADM-000875,PAT-01973,2026-07-26 05:32:28,2026-08-05 03:08:28,ICU,Diabetic Ketoacidosis (DKA),2,Ambulance,Rain / Storm,78,92,146,120,28,39.1,6,16,9.9,0,,1,4.7,5,6,7,1
ADM-000876,PAT-01460,2026-07-26 05:32:28,2026-07-29 03:08:28,Pediatrics,Pediatric Bronchiolitis / Asthma,3,Walk-In,Rain / Storm,91,96,123,67,16,37.6,0,92,2.9,0,,0,4.6,5,6,7,1
ADM-000877,PAT-01092,2026-07-26 05:32:28,2026-07-29 10:20:28,Orthopedics,Multiple Trauma / Fracture,5,Walk-In,Rain / Storm,71,98,114,90,16,37.2,0,118,3.2,0,,0,4.0,5,6,7,1
ADM-000878,PAT-01626,2026-07-26 07:32:28,2026-08-12 19:32:28,Orthopedics,Multiple Trauma / Fracture,4,Walk-In,Clear / Mild,72,98,114,68,17,36.5,0,108,17.5,0,,0,3.8,7,6,7,1
ADM-000879,PAT-00297,2026-07-26 09:32:28,2026-08-08 11:56:28,ICU,Diabetic Ketoacidosis (DKA),3,Walk-In,Clear / Mild,78,99,99,100,14,36.8,0,136,13.1,0,,0,2.8,9,6,7,1
ADM-000880,PAT-02415,2026-07-26 09:32:28,2026-07-29 16:44:28,Pediatrics,Pediatric Bronchiolitis / Asthma,5,Walk-In,Clear / Mild,79,97,106,70,16,36.3,0,140,3.3,0,,0,3.3,9,6,7,1
ADM-000881,PAT-01866,2026-07-26 09:32:28,2026-08-01 14:20:28,Pediatrics,Pediatric Bronchiolitis / Asthma,3,Ambulance,Clear / Mild,83,96,116,78,15,37.2,0,92,6.2,0,,0,4.4,9,6,7,1
ADM-000882,PAT-02372,2026-07-26 09:32:28,2026-07-31 02:20:28,Pulmonology,COPD Exacerbation,4,Walk-In,Clear / Mild,93,97,108,97,12,36.5,0,158,4.7,0,,0,3.1,9,6,7,1
ADM-000883,PAT-01044,2026-07-26 11:32:28,2026-07-31 23:32:28,General Surgery,Gastrointestinal Hemorrhage,2,Ambulance,Extreme Heat,117,88,146,102,27,38.4,8,46,5.5,0,,1,5.0,11,6,7,1
ADM-000884,PAT-01964,2026-07-26 11:32:28,2026-08-13 21:08:28,ICU,Acute Renal Failure,2,Walk-In,Extreme Heat,130,94,150,96,30,39.6,8,4,18.4,0,,0,5.0,11,6,7,1
ADM-000885,PAT-00049,2026-07-26 11:32:28,2026-08-10 09:08:28,Neurology,Acute Ischemic Stroke,3,Walk-In,Extreme Heat,52,96,142,87,17,36.6,0,82,14.9,0,,0,3.9,11,6,7,1
ADM-000886,PAT-01610,2026-07-26 11:32:28,2026-08-09 16:20:28,ICU,Acute Renal Failure,2,Walk-In,Extreme Heat,106,90,133,105,23,38.3,3,27,14.2,0,,1,4.2,11,6,7,1
ADM-000887,PAT-01495,2026-07-26 11:32:28,2026-08-03 06:44:28,ICU,Diabetic Ketoacidosis (DKA),2,Ambulance,Extreme Heat,94,98,102,82,26,38.1,3,15,7.8,0,,1,4.7,11,6,7,1
ADM-000888,PAT-00126,2026-07-26 11:32:28,2026-08-04 01:56:28,Cardiology,Acute Myocardial Infarction,2,Walk-In,Extreme Heat,112,97,153,110,28,39.3,7,23,8.6,0,,0,3.7,11,6,7,1
ADM-000889,PAT-00132,2026-07-26 11:32:28,2026-08-03 16:20:28,General Surgery,Gastrointestinal Hemorrhage,3,Ambulance,Extreme Heat,71,100,142,73,14,36.4,0,67,8.2,0,,0,4.2,11,6,7,1
ADM-000890,PAT-01036,2026-07-26 13:32:28,2026-08-15 06:20:28,ICU,Acute Renal Failure,2,Walk-In,Clear / Mild,131,86,166,109,25,40.0,12,19,19.7,0,,1,5.0,13,6,7,1
ADM-000891,PAT-00702,2026-07-26 13:32:28,2026-08-08 08:44:28,Cardiology,Congestive Heart Failure,2,Walk-In,Clear / Mild,128,83,160,83,21,39.8,7,48,12.8,0,,0,4.7,13,6,7,1
ADM-000892,PAT-02150,2026-07-26 13:32:28,2026-08-01 15:56:28,Neurology,Acute Ischemic Stroke,2,Ambulance,Clear / Mild,94,95,135,101,32,38.0,3,22,6.1,0,,0,5.0,13,6,7,1
ADM-000893,PAT-01749,2026-07-26 13:32:28,2026-08-08 20:44:28,Pulmonology,COPD Exacerbation,4,Walk-In,Clear / Mild,89,97,111,76,15,37.6,0,76,13.3,0,,0,3.8,13,6,7,1
ADM-000894,PAT-00754,2026-07-26 13:32:28,2026-08-06 15:56:28,Cardiology,Acute Myocardial Infarction,2,Walk-In,Clear / Mild,115,89,149,106,29,38.7,10,36,11.1,0,,0,3.4,13,6,7,1
ADM-000895,PAT-00093,2026-07-26 13:32:28,2026-07-29 03:56:28,ICU,Diabetic Ketoacidosis (DKA),2,Walk-In,Clear / Mild,129,95,129,90,23,39.4,4,38,2.6,0,,0,5.0,13,6,7,1
ADM-000896,PAT-00285,2026-07-26 13:32:28,2026-08-05 18:20:28,Orthopedics,Multiple Trauma / Fracture,4,Walk-In,Clear / Mild,80,98,133,62,16,36.8,0,192,10.2,0,,0,3.4,13,6,7,1
ADM-000897,PAT-00858,2026-07-26 15:32:28,2026-08-09 17:56:28,ICU,Acute Renal Failure,2,Walk-In,Clear / Mild,108,89,142,108,25,39.7,8,70,14.1,0,,0,4.4,15,6,7,1
ADM-000898,PAT-01341,2026-07-26 15:32:28,2026-08-01 22:44:28,Pulmonology,COPD Exacerbation,3,Ambulance,Clear / Mild,73,95,92,83,12,37.0,2,68,6.3,0,,1,4.3,15,6,7,1
ADM-000899,PAT-00331,2026-07-26 17:32:28,2026-08-04 17:32:28,Cardiology,Acute Myocardial Infarction,2,Ambulance,High Smog / Poor AQI,113,86,143,114,21,37.0,5,40,9.0,0,,0,4.2,17,6,7,1
ADM-000900,PAT-01049,2026-07-26 17:32:28,2026-08-11 19:56:28,General Surgery,Gastrointestinal Hemorrhage,2,Walk-In,High Smog / Poor AQI,157,92,128,81,30,39.5,8,34,16.1,0,,1,4.7,17,6,7,1
ADM-000901,PAT-00196,2026-07-26 17:32:28,2026-08-04 10:20:28,Cardiology,Acute Myocardial Infarction,2,Walk-In,High Smog / Poor AQI,130,94,116,100,33,38.0,6,52,8.7,0,,0,4.2,17,6,7,1
ADM-000902,PAT-00529,2026-07-26 17:32:28,2026-08-09 00:44:28,Neurology,Acute Ischemic Stroke,2,Walk-In,High Smog / Poor AQI,112,89,111,99,33,37.8,8,41,13.3,0,,0,4.5,17,6,7,1
ADM-000903,PAT-00946,2026-07-26 17:32:28,2026-08-18 05:32:28,Cardiology,Acute Myocardial Infarction,3,Walk-In,High Smog / Poor AQI,91,97,122,88,14,37.0,0,79,22.5,0,,1,3.9,17,6,7,1
ADM-000904,PAT-00584,2026-07-26 17:32:28,2026-08-12 22:20:28,ICU,Acute Renal Failure,2,Physician Referral,High Smog / Poor AQI,121,88,168,91,36,39.5,12,46,17.2,0,,1,4.2,17,6,7,1
ADM-000905,PAT-00839,2026-07-26 17:32:28,2026-08-01 05:32:28,Pediatrics,Pediatric Bronchiolitis / Asthma,3,Walk-In,High Smog / Poor AQI,72,99,137,77,17,35.8,0,80,5.5,0,,0,5.0,17,6,7,1
ADM-000906,PAT-02295,2026-07-26 19:32:28,2026-08-09 17:08:28,Cardiology,Acute Myocardial Infarction,3,Walk-In,Extreme Heat,77,97,122,77,17,36.6,0,98,13.9,0,,0,4.4,19,6,7,1
ADM-000907,PAT-01624,2026-07-26 19:32:28,2026-08-11 00:20:28,Neurology,Acute Ischemic Stroke,2,Ambulance,Extreme Heat,112,89,143,90,20,38.7,7,20,15.2,0,,0,5.0,19,6,7,1
ADM-000908,PAT-01580,2026-07-26 19:32:28,2026-07-30 14:44:28,ICU,Diabetic Ketoacidosis (DKA),2,Ambulance,Extreme Heat,118,87,146,116,20,36.6,5,18,3.8,0,,1,4.9,19,6,7,1
ADM-000909,PAT-00006,2026-07-26 21:32:28,2026-08-02 23:56:28,Pulmonology,Severe Pneumonia / ARDS,3,Helicopter EMS,Clear / Mild,57,99,130,66,11,36.4,0,66,7.1,0,,1,4.5,21,6,7,1
ADM-000910,PAT-00078,2026-07-26 21:32:28,2026-08-07 09:32:28,Orthopedics,Multiple Trauma / Fracture,3,Walk-In,Clear / Mild,56,96,121,80,13,36.7,0,142,11.5,0,,0,3.3,21,6,7,1
ADM-000911,PAT-02239,2026-07-26 23:32:28,2026-08-09 04:20:28,Pulmonology,Severe Pneumonia / ARDS,3,Ambulance,Clear / Mild,84,97,132,80,16,36.6,0,95,13.2,0,,0,4.0,23,6,7,1
ADM-000912,PAT-00390,2026-07-27 01:32:28,2026-07-30 01:32:28,General Surgery,Acute Appendicitis / Laparotomy,3,Walk-In,Clear / Mild,68,97,152,74,17,36.6,0,76,3.0,0,,0,4.6,1,0,7,0
ADM-000913,PAT-00015,2026-07-27 05:32:28,2026-07-30 15:08:28,Pediatrics,Pediatric Bronchiolitis / Asthma,3,Walk-In,Clear / Mild,98,96,126,72,16,36.2,0,89,3.4,0,,0,3.7,5,0,7,0
ADM-000914,PAT-00075,2026-07-27 07:32:28,2026-08-06 12:20:28,ICU,Acute Renal Failure,3,Ambulance,Clear / Mild,47,97,80,70,15,37.4,4,96,10.2,0,,0,4.4,7,0,7,0
ADM-000915,PAT-01703,2026-07-27 07:32:28,2026-08-16 07:32:28,Cardiology,Congestive Heart Failure,3,Ambulance,Clear / Mild,78,98,105,69,14,36.8,0,53,20.0,0,,1,4.8,7,0,7,0
ADM-000916,PAT-01358,2026-07-27 09:32:28,2026-08-02 07:08:28,Pulmonology,COPD Exacerbation,3,Walk-In,Extreme Heat,78,98,122,76,15,36.5,0,115,5.9,0,,1,3.6,9,0,7,0
ADM-000917,PAT-02264,2026-07-27 09:32:28,2026-08-04 07:08:28,Cardiology,Acute Myocardial Infarction,2,Ambulance,Extreme Heat,156,92,87,106,25,37.3,8,49,7.9,0,,1,5.0,9,0,7,0
ADM-000918,PAT-01823,2026-07-27 11:32:28,2026-08-20 06:44:28,ICU,Acute Renal Failure,2,Walk-In,Clear / Mild,148,87,117,88,21,38.8,7,29,23.8,0,,0,4.4,11,0,7,0
ADM-000919,PAT-00235,2026-07-27 11:32:28,2026-08-07 13:56:28,General Surgery,Gastrointestinal Hemorrhage,3,Walk-In,Clear / Mild,76,96,138,61,15,36.8,0,73,11.1,0,,0,4.5,11,0,7,0
ADM-000920,PAT-00715,2026-07-27 11:32:28,2026-08-04 13:56:28,Pulmonology,COPD Exacerbation,4,Ambulance,Clear / Mild,77,97,116,72,17,36.5,0,127,8.1,0,,0,4.2,11,0,7,0
ADM-000921,PAT-00192,2026-07-27 11:32:28,2026-08-07 01:56:28,Cardiology,Congestive Heart Failure,2,Physician Referral,Clear / Mild,129,87,167,96,23,38.8,9,35,10.6,0,,0,5.0,11,0,7,0
ADM-000922,PAT-01309,2026-07-27 13:32:28,2026-08-01 06:20:28,ICU,Diabetic Ketoacidosis (DKA),3,Ambulance,Extreme Heat,85,95,139,71,18,35.8,0,105,4.7,0,,0,3.9,13,0,7,0
ADM-000923,PAT-02226,2026-07-27 13:32:28,2026-08-08 18:20:28,ICU,Diabetic Ketoacidosis (DKA),2,Walk-In,Extreme Heat,148,80,172,108,27,38.9,12,19,12.2,0,,1,5.0,13,0,7,0
ADM-000924,PAT-01824,2026-07-27 13:32:28,2026-07-31 20:44:28,Pulmonology,Severe Pneumonia / ARDS,4,Walk-In,Extreme Heat,92,98,124,83,13,36.2,0,156,4.3,0,,0,3.4,13,0,7,0
ADM-000925,PAT-01044,2026-07-27 13:32:28,2026-07-31 06:20:28,Pulmonology,COPD Exacerbation,4,Walk-In,Extreme Heat,80,96,110,82,17,36.5,0,184,3.7,0,,0,3.8,13,0,7,0
ADM-000926,PAT-00029,2026-07-27 13:32:28,2026-08-01 01:32:28,General Surgery,Gastrointestinal Hemorrhage,3,Walk-In,Extreme Heat,82,100,132,71,15,36.9,0,86,4.5,0,,0,4.7,13,0,7,0
ADM-000927,PAT-01769,2026-07-27 13:32:28,2026-08-10 01:32:28,Cardiology,Congestive Heart Failure,3,Ambulance,Extreme Heat,75,95,125,74,12,36.5,0,81,13.5,0,,0,4.2,13,0,7,0
ADM-000928,PAT-00730,2026-07-27 15:32:28,2026-08-03 15:32:28,Pediatrics,Pediatric Bronchiolitis / Asthma,5,Walk-In,Freezing / Snow,75,97,132,82,18,36.7,0,167,7.0,0,,0,3.7,15,0,7,0
ADM-000929,PAT-01346,2026-07-27 15:32:28,2026-07-31 15:32:28,General Surgery,Gastrointestinal Hemorrhage,3,Ambulance,Freezing / Snow,76,97,104,74,18,37.2,0,93,4.0,0,,0,3.9,15,0,7,0
ADM-000930,PAT-00742,2026-07-27 15:32:28,2026-08-05 10:44:28,Cardiology,Acute Myocardial Infarction,2,Ambulance,Freezing / Snow,125,93,164,97,25,37.4,8,34,8.8,0,,0,5.0,15,0,7,0
ADM-000931,PAT-01823,2026-07-27 17:32:28,2026-08-01 19:56:28,General Surgery,Acute Appendicitis / Laparotomy,4,Physician Referral,Clear / Mild,55,96,123,90,17,37.4,0,97,5.1,0,,0,4.3,17,0,7,0
ADM-000932,PAT-00772,2026-07-27 17:32:28,2026-08-02 10:20:28,General Surgery,Acute Appendicitis / Laparotomy,5,Ambulance,Clear / Mild,67,96,105,87,14,37.2,0,111,5.7,0,,0,4.1,17,0,7,0
ADM-000933,PAT-01252,2026-07-27 17:32:28,2026-08-02 22:20:28,Pulmonology,COPD Exacerbation,3,Physician Referral,Clear / Mild,70,98,115,55,13,36.4,0,103,6.2,0,,0,3.6,17,0,7,0
ADM-000934,PAT-00427,2026-07-27 19:32:28,2026-08-04 05:08:28,Cardiology,Congestive Heart Failure,3,Walk-In,Clear / Mild,86,98,122,92,17,36.5,0,92,7.4,0,,0,4.2,19,0,7,0
ADM-000935,PAT-01461,2026-07-27 19:32:28,2026-08-06 12:20:28,ICU,Diabetic Ketoacidosis (DKA),2,Physician Referral,Clear / Mild,163,91,103,86,16,38.1,5,34,9.7,0,,1,4.0,19,0,7,0
ADM-000936,PAT-00447,2026-07-27 19:32:28,2026-07-31 19:32:28,Pulmonology,COPD Exacerbation,4,Physician Referral,Clear / Mild,82,98,126,77,13,37.0,0,83,4.0,0,,1,5.0,19,0,7,0
ADM-000937,PAT-00841,2026-07-27 19:32:28,2026-08-03 17:08:28,Neurology,Acute Ischemic Stroke,2,Walk-In,Clear / Mild,92,86,162,109,27,39.0,10,40,6.9,0,,0,5.0,19,0,7,0
ADM-000938,PAT-02106,2026-07-27 21:32:28,2026-08-14 11:56:28,Neurology,Acute Ischemic Stroke,2,Walk-In,Clear / Mild,104,90,143,102,26,38.7,8,41,17.6,0,,0,4.3,21,0,7,0
ADM-000939,PAT-00533,2026-07-27 21:32:28,2026-08-03 04:44:28,ICU,Acute Renal Failure,2,Ambulance,Clear / Mild,135,93,160,98,24,37.9,3,41,6.3,0,,0,4.9,21,0,7,0
ADM-000940,PAT-02031,2026-07-28 01:32:28,2026-08-09 20:44:28,Pulmonology,Severe Pneumonia / ARDS,3,Walk-In,Clear / Mild,72,97,120,78,16,37.0,0,127,12.8,0,,1,3.7,1,1,7,0
ADM-000941,PAT-02344,2026-07-28 03:32:28,2026-07-30 20:20:28,Pediatrics,Pediatric Bronchiolitis / Asthma,4,Walk-In,Clear / Mild,89,96,126,82,14,36.8,0,62,2.7,0,,0,4.5,3,1,7,0
ADM-000942,PAT-02435,2026-07-28 03:32:28,2026-08-20 15:32:28,ICU,Sepsis / Septic Shock,2,Ambulance,Clear / Mild,104,94,142,78,26,38.9,6,28,23.5,0,,0,5.0,3,1,7,0
ADM-000943,PAT-01614,2026-07-28 03:32:28,2026-08-13 17:56:28,Cardiology,Acute Myocardial Infarction,3,Ambulance,Clear / Mild,81,97,128,75,17,36.3,0,116,16.6,0,,0,5.0,3,1,7,0
ADM-000944,PAT-01990,2026-07-28 05:32:28,2026-08-08 07:56:28,General Surgery,Gastrointestinal Hemorrhage,2,Walk-In,Clear / Mild,133,94,184,93,32,37.9,8,45,11.1,0,,0,4.7,5,1,7,0
ADM-000945,PAT-00597,2026-07-28 05:32:28,2026-08-01 07:56:28,ICU,Diabetic Ketoacidosis (DKA),2,Ambulance,Clear / Mild,119,93,167,85,22,37.7,5,32,4.1,0,,0,5.0,5,1,7,0
ADM-000946,PAT-02098,2026-07-28 07:32:28,2026-08-05 14:44:28,Orthopedics,Multiple Trauma / Fracture,4,Walk-In,Extreme Heat,76,99,124,73,15,36.3,0,53,8.3,0,,0,5.0,7,1,7,0
ADM-000947,PAT-00962,2026-07-28 09:32:28,2026-08-01 07:08:28,Pediatrics,Pediatric Bronchiolitis / Asthma,3,Ambulance,Clear / Mild,67,97,122,76,19,37.1,0,50,3.9,0,,1,4.4,9,1,7,0
ADM-000948,PAT-02329,2026-07-28 09:32:28,2026-08-04 23:56:28,Cardiology,Acute Myocardial Infarction,3,Walk-In,Clear / Mild,73,98,131,72,13,36.8,0,83,7.6,0,,0,4.6,9,1,7,0
ADM-000949,PAT-01166,2026-07-28 09:32:28,2026-08-03 16:44:28,Pediatrics,Pediatric Bronchiolitis / Asthma,4,Ambulance,Clear / Mild,85,97,137,88,20,37.5,0,93,6.3,0,,0,3.8,9,1,7,0
ADM-000950,PAT-01218,2026-07-28 09:32:28,2026-08-11 14:20:28,Pulmonology,Severe Pneumonia / ARDS,3,Ambulance,Clear / Mild,73,98,95,60,12,37.0,0,99,14.2,0,,0,4.4,9,1,7,0
ADM-000951,PAT-01035,2026-07-28 09:32:28,2026-08-13 02:20:28,Pulmonology,Severe Pneumonia / ARDS,3,Ambulance,Clear / Mild,89,95,119,69,16,36.8,0,67,15.7,0,,1,4.1,9,1,7,0
ADM-000952,PAT-01651,2026-07-28 09:32:28,2026-08-01 02:20:28,Pediatrics,Pediatric Bronchiolitis / Asthma,5,Walk-In,Clear / Mild,73,97,144,86,15,36.4,0,191,3.7,0,,0,2.6,9,1,7,0
ADM-000953,PAT-01580,2026-07-28 09:32:28,2026-08-06 19:08:28,ICU,Acute Renal Failure,3,Walk-In,Clear / Mild,87,96,133,69,14,36.2,0,62,9.4,0,,0,3.9,9,1,7,0
ADM-000954,PAT-01852,2026-07-28 11:32:28,2026-08-05 18:44:28,Pulmonology,COPD Exacerbation,5,Walk-In,Clear / Mild,78,97,124,91,17,37.0,0,81,8.3,0,,0,4.1,11,1,7,0
ADM-000955,PAT-01062,2026-07-28 11:32:28,2026-07-31 21:08:28,Neurology,Acute Ischemic Stroke,2,Ambulance,Clear / Mild,113,92,169,103,27,38.2,8,44,3.4,0,,0,5.0,11,1,7,0
ADM-000956,PAT-02113,2026-07-28 11:32:28,2026-08-04 13:56:28,Pulmonology,COPD Exacerbation,5,Ambulance,Clear / Mild,78,98,96,82,17,36.8,0,79,7.1,0,,0,5.0,11,1,7,0
ADM-000957,PAT-00222,2026-07-28 11:32:28,2026-07-31 09:08:28,General Surgery,Acute Appendicitis / Laparotomy,4,Ambulance,Clear / Mild,73,97,117,65,14,36.8,0,91,2.9,0,,0,4.9,11,1,7,0
ADM-000958,PAT-02074,2026-07-28 13:32:28,2026-08-04 08:44:28,Pulmonology,COPD Exacerbation,3,Ambulance,Clear / Mild,93,97,143,77,14,36.5,0,132,6.8,0,,0,4.5,13,1,7,0
ADM-000959,PAT-02036,2026-07-28 13:32:28,2026-08-04 11:08:28,Pulmonology,COPD Exacerbation,3,Physician Referral,Clear / Mild,79,94,103,71,14,37.3,1,93,6.9,0,,0,3.3,13,1,7,0
ADM-000960,PAT-02156,2026-07-28 15:32:28,2026-08-07 10:44:28,Pulmonology,Severe Pneumonia / ARDS,5,Walk-In,Clear / Mild,75,96,100,67,17,36.7,0,60,9.8,0,,0,4.3,15,1,7,0
ADM-000961,PAT-00160,2026-07-28 15:32:28,2026-08-04 10:44:28,General Surgery,Acute Appendicitis / Laparotomy,4,Ambulance,Clear / Mild,75,97,140,91,12,36.9,0,89,6.8,0,,1,3.9,15,1,7,0
ADM-000962,PAT-01814,2026-07-28 15:32:28,2026-08-15 03:32:28,ICU,Acute Renal Failure,3,Ambulance,Clear / Mild,75,98,131,80,14,36.5,0,68,17.5,0,,0,3.8,15,1,7,0
ADM-000963,PAT-01908,2026-07-28 15:32:28,2026-08-09 01:08:28,Orthopedics,Multiple Trauma / Fracture,3,Physician Referral,Clear / Mild,68,96,126,77,15,37.4,0,52,11.4,0,,0,5.0,15,1,7,0
ADM-000964,PAT-00792,2026-07-28 15:32:28,2026-08-02 13:08:28,Pulmonology,COPD Exacerbation,4,Ambulance,Clear / Mild,71,99,117,61,15,36.2,0,97,4.9,0,,1,5.0,15,1,7,0
ADM-000965,PAT-02081,2026-07-28 15:32:28,2026-08-02 10:44:28,ICU,Diabetic Ketoacidosis (DKA),2,Ambulance,Clear / Mild,122,88,145,99,33,39.0,10,23,4.8,0,,1,5.0,15,1,7,0
ADM-000966,PAT-02053,2026-07-28 17:32:28,2026-08-04 17:32:28,Pulmonology,COPD Exacerbation,3,Walk-In,Clear / Mild,94,97,116,82,12,36.7,0,47,7.0,0,,1,4.7,17,1,7,0
ADM-000967,PAT-02383,2026-07-28 17:32:28,2026-08-03 15:08:28,Pediatrics,Pediatric Bronchiolitis / Asthma,4,Walk-In,Clear / Mild,65,97,126,90,15,37.2,0,81,5.9,0,,0,4.7,17,1,7,0
ADM-000968,PAT-00178,2026-07-28 17:32:28,2026-08-03 19:56:28,General Surgery,Gastrointestinal Hemorrhage,2,Walk-In,Clear / Mild,92,90,138,106,29,38.3,6,36,6.1,0,,0,4.4,17,1,7,0
ADM-000969,PAT-01609,2026-07-28 19:32:28,2026-08-04 02:44:28,Pulmonology,COPD Exacerbation,3,Walk-In,Clear / Mild,87,97,116,77,14,36.8,0,70,6.3,0,,0,4.5,19,1,7,0
ADM-000970,PAT-01356,2026-07-28 19:32:28,2026-08-04 00:20:28,Cardiology,Congestive Heart Failure,2,Walk-In,Clear / Mild,89,84,123,95,24,36.6,3,37,6.2,0,,0,5.0,19,1,7,0
ADM-000971,PAT-00772,2026-07-28 21:32:28,2026-08-08 23:56:28,ICU,Sepsis / Septic Shock,2,Walk-In,Rain / Storm,100,87,133,103,20,39.5,5,35,11.1,0,,0,5.0,21,1,7,0
ADM-000972,PAT-00307,2026-07-28 21:32:28,2026-08-07 21:32:28,Pulmonology,Severe Pneumonia / ARDS,3,Ambulance,Rain / Storm,71,98,137,71,12,37.1,0,75,10.0,0,,0,4.6,21,1,7,0
ADM-000973,PAT-01850,2026-07-29 05:32:28,2026-08-06 19:56:28,Cardiology,Acute Myocardial Infarction,3,Walk-In,Clear / Mild,73,97,132,84,12,36.6,0,58,8.6,0,,1,5.0,5,2,7,0
ADM-000974,PAT-01031,2026-07-29 07:32:28,2026-08-05 00:20:28,Cardiology,Congestive Heart Failure,2,Physician Referral,Clear / Mild,117,85,117,92,24,38.1,5,38,6.7,0,,0,4.9,7,2,7,0
ADM-000975,PAT-01477,2026-07-29 07:32:28,2026-08-01 05:08:28,Pediatrics,Pediatric Bronchiolitis / Asthma,3,Walk-In,Clear / Mild,84,97,98,73,13,36.9,0,46,2.9,0,,0,5.0,7,2,7,0
ADM-000976,PAT-00656,2026-07-29 07:32:28,2026-08-10 14:44:28,Cardiology,Congestive Heart Failure,2,Walk-In,Clear / Mild,97,96,150,76,20,38.7,2,14,12.3,0,,0,5.0,7,2,7,0
ADM-000977,PAT-00382,2026-07-29 07:32:28,2026-08-12 09:56:28,ICU,Acute Renal Failure,2,Ambulance,Clear / Mild,105,90,186,97,17,38.8,7,33,14.1,0,,0,4.4,7,2,7,0
ADM-000978,PAT-01715,2026-07-29 09:32:28,2026-08-03 16:44:28,Pulmonology,COPD Exacerbation,3,Ambulance,Clear / Mild,87,99,128,89,15,36.7,0,111,5.3,0,,1,3.8,9,2,7,0
ADM-000979,PAT-00631,2026-07-29 09:32:28,2026-08-08 09:32:28,ICU,Sepsis / Septic Shock,2,Helicopter EMS,Clear / Mild,123,93,102,98,27,39.7,8,45,10.0,0,,0,4.1,9,2,7,0
ADM-000980,PAT-00971,2026-07-29 09:32:28,2026-08-16 16:44:28,ICU,Acute Renal Failure,3,Walk-In,Clear / Mild,83,100,129,81,16,36.6,0,115,18.3,0,,1,3.9,9,2,7,0
ADM-000981,PAT-01161,2026-07-29 09:32:28,2026-08-03 07:08:28,Orthopedics,Multiple Trauma / Fracture,4,Walk-In,Clear / Mild,49,98,120,74,16,36.2,2,89,4.9,0,,0,5.0,9,2,7,0
ADM-000982,PAT-01052,2026-07-29 09:32:28,2026-08-05 19:08:28,Pulmonology,COPD Exacerbation,3,Ambulance,Clear / Mild,66,98,141,87,17,37.0,0,72,7.4,0,,0,4.3,9,2,7,0
ADM-000983,PAT-00517,2026-07-29 11:32:28,2026-08-12 13:56:28,Orthopedics,Multiple Trauma / Fracture,3,Walk-In,Clear / Mild,67,97,116,86,17,36.9,0,84,14.1,0,,1,4.5,11,2,7,0
ADM-000984,PAT-02042,2026-07-29 11:32:28,2026-08-02 16:20:28,General Surgery,Acute Appendicitis / Laparotomy,4,Ambulance,Clear / Mild,87,100,128,83,16,36.5,0,71,4.2,0,,0,5.0,11,2,7,0
ADM-000985,PAT-00887,2026-07-29 11:32:28,2026-08-10 16:20:28,Neurology,Acute Ischemic Stroke,3,Walk-In,Clear / Mild,76,97,115,79,15,36.7,0,73,12.2,0,,0,4.7,11,2,7,0
ADM-000986,PAT-00786,2026-07-29 11:32:28,2026-08-03 21:08:28,Pediatrics,Pediatric Bronchiolitis / Asthma,4,Walk-In,Clear / Mild,68,98,111,70,14,36.9,0,123,5.4,0,,0,4.5,11,2,7,0
ADM-000987,PAT-01684,2026-07-29 11:32:28,2026-08-09 21:08:28,Cardiology,Acute Myocardial Infarction,2,Walk-In,Clear / Mild,116,90,191,105,30,38.2,10,39,11.4,0,,0,4.9,11,2,7,0
ADM-000988,PAT-01001,2026-07-29 11:32:28,2026-08-07 06:44:28,Orthopedics,Multiple Trauma / Fracture,4,Ambulance,Clear / Mild,49,98,135,78,14,36.7,2,137,8.8,0,,0,2.7,11,2,7,0
ADM-000989,PAT-01738,2026-07-29 13:32:28,2026-08-01 13:32:28,Pediatrics,Pediatric Bronchiolitis / Asthma,3,Physician Referral,Extreme Heat,75,98,107,71,17,37.2,0,38,3.0,0,,0,4.6,13,2,7,0
ADM-000990,PAT-00255,2026-07-29 13:32:28,2026-08-06 13:32:28,Pediatrics,Pediatric Bronchiolitis / Asthma,3,Physician Referral,Extreme Heat,87,97,134,76,17,36.9,0,40,8.0,0,,0,4.9,13,2,7,0
ADM-000991,PAT-01876,2026-07-29 15:32:28,2026-08-01 10:44:28,Pediatrics,Pediatric Bronchiolitis / Asthma,3,Ambulance,Clear / Mild,84,98,120,69,16,36.8,0,5,2.8,0,,0,5.0,15,2,7,0
ADM-000992,PAT-00098,2026-07-29 15:32:28,2026-08-07 05:56:28,General Surgery,Gastrointestinal Hemorrhage,2,Walk-In,Clear / Mild,113,85,184,121,34,39.0,12,41,8.6,0,,1,4.0,15,2,7,0
ADM-000993,PAT-00849,2026-07-29 17:32:28,2026-08-01 17:32:28,Pediatrics,Pediatric Bronchiolitis / Asthma,4,Walk-In,Clear / Mild,105,99,100,91,18,36.7,0,87,3.0,0,,0,4.5,17,2,7,0
ADM-000994,PAT-01873,2026-07-29 17:32:28,2026-08-15 12:44:28,Orthopedics,Multiple Trauma / Fracture,4,Helicopter EMS,Clear / Mild,68,98,116,65,20,36.3,0,119,16.8,0,,0,4.0,17,2,7,0
ADM-000995,PAT-00303,2026-07-29 19:32:28,2026-08-12 09:56:28,ICU,Diabetic Ketoacidosis (DKA),3,Ambulance,Clear / Mild,81,98,133,95,19,36.9,0,44,13.6,0,,0,4.9,19,2,7,0
ADM-000996,PAT-00948,2026-07-29 19:32:28,2026-08-02 07:32:28,Pediatrics,Pediatric Bronchiolitis / Asthma,4,Ambulance,Clear / Mild,86,96,132,87,13,36.9,0,97,3.5,0,,0,4.2,19,2,7,0
ADM-000997,PAT-02443,2026-07-29 19:32:28,2026-08-05 09:56:28,ICU,Sepsis / Septic Shock,2,Walk-In,Clear / Mild,85,86,130,98,27,38.7,8,34,6.6,0,,0,4.3,19,2,7,0
ADM-000998,PAT-00601,2026-07-29 19:32:28,2026-08-05 19:32:28,Cardiology,Congestive Heart Failure,2,Walk-In,Clear / Mild,118,88,159,107,21,37.6,5,21,7.0,0,,1,5.0,19,2,7,0
ADM-000999,PAT-00710,2026-07-29 21:32:28,2026-08-25 11:56:28,Orthopedics,Multiple Trauma / Fracture,3,Walk-In,Clear / Mild,97,96,118,78,14,36.1,0,15,26.6,0,,0,5.0,21,2,7,0
ADM-001000,PAT-00596,2026-07-29 21:32:28,2026-08-03 19:08:28,ICU,Diabetic Ketoacidosis (DKA),2,Walk-In,Clear / Mild,122,95,144,96,29,38.8,7,31,4.9,0,,0,4.7,21,2,7,0
ADM-001001,PAT-00745,2026-07-29 21:32:28,2026-08-06 02:20:28,General Surgery,Acute Appendicitis / Laparotomy,4,Walk-In,Clear / Mild,64,99,142,71,16,37.1,0,124,7.2,0,,0,3.6,21,2,7,0
ADM-001002,PAT-01328,2026-07-29 21:32:28,2026-08-03 14:20:28,General Surgery,Acute Appendicitis / Laparotomy,4,Walk-In,Clear / Mild,60,98,106,86,14,36.7,0,140,4.7,0,,0,4.3,21,2,7,0
ADM-001003,PAT-00683,2026-07-29 21:32:28,2026-08-02 04:44:28,ICU,Diabetic Ketoacidosis (DKA),3,Walk-In,Clear / Mild,65,97,127,81,14,36.3,0,88,3.3,0,,0,4.4,21,2,7,0
ADM-001004,PAT-00651,2026-07-29 21:32:28,2026-08-18 11:56:28,General Surgery,Gastrointestinal Hemorrhage,3,Ambulance,Clear / Mild,78,100,105,63,13,37.3,0,70,19.6,0,,0,5.0,21,2,7,0
ADM-001005,PAT-01727,2026-07-30 03:32:28,2026-08-03 05:56:28,Pediatrics,Pediatric Bronchiolitis / Asthma,4,Helicopter EMS,High Smog / Poor AQI,78,95,144,73,17,36.2,0,150,4.1,0,,0,3.4,3,3,7,0
ADM-001006,PAT-01498,2026-07-30 05:32:28,2026-08-06 12:44:28,ICU,Diabetic Ketoacidosis (DKA),2,Walk-In,Rain / Storm,120,91,124,96,26,38.6,10,38,7.3,0,,0,5.0,5,3,7,0
ADM-001007,PAT-00054,2026-07-30 07:32:28,2026-08-05 14:44:28,Pediatrics,Pediatric Bronchiolitis / Asthma,3,Ambulance,Clear / Mild,68,99,90,81,16,36.7,2,98,6.3,0,,1,4.2,7,3,7,0
ADM-001008,PAT-01748,2026-07-30 07:32:28,2026-08-03 14:44:28,Pulmonology,Severe Pneumonia / ARDS,3,Ambulance,Clear / Mild,90,97,136,83,15,36.8,0,90,4.3,0,,0,4.3,7,3,7,0
ADM-001009,PAT-01404,2026-07-30 09:32:28,2026-08-14 19:08:28,ICU,Sepsis / Septic Shock,1,Ambulance,Extreme Heat,88,82,150,77,29,38.4,10,22,15.4,0,,0,5.0,9,3,7,0
ADM-001010,PAT-01923,2026-07-30 09:32:28,2026-08-04 21:32:28,General Surgery,Acute Appendicitis / Laparotomy,4,Walk-In,Extreme Heat,112,97,126,78,15,36.5,2,90,5.5,0,,1,3.7,9,3,7,0
ADM-001011,PAT-00015,2026-07-30 09:32:28,2026-08-04 11:56:28,General Surgery,Gastrointestinal Hemorrhage,3,Walk-In,Extreme Heat,71,94,128,77,18,36.9,1,45,5.1,0,,0,4.1,9,3,7,0
ADM-001012,PAT-01918,2026-07-30 09:32:28,2026-08-01 19:08:28,General Surgery,Acute Appendicitis / Laparotomy,4,Walk-In,Extreme Heat,70,99,121,88,13,37.2,0,26,2.4,0,,0,5.0,9,3,7,0
ADM-001013,PAT-02106,2026-07-30 11:32:28,2026-08-07 06:44:28,ICU,Diabetic Ketoacidosis (DKA),3,Physician Referral,Clear / Mild,101,98,131,64,20,36.3,0,96,7.8,0,,1,4.7,11,3,7,0
ADM-001014,PAT-01255,2026-07-30 11:32:28,2026-08-11 23:32:28,ICU,Sepsis / Septic Shock,1,Ambulance,Clear / Mild,132,94,121,109,31,37.6,10,9,12.5,0,,0,5.0,11,3,7,0
ADM-001015,PAT-00601,2026-07-30 11:32:28,2026-08-05 21:08:28,Orthopedics,Multiple Trauma / Fracture,4,Walk-In,Clear / Mild,83,96,125,80,15,37.1,0,58,6.4,0,,0,4.6,11,3,7,0
ADM-001016,PAT-01547,2026-07-30 11:32:28,2026-08-08 11:32:28,Pulmonology,Severe Pneumonia / ARDS,3,Walk-In,Clear / Mild,87,99,105,82,14,36.3,0,81,9.0,0,,0,4.4,11,3,7,0
ADM-001017,PAT-02019,2026-07-30 11:32:28,2026-08-10 18:44:28,Cardiology,Congestive Heart Failure,3,Physician Referral,Clear / Mild,87,95,110,64,15,37.0,0,51,11.3,0,,1,4.6,11,3,7,0
ADM-001018,PAT-01586,2026-07-30 11:32:28,2026-08-09 16:20:28,General Surgery,Gastrointestinal Hemorrhage,3,Walk-In,Clear / Mild,50,99,114,77,14,37.4,0,59,10.2,0,,1,4.0,11,3,7,0
ADM-001019,PAT-00825,2026-07-30 11:32:28,2026-08-07 09:08:28,Cardiology,Congestive Heart Failure,3,Physician Referral,Clear / Mild,58,96,119,70,14,36.7,0,75,7.9,0,,0,4.8,11,3,7,0
ADM-001020,PAT-01934,2026-07-30 13:32:28,2026-08-01 15:56:28,Pediatrics,Pediatric Bronchiolitis / Asthma,4,Ambulance,Clear / Mild,90,97,118,76,18,36.7,0,105,2.1,0,,0,5.0,13,3,7,0
ADM-001021,PAT-02387,2026-07-30 13:32:28,2026-08-09 06:20:28,ICU,Diabetic Ketoacidosis (DKA),2,Walk-In,Clear / Mild,132,89,137,98,28,37.9,8,36,9.7,0,,1,5.0,13,3,7,0
ADM-001022,PAT-01076,2026-07-30 13:32:28,2026-08-19 20:44:28,ICU,Sepsis / Septic Shock,2,Walk-In,Clear / Mild,133,97,136,103,32,37.7,5,50,20.3,0,,0,4.5,13,3,7,0
ADM-001023,PAT-01107,2026-07-30 13:32:28,2026-08-08 08:44:28,Cardiology,Congestive Heart Failure,3,Ambulance,Clear / Mild,61,100,138,81,15,36.6,0,120,8.8,0,,1,4.0,13,3,7,0
ADM-001024,PAT-02474,2026-07-30 13:32:28,2026-08-06 03:56:28,Cardiology,Congestive Heart Failure,3,Ambulance,Clear / Mild,104,96,121,74,13,36.7,0,116,6.6,0,,0,4.2,13,3,7,0
ADM-001025,PAT-01803,2026-07-30 15:32:28,2026-08-08 10:44:28,Cardiology,Acute Myocardial Infarction,3,Walk-In,Clear / Mild,89,98,122,86,13,36.3,0,95,8.8,0,,1,4.0,15,3,7,0
ADM-001026,PAT-02108,2026-07-30 15:32:28,2026-08-17 22:44:28,General Surgery,Gastrointestinal Hemorrhage,3,Walk-In,Clear / Mild,78,100,129,73,18,36.7,0,82,18.3,0,,0,4.5,15,3,7,0
ADM-001027,PAT-01504,2026-07-30 15:32:28,2026-08-08 22:44:28,ICU,Sepsis / Septic Shock,1,Ambulance,Clear / Mild,127,94,198,82,33,39.5,14,7,9.3,0,,0,5.0,15,3,7,0
ADM-001028,PAT-01931,2026-07-30 15:32:28,2026-08-07 20:20:28,Pulmonology,Severe Pneumonia / ARDS,3,Walk-In,Clear / Mild,91,100,137,58,16,36.2,0,111,8.2,0,,0,4.1,15,3,7,0
ADM-001029,PAT-01528,2026-07-30 17:32:28,2026-08-06 07:56:28,General Surgery,Gastrointestinal Hemorrhage,2,Walk-In,Clear / Mild,111,89,154,102,24,39.4,7,22,6.6,0,,0,5.0,17,3,7,0
ADM-001030,PAT-01203,2026-07-30 19:32:28,2026-08-11 00:20:28,Orthopedics,Multiple Trauma / Fracture,3,Walk-In,Clear / Mild,107,97,110,89,16,36.7,0,99,11.2,0,,0,3.9,19,3,7,0
ADM-001031,PAT-00376,2026-07-30 19:32:28,2026-08-10 19:32:28,Cardiology,Acute Myocardial Infarction,3,Ambulance,Clear / Mild,87,97,108,41,14,36.7,0,87,11.0,0,,1,4.3,19,3,7,0
ADM-001032,PAT-01921,2026-07-30 19:32:28,2026-08-12 21:56:28,Cardiology,Acute Myocardial Infarction,3,Walk-In,Clear / Mild,83,96,131,81,13,36.9,0,67,13.1,0,,0,4.8,19,3,7,0
ADM-001033,PAT-00116,2026-07-30 19:32:28,2026-08-05 17:08:28,General Surgery,Gastrointestinal Hemorrhage,2,Walk-In,Clear / Mild,129,95,197,76,25,38.4,7,47,5.9,0,,1,5.0,19,3,7,0
ADM-001034,PAT-01184,2026-07-30 19:32:28,2026-08-02 12:20:28,Pediatrics,Pediatric Bronchiolitis / Asthma,3,Ambulance,Clear / Mild,80,97,129,70,13,37.3,0,70,2.7,0,,0,5.0,19,3,7,0
ADM-001035,PAT-00720,2026-07-30 21:32:28,2026-08-13 09:32:28,Cardiology,Acute Myocardial Infarction,2,Physician Referral,Clear / Mild,114,97,137,97,27,37.5,5,43,13.5,0,,1,4.7,21,3,7,0
ADM-001036,PAT-01928,2026-07-30 21:32:28,2026-08-06 04:44:28,Pulmonology,COPD Exacerbation,5,Ambulance,Clear / Mild,107,96,138,85,15,36.5,0,126,6.3,0,,0,3.4,21,3,7,0
ADM-001037,PAT-01888,2026-07-30 21:32:28,2026-08-08 19:08:28,ICU,Acute Renal Failure,3,Ambulance,Clear / Mild,65,95,140,83,17,37.0,0,61,8.9,0,,0,4.7,21,3,7,0
ADM-001038,PAT-00943,2026-07-30 21:32:28,2026-08-02 19:08:28,Pediatrics,Pediatric Bronchiolitis / Asthma,3,Ambulance,Clear / Mild,79,99,103,105,16,36.9,0,113,2.9,0,,0,4.6,21,3,7,0
ADM-001039,PAT-01267,2026-07-30 23:32:28,2026-08-03 21:08:28,Pulmonology,Severe Pneumonia / ARDS,4,Walk-In,Clear / Mild,71,98,128,88,15,36.2,0,125,3.9,0,,0,4.4,23,3,7,0
ADM-001040,PAT-01057,2026-07-30 23:32:28,2026-08-11 13:56:28,ICU,Acute Renal Failure,3,Walk-In,Clear / Mild,76,99,170,79,13,36.6,2,112,11.6,0,,1,4.3,23,3,7,0
ADM-001041,PAT-01165,2026-07-30 23:32:28,2026-08-15 01:56:28,Cardiology,Congestive Heart Failure,2,Ambulance,Clear / Mild,124,96,183,106,15,39.1,6,15,15.1,0,,1,5.0,23,3,7,0
ADM-001042,PAT-01501,2026-07-31 01:32:28,2026-08-07 13:32:28,Cardiology,Congestive Heart Failure,3,Physician Referral,Clear / Mild,53,97,110,101,15,37.3,0,81,7.5,0,,1,3.6,1,4,7,0
ADM-001043,PAT-00942,2026-07-31 03:32:28,2026-08-04 20:20:28,General Surgery,Acute Appendicitis / Laparotomy,4,Ambulance,Freezing / Snow,75,97,147,81,16,37.0,0,81,4.7,0,,0,4.7,3,4,7,0
ADM-001044,PAT-02349,2026-07-31 03:32:28,2026-08-13 22:44:28,ICU,Acute Renal Failure,3,Walk-In,Freezing / Snow,80,99,137,75,17,36.7,0,72,13.8,0,,1,4.5,3,4,7,0
ADM-001045,PAT-01544,2026-07-31 03:32:28,2026-08-08 10:44:28,Cardiology,Acute Myocardial Infarction,3,Walk-In,Freezing / Snow,94,98,123,64,15,36.7,0,62,8.3,0,,0,4.2,3,4,7,0
ADM-001046,PAT-01876,2026-07-31 05:32:28,2026-08-09 07:56:28,Pulmonology,Severe Pneumonia / ARDS,4,Walk-In,Clear / Mild,66,97,123,88,16,36.5,0,120,9.1,0,,0,4.1,5,4,7,0
ADM-001047,PAT-01602,2026-07-31 07:32:28,2026-08-13 09:56:28,ICU,Diabetic Ketoacidosis (DKA),2,Walk-In,Clear / Mild,131,95,176,102,19,39.3,6,38,13.1,0,,0,5.0,7,4,7,0
ADM-001048,PAT-00143,2026-07-31 07:32:28,2026-08-04 17:08:28,ICU,Diabetic Ketoacidosis (DKA),2,Physician Referral,Clear / Mild,119,88,110,78,21,36.8,5,31,4.4,0,,0,4.5,7,4,7,0
ADM-001049,PAT-00701,2026-07-31 09:32:28,2026-08-11 14:20:28,Pulmonology,Severe Pneumonia / ARDS,4,Ambulance,Clear / Mild,76,96,111,70,18,36.8,0,217,11.2,0,,0,3.0,9,4,7,0
ADM-001050,PAT-01088,2026-07-31 09:32:28,2026-08-02 21:32:28,Pulmonology,COPD Exacerbation,3,Ambulance,Clear / Mild,93,98,128,70,14,37.0,0,114,2.5,0,,0,5.0,9,4,7,0
ADM-001051,PAT-00857,2026-07-31 09:32:28,2026-08-15 07:08:28,ICU,Sepsis / Septic Shock,1,Ambulance,Clear / Mild,114,87,133,87,15,37.8,9,20,14.9,0,,0,4.9,9,4,7,0
ADM-001052,PAT-02422,2026-07-31 09:32:28,2026-08-11 04:44:28,Cardiology,Congestive Heart Failure,2,Walk-In,Clear / Mild,124,89,138,66,23,37.6,5,32,10.8,0,,0,5.0,9,4,7,0
ADM-001053,PAT-00233,2026-07-31 09:32:28,2026-08-11 09:32:28,General Surgery,Gastrointestinal Hemorrhage,2,Ambulance,Clear / Mild,131,89,139,83,18,39.2,7,46,11.0,0,,0,4.7,9,4,7,0
ADM-001054,PAT-02189,2026-07-31 09:32:28,2026-08-05 04:44:28,Pulmonology,Severe Pneumonia / ARDS,3,Walk-In,Clear / Mild,67,98,136,74,11,36.7,0,42,4.8,0,,0,4.8,9,4,7,0
ADM-001055,PAT-01317,2026-07-31 11:32:28,2026-08-04 04:20:28,Pediatrics,Pediatric Bronchiolitis / Asthma,3,Walk-In,Clear / Mild,77,98,115,73,18,37.0,0,80,3.7,0,,0,4.8,11,4,7,0
ADM-001056,PAT-02363,2026-07-31 11:32:28,2026-08-07 01:56:28,Orthopedics,Multiple Trauma / Fracture,3,Ambulance,Clear / Mild,89,95,124,76,19,37.2,0,107,6.6,0,,1,3.7,11,4,7,0
ADM-001057,PAT-01860,2026-07-31 11:32:28,2026-08-06 01:56:28,General Surgery,Gastrointestinal Hemorrhage,3,Ambulance,Clear / Mild,83,96,127,75,16,36.5,0,84,5.6,0,,0,4.1,11,4,7,0
ADM-001058,PAT-02179,2026-07-31 11:32:28,2026-08-07 21:08:28,Cardiology,Acute Myocardial Infarction,3,Walk-In,Clear / Mild,66,97,111,70,16,36.2,0,105,7.4,0,,1,3.6,11,4,7,0
ADM-001059,PAT-01715,2026-07-31 11:32:28,2026-08-07 21:08:28,Pulmonology,Severe Pneumonia / ARDS,3,Ambulance,Clear / Mild,69,98,129,86,15,37.2,0,128,7.4,0,,0,2.8,11,4,7,0
ADM-001060,PAT-00550,2026-07-31 13:32:28,2026-08-11 13:32:28,Cardiology,Acute Myocardial Infarction,2,Walk-In,Rain / Storm,134,86,126,88,25,37.9,8,22,11.0,0,,0,5.0,13,4,7,0
ADM-001061,PAT-00672,2026-07-31 13:32:28,2026-08-03 06:20:28,Pediatrics,Pediatric Bronchiolitis / Asthma,4,Helicopter EMS,Rain / Storm,62,99,82,85,17,36.6,2,134,2.7,0,,0,4.4,13,4,7,0
ADM-001062,PAT-02245,2026-07-31 13:32:28,2026-08-11 11:08:28,Cardiology,Congestive Heart Failure,3,Walk-In,Rain / Storm,82,100,140,84,14,36.9,0,73,10.9,0,,1,4.1,13,4,7,0
ADM-001063,PAT-01155,2026-07-31 13:32:28,2026-08-09 13:32:28,General Surgery,Acute Appendicitis / Laparotomy,5,Walk-In,Rain / Storm,64,98,110,79,14,36.8,0,154,9.0,0,,0,3.9,13,4,7,0
ADM-001064,PAT-01148,2026-07-31 13:32:28,2026-08-03 01:32:28,General Surgery,Acute Appendicitis / Laparotomy,3,Walk-In,Rain / Storm,80,99,106,80,18,37.0,0,73,2.5,0,,0,4.5,13,4,7,0
ADM-001065,PAT-01016,2026-07-31 13:32:28,2026-08-06 15:56:28,General Surgery,Acute Appendicitis / Laparotomy,5,Walk-In,Rain / Storm,87,94,100,87,12,37.0,1,146,6.1,0,,0,3.4,13,4,7,0
ADM-001066,PAT-01033,2026-07-31 13:32:28,2026-08-13 23:08:28,ICU,Acute Renal Failure,2,Ambulance,Rain / Storm,121,98,137,114,27,37.9,5,22,13.4,0,,1,5.0,13,4,7,0
ADM-001067,PAT-01075,2026-07-31 13:32:28,2026-08-11 06:20:28,Orthopedics,Multiple Trauma / Fracture,3,Walk-In,Rain / Storm,81,97,110,84,15,36.8,0,89,10.7,0,,0,4.4,13,4,7,0
ADM-001068,PAT-01112,2026-07-31 15:32:28,2026-08-08 05:56:28,Pulmonology,COPD Exacerbation,4,Ambulance,Clear / Mild,89,98,127,82,17,36.4,0,131,7.6,0,,0,4.7,15,4,7,0
ADM-001069,PAT-01736,2026-07-31 15:32:28,2026-08-04 08:20:28,General Surgery,Acute Appendicitis / Laparotomy,5,Ambulance,Clear / Mild,68,97,127,61,14,36.5,0,131,3.7,0,,0,3.1,15,4,7,0
ADM-001070,PAT-01864,2026-07-31 17:32:28,2026-08-04 15:08:28,Pediatrics,Pediatric Bronchiolitis / Asthma,5,Walk-In,Clear / Mild,73,96,131,65,17,37.5,0,124,3.9,0,,0,4.1,17,4,7,0
ADM-001071,PAT-01355,2026-07-31 17:32:28,2026-08-09 05:32:28,Pulmonology,Severe Pneumonia / ARDS,3,Walk-In,Clear / Mild,98,99,128,86,14,37.1,0,91,8.5,0,,0,3.8,17,4,7,0
ADM-001072,PAT-01208,2026-07-31 17:32:28,2026-08-03 17:32:28,Cardiology,Congestive Heart Failure,2,Walk-In,Clear / Mild,125,87,178,99,31,37.5,10,30,3.0,0,,0,5.0,17,4,7,0
ADM-001073,PAT-00558,2026-07-31 17:32:28,2026-08-07 05:32:28,General Surgery,Gastrointestinal Hemorrhage,3,Physician Referral,Clear / Mild,87,98,114,84,12,36.6,0,130,6.5,0,,0,2.9,17,4,7,0
ADM-001074,PAT-00014,2026-07-31 19:32:28,2026-08-06 02:44:28,General Surgery,Gastrointestinal Hemorrhage,2,Ambulance,Clear / Mild,102,87,101,89,20,38.5,3,26,5.3,0,,0,4.6,19,4,7,0
ADM-001075,PAT-01859,2026-07-31 19:32:28,2026-08-10 02:44:28,Pulmonology,COPD Exacerbation,4,Walk-In,Clear / Mild,98,98,96,66,16,36.4,0,124,9.3,0,,0,2.4,19,4,7,0
ADM-001076,PAT-00856,2026-07-31 19:32:28,2026-08-13 07:32:28,Pulmonology,Severe Pneumonia / ARDS,3,Walk-In,Clear / Mild,84,97,127,71,16,36.4,0,110,12.5,0,,0,4.8,19,4,7,0
ADM-001077,PAT-00455,2026-07-31 19:32:28,2026-08-18 14:44:28,ICU,Sepsis / Septic Shock,2,Ambulance,Clear / Mild,118,88,156,104,32,38.7,10,15,17.8,0,,0,4.8,19,4,7,0
ADM-001078,PAT-01207,2026-07-31 19:32:28,2026-08-06 17:08:28,General Surgery,Acute Appendicitis / Laparotomy,4,Walk-In,Clear / Mild,94,99,133,84,18,36.6,0,122,5.9,0,,0,3.2,19,4,7,0
ADM-001079,PAT-01432,2026-07-31 19:32:28,2026-08-11 09:56:28,Orthopedics,Multiple Trauma / Fracture,3,Helicopter EMS,Clear / Mild,65,96,156,79,16,36.3,0,76,10.6,0,,0,3.5,19,4,7,0
ADM-001080,PAT-01678,2026-07-31 19:32:28,2026-08-15 05:08:28,ICU,Diabetic Ketoacidosis (DKA),3,Walk-In,Clear / Mild,82,98,132,72,18,36.5,0,53,14.4,0,,1,5.0,19,4,7,0
ADM-001081,PAT-00255,2026-07-31 21:32:28,2026-08-05 04:44:28,General Surgery,Acute Appendicitis / Laparotomy,3,Walk-In,Freezing / Snow,62,96,128,54,14,36.9,0,76,4.3,0,,0,4.2,21,4,7,0
ADM-001082,PAT-02124,2026-07-31 21:32:28,2026-08-05 07:08:28,Cardiology,Acute Myocardial Infarction,3,Physician Referral,Freezing / Snow,58,97,136,99,16,37.1,0,40,4.4,0,,1,4.4,21,4,7,0
ADM-001083,PAT-00144,2026-07-31 21:32:28,2026-08-28 02:20:28,ICU,Sepsis / Septic Shock,2,Walk-In,Freezing / Snow,107,92,155,107,30,38.6,6,9,27.2,0,,0,5.0,21,4,7,0
ADM-001084,PAT-00989,2026-07-31 21:32:28,2026-08-08 23:56:28,Neurology,Acute Ischemic Stroke,2,Ambulance,Freezing / Snow,146,87,153,102,17,39.5,7,49,8.1,0,,0,5.0,21,4,7,0
ADM-001085,PAT-00722,2026-07-31 21:32:28,2026-08-15 19:08:28,ICU,Acute Renal Failure,3,Helicopter EMS,Freezing / Snow,77,100,133,80,12,36.2,0,161,14.9,0,,1,3.4,21,4,7,0
ADM-001086,PAT-01696,2026-07-31 21:32:28,2026-08-23 02:20:28,ICU,Acute Renal Failure,3,Walk-In,Freezing / Snow,94,99,112,86,14,36.3,0,61,22.2,0,,1,4.8,21,4,7,0
ADM-001087,PAT-01714,2026-07-31 23:32:28,2026-08-12 21:08:28,Neurology,Acute Ischemic Stroke,3,Ambulance,Extreme Heat,89,98,116,63,14,37.6,0,53,11.9,0,,1,5.0,23,4,7,0
ADM-001088,PAT-00059,2026-08-01 03:32:28,2026-08-05 05:56:28,General Surgery,Acute Appendicitis / Laparotomy,4,Walk-In,Clear / Mild,60,96,111,82,18,36.2,0,179,4.1,0,,0,3.3,3,5,8,1
ADM-001089,PAT-02211,2026-08-01 03:32:28,2026-08-08 22:44:28,Cardiology,Acute Myocardial Infarction,3,Walk-In,Clear / Mild,70,96,133,72,15,35.9,0,44,7.8,0,,0,5.0,3,5,8,1
ADM-001090,PAT-01224,2026-08-01 03:32:28,2026-08-10 01:08:28,Pulmonology,COPD Exacerbation,4,Walk-In,Clear / Mild,59,99,112,73,20,36.5,0,154,8.9,0,,0,3.8,3,5,8,1
ADM-001091,PAT-01449,2026-08-01 05:32:28,2026-08-19 15:08:28,Orthopedics,Multiple Trauma / Fracture,3,Ambulance,Clear / Mild,87,99,105,86,14,36.8,0,47,18.4,0,,1,4.0,5,5,8,1
ADM-001092,PAT-00118,2026-08-01 05:32:28,2026-08-07 17:32:28,ICU,Sepsis / Septic Shock,2,Ambulance,Clear / Mild,109,90,171,105,14,38.9,7,32,6.5,0,,0,5.0,5,5,8,1
ADM-001093,PAT-01387,2026-08-01 05:32:28,2026-08-17 05:32:28,ICU,Sepsis / Septic Shock,1,Ambulance,Clear / Mild,116,90,161,91,13,38.0,11,12,16.0,0,,0,4.7,5,5,8,1
ADM-001094,PAT-01562,2026-08-01 05:32:28,2026-08-07 05:32:28,Orthopedics,Multiple Trauma / Fracture,4,Physician Referral,Clear / Mild,86,98,126,74,14,36.0,0,206,6.0,0,,0,2.9,5,5,8,1
ADM-001095,PAT-01117,2026-08-01 05:32:28,2026-08-19 07:56:28,Orthopedics,Multiple Trauma / Fracture,4,Ambulance,Clear / Mild,79,96,117,72,17,36.8,0,132,18.1,0,,0,3.4,5,5,8,1
ADM-001096,PAT-01271,2026-08-01 05:32:28,2026-08-14 17:32:28,ICU,Sepsis / Septic Shock,2,Helicopter EMS,Clear / Mild,112,92,120,93,22,37.3,3,33,13.5,0,,0,5.0,5,5,8,1
ADM-001097,PAT-01840,2026-08-01 09:32:28,2026-08-10 11:56:28,Cardiology,Acute Myocardial Infarction,2,Walk-In,High Smog / Poor AQI,103,91,173,96,21,38.8,7,45,9.1,0,,1,4.6,9,5,8,1
ADM-001098,PAT-00903,2026-08-01 09:32:28,2026-08-23 07:08:28,ICU,Acute Renal Failure,2,Ambulance,High Smog / Poor AQI,71,90,110,128,23,39.0,5,44,21.9,0,,0,4.8,9,5,8,1
ADM-001099,PAT-01886,2026-08-01 09:32:28,2026-08-06 11:56:28,Cardiology,Congestive Heart Failure,3,Ambulance,High Smog / Poor AQI,97,99,149,78,16,36.7,0,53,5.1,0,,1,4.6,9,5,8,1
ADM-001100,PAT-00653,2026-08-01 09:32:28,2026-08-07 09:32:28,Cardiology,Acute Myocardial Infarction,2,Walk-In,High Smog / Poor AQI,103,91,156,98,34,38.4,6,22,6.0,0,,0,5.0,9,5,8,1
ADM-001101,PAT-01788,2026-08-01 09:32:28,2026-08-11 02:20:28,Pulmonology,Severe Pneumonia / ARDS,3,Walk-In,High Smog / Poor AQI,91,97,125,66,16,36.9,0,128,9.7,0,,0,3.8,9,5,8,1
ADM-001102,PAT-01969,2026-08-01 09:32:28,2026-08-04 14:20:28,ICU,Diabetic Ketoacidosis (DKA),2,Walk-In,High Smog / Poor AQI,147,93,150,91,28,39.6,8,47,3.2,0,,0,4.9,9,5,8,1
ADM-001103,PAT-01385,2026-08-01 09:32:28,2026-08-16 09:32:28,ICU,Sepsis / Septic Shock,2,Walk-In,High Smog / Poor AQI,150,88,151,114,26,39.3,10,36,15.0,0,,0,4.5,9,5,8,1
ADM-001104,PAT-00997,2026-08-01 11:32:28,2026-08-27 06:44:28,ICU,Sepsis / Septic Shock,1,Ambulance,High Smog / Poor AQI,118,95,188,82,26,38.9,13,13,25.8,0,,1,5.0,11,5,8,1
ADM-001105,PAT-01101,2026-08-01 11:32:28,2026-08-08 06:44:28,General Surgery,Acute Appendicitis / Laparotomy,5,Physician Referral,High Smog / Poor AQI,85,99,109,79,18,36.7,0,150,6.8,0,,1,3.6,11,5,8,1
ADM-001106,PAT-00746,2026-08-01 11:32:28,2026-08-06 06:44:28,ICU,Acute Renal Failure,2,Ambulance,High Smog / Poor AQI,118,91,139,77,21,39.0,7,32,4.8,0,,1,5.0,11,5,8,1
ADM-001107,PAT-01422,2026-08-01 11:32:28,2026-08-10 09:08:28,ICU,Acute Renal Failure,3,Walk-In,High Smog / Poor AQI,88,97,113,73,17,37.2,0,111,8.9,0,,1,4.0,11,5,8,1
ADM-001108,PAT-01742,2026-08-01 11:32:28,2026-08-21 23:32:28,ICU,Sepsis / Septic Shock,1,Helicopter EMS,High Smog / Poor AQI,128,94,121,94,20,38.4,7,14,20.5,0,,0,5.0,11,5,8,1
ADM-001109,PAT-00150,2026-08-01 13:32:28,2026-08-08 15:56:28,Cardiology,Acute Myocardial Infarction,2,Walk-In,Clear / Mild,105,95,131,113,34,36.8,3,33,7.1,0,,0,5.0,13,5,8,1
ADM-001110,PAT-02393,2026-08-01 13:32:28,2026-08-02 13:32:28,General Surgery,Acute Appendicitis / Laparotomy,3,Physician Referral,Clear / Mild,60,99,150,86,16,36.8,0,64,1.0,0,,0,5.0,13,5,8,1
ADM-001111,PAT-00904,2026-08-01 13:32:28,2026-08-12 23:08:28,General Surgery,Gastrointestinal Hemorrhage,3,Ambulance,Clear / Mild,54,94,140,77,16,36.1,1,131,11.4,0,,1,3.4,13,5,8,1
ADM-001112,PAT-01836,2026-08-01 15:32:28,2026-08-08 15:32:28,Cardiology,Acute Myocardial Infarction,2,Walk-In,Clear / Mild,90,88,162,89,26,38.4,8,31,7.0,0,,0,5.0,15,5,8,1
ADM-001113,PAT-00625,2026-08-01 15:32:28,2026-08-08 22:44:28,Pulmonology,COPD Exacerbation,3,Walk-In,Clear / Mild,78,96,142,104,15,36.8,0,86,7.3,0,,0,4.8,15,5,8,1
ADM-001114,PAT-02473,2026-08-01 15:32:28,2026-08-06 17:56:28,General Surgery,Gastrointestinal Hemorrhage,3,Ambulance,Clear / Mild,66,100,131,79,14,36.8,0,101,5.1,0,,0,3.2,15,5,8,1
ADM-001115,PAT-01843,2026-08-01 15:32:28,2026-08-07 15:32:28,General Surgery,Acute Appendicitis / Laparotomy,4,Walk-In,Clear / Mild,80,96,128,85,14,37.2,0,151,6.0,0,,0,3.8,15,5,8,1
ADM-001116,PAT-02286,2026-08-01 17:32:28,2026-08-06 03:08:28,ICU,Diabetic Ketoacidosis (DKA),3,Walk-In,Clear / Mild,81,98,138,80,16,36.7,0,67,4.4,0,,0,4.1,17,5,8,1
ADM-001117,PAT-01170,2026-08-01 19:32:28,2026-08-11 02:44:28,Orthopedics,Multiple Trauma / Fracture,5,Walk-In,Clear / Mild,79,99,108,66,13,36.3,0,137,9.3,0,,0,4.0,19,5,8,1
ADM-001118,PAT-01407,2026-08-01 19:32:28,2026-08-06 19:32:28,Orthopedics,Multiple Trauma / Fracture,4,Walk-In,Clear / Mild,85,98,116,79,16,36.7,0,60,5.0,0,,0,4.5,19,5,8,1
ADM-001119,PAT-02110,2026-08-01 19:32:28,2026-08-15 17:08:28,ICU,Acute Renal Failure,3,Walk-In,Clear / Mild,107,97,120,66,14,37.6,0,133,13.9,0,,0,3.5,19,5,8,1
ADM-001120,PAT-02046,2026-08-01 19:32:28,2026-08-08 02:44:28,General Surgery,Gastrointestinal Hemorrhage,2,Walk-In,Clear / Mild,99,88,150,106,28,38.1,6,58,6.3,0,,1,4.6,19,5,8,1
ADM-001121,PAT-00668,2026-08-01 21:32:28,2026-08-06 16:44:28,Pulmonology,Severe Pneumonia / ARDS,4,Walk-In,Extreme Heat,66,97,138,69,14,36.9,0,145,4.8,0,,0,3.8,21,5,8,1
ADM-001122,PAT-01793,2026-08-01 21:32:28,2026-08-06 19:08:28,Cardiology,Acute Myocardial Infarction,2,Ambulance,Extreme Heat,137,85,160,86,33,38.9,10,22,4.9,0,,0,5.0,21,5,8,1
ADM-001123,PAT-00980,2026-08-01 21:32:28,2026-08-20 09:32:28,ICU,Acute Renal Failure,3,Physician Referral,Extreme Heat,87,98,118,79,12,37.5,0,60,18.5,0,,0,4.3,21,5,8,1
ADM-001124,PAT-02429,2026-08-01 21:32:28,2026-08-09 21:32:28,ICU,Acute Renal Failure,3,Physician Referral,Extreme Heat,86,98,117,56,14,37.0,0,66,8.0,0,,0,4.7,21,5,8,1
ADM-001125,PAT-02274,2026-08-02 01:32:28,2026-08-04 08:44:28,Pediatrics,Pediatric Bronchiolitis / Asthma,3,Walk-In,Clear / Mild,67,96,121,83,17,36.4,0,103,2.3,0,,0,3.6,1,6,8,1
ADM-001126,PAT-00924,2026-08-02 03:32:28,2026-08-12 01:08:28,Neurology,Acute Ischemic Stroke,2,Walk-In,Rain / Storm,114,86,158,125,23,38.1,5,23,9.9,0,,1,5.0,3,6,8,1
ADM-001127,PAT-02067,2026-08-02 05:32:28,2026-08-07 07:56:28,General Surgery,Acute Appendicitis / Laparotomy,3,Ambulance,Rain / Storm,72,96,105,84,10,36.4,0,50,5.1,0,,0,5.0,5,6,8,1
ADM-001128,PAT-00917,2026-08-02 05:32:28,2026-08-15 03:08:28,Neurology,Acute Ischemic Stroke,2,Walk-In,Rain / Storm,125,89,112,75,19,38.8,7,30,12.9,0,,1,5.0,5,6,8,1
ADM-001129,PAT-02246,2026-08-02 05:32:28,2026-08-12 15:08:28,Cardiology,Congestive Heart Failure,2,Ambulance,Rain / Storm,118,90,133,116,29,38.5,8,24,10.4,0,,0,4.8,5,6,8,1
ADM-001130,PAT-01500,2026-08-02 05:32:28,2026-08-13 17:32:28,Neurology,Acute Ischemic Stroke,2,Walk-In,Rain / Storm,109,90,106,86,25,39.2,8,24,11.5,0,,0,4.6,5,6,8,1
ADM-001131,PAT-01878,2026-08-02 07:32:28,2026-08-07 14:44:28,Cardiology,Acute Myocardial Infarction,2,Ambulance,Clear / Mild,134,87,203,90,26,37.3,10,4,5.3,0,,0,5.0,7,6,8,1
ADM-001132,PAT-02096,2026-08-02 07:32:28,2026-08-07 05:08:28,General Surgery,Acute Appendicitis / Laparotomy,3,Walk-In,Clear / Mild,86,100,107,79,17,37.0,0,23,4.9,0,,0,4.7,7,6,8,1
ADM-001133,PAT-01508,2026-08-02 09:32:28,2026-08-07 11:56:28,General Surgery,Acute Appendicitis / Laparotomy,4,Ambulance,Clear / Mild,77,97,119,84,19,36.1,0,153,5.1,0,,0,2.9,9,6,8,1
ADM-001134,PAT-01448,2026-08-02 09:32:28,2026-08-08 11:56:28,General Surgery,Acute Appendicitis / Laparotomy,3,Walk-In,Clear / Mild,75,97,104,72,17,36.8,0,71,6.1,0,,0,4.9,9,6,8,1
ADM-001135,PAT-01507,2026-08-02 09:32:28,2026-08-20 09:32:28,Cardiology,Acute Myocardial Infarction,3,Walk-In,Clear / Mild,71,98,120,73,16,37.0,0,43,18.0,0,,0,5.0,9,6,8,1
ADM-001136,PAT-01585,2026-08-02 09:32:28,2026-08-22 21:32:28,ICU,Sepsis / Septic Shock,2,Ambulance,Clear / Mild,138,92,151,98,30,39.5,8,42,20.5,0,,0,4.1,9,6,8,1
ADM-001137,PAT-01494,2026-08-02 11:32:28,2026-08-08 11:32:28,Pulmonology,Severe Pneumonia / ARDS,5,Ambulance,Clear / Mild,68,98,134,75,14,37.3,0,156,6.0,0,,0,3.4,11,6,8,1
ADM-001138,PAT-00658,2026-08-02 11:32:28,2026-08-08 18:44:28,General Surgery,Gastrointestinal Hemorrhage,2,Ambulance,Clear / Mild,79,91,161,74,16,37.9,5,32,6.3,0,,0,5.0,11,6,8,1
ADM-001139,PAT-01504,2026-08-02 11:32:28,2026-08-31 04:20:28,ICU,Sepsis / Septic Shock,2,Walk-In,Clear / Mild,121,84,145,75,25,39.5,10,38,28.7,0,,0,5.0,11,6,8,1
ADM-001140,PAT-02170,2026-08-02 11:32:28,2026-08-17 04:20:28,ICU,Acute Renal Failure,3,Walk-In,Clear / Mild,68,94,104,82,17,37.5,1,56,14.7,0,,0,4.9,11,6,8,1
ADM-001141,PAT-01616,2026-08-02 11:32:28,2026-08-28 13:56:28,ICU,Acute Renal Failure,2,Ambulance,Clear / Mild,134,94,163,109,22,36.5,5,51,26.1,0,,0,5.0,11,6,8,1
ADM-001142,PAT-00380,2026-08-02 13:32:28,2026-08-08 20:44:28,Pulmonology,Severe Pneumonia / ARDS,4,Walk-In,Rain / Storm,90,97,132,77,14,37.2,0,135,6.3,0,,0,3.2,13,6,8,1
ADM-001143,PAT-01212,2026-08-02 13:32:28,2026-08-10 01:32:28,Pulmonology,COPD Exacerbation,3,Ambulance,Rain / Storm,76,99,130,82,16,37.5,0,76,7.5,0,,1,5.0,13,6,8,1
ADM-001144,PAT-00556,2026-08-02 13:32:28,2026-08-08 06:20:28,General Surgery,Acute Appendicitis / Laparotomy,4,Ambulance,Rain / Storm,70,97,130,87,17,37.0,0,158,5.7,0,,0,4.4,13,6,8,1
ADM-001145,PAT-01898,2026-08-02 13:32:28,2026-08-29 18:20:28,Neurology,Acute Ischemic Stroke,2,Ambulance,Rain / Storm,134,91,163,100,22,38.7,9,33,27.2,0,,0,5.0,13,6,8,1
ADM-001146,PAT-01230,2026-08-02 13:32:28,2026-08-06 23:08:28,Cardiology,Acute Myocardial Infarction,2,Ambulance,Rain / Storm,89,86,149,83,29,39.4,8,38,4.4,0,,0,5.0,13,6,8,1
ADM-001147,PAT-00992,2026-08-02 13:32:28,2026-08-14 23:08:28,ICU,Sepsis / Septic Shock,2,Walk-In,Rain / Storm,107,89,123,110,35,38.1,6,39,12.4,0,,1,3.8,13,6,8,1
ADM-001148,PAT-01166,2026-08-02 13:32:28,2026-08-11 01:32:28,Pulmonology,Severe Pneumonia / ARDS,3,Ambulance,Rain / Storm,62,96,124,83,11,36.6,0,49,8.5,0,,0,4.8,13,6,8,1
ADM-001149,PAT-01788,2026-08-02 13:32:28,2026-08-10 18:20:28,Neurology,Acute Ischemic Stroke,2,Ambulance,Rain / Storm,115,88,131,97,22,37.0,5,21,8.2,0,,0,5.0,13,6,8,1
ADM-001150,PAT-00370,2026-08-02 15:32:28,2026-08-08 01:08:28,ICU,Sepsis / Septic Shock,2,Walk-In,Clear / Mild,120,89,131,97,28,38.6,10,19,5.4,0,,0,5.0,15,6,8,1
ADM-001151,PAT-00675,2026-08-02 17:32:28,2026-08-07 22:20:28,Pulmonology,COPD Exacerbation,3,Walk-In,Clear / Mild,77,100,94,64,11,36.8,2,74,5.2,0,,0,4.7,17,6,8,1
ADM-001152,PAT-00111,2026-08-02 17:32:28,2026-08-07 17:32:28,Pulmonology,Severe Pneumonia / ARDS,5,Walk-In,Clear / Mild,82,97,132,87,14,36.7,0,135,5.0,0,,0,3.6,17,6,8,1
ADM-001153,PAT-00363,2026-08-02 17:32:28,2026-08-10 10:20:28,ICU,Sepsis / Septic Shock,2,Ambulance,Clear / Mild,137,84,181,105,25,39.1,12,52,7.7,0,,0,4.5,17,6,8,1
ADM-001154,PAT-01331,2026-08-02 17:32:28,2026-08-26 03:08:28,Pulmonology,Severe Pneumonia / ARDS,3,Walk-In,Clear / Mild,71,99,137,85,17,37.1,0,50,23.4,0,,0,5.0,17,6,8,1
ADM-001155,PAT-00357,2026-08-02 17:32:28,2026-08-13 03:08:28,Cardiology,Congestive Heart Failure,2,Walk-In,Clear / Mild,93,91,176,78,24,38.7,7,38,10.4,0,,0,5.0,17,6,8,1
ADM-001156,PAT-01074,2026-08-02 19:32:28,2026-08-07 14:44:28,ICU,Diabetic Ketoacidosis (DKA),3,Walk-In,High Smog / Poor AQI,66,97,128,75,17,36.4,0,44,4.8,0,,1,5.0,19,6,8,1
ADM-001157,PAT-02461,2026-08-02 19:32:28,2026-08-07 19:32:28,ICU,Acute Renal Failure,3,Ambulance,High Smog / Poor AQI,96,98,132,88,17,36.7,0,86,5.0,0,,0,4.7,19,6,8,1
ADM-001158,PAT-01752,2026-08-02 19:32:28,2026-08-13 07:32:28,ICU,Diabetic Ketoacidosis (DKA),2,Walk-In,High Smog / Poor AQI,149,87,173,118,29,39.2,12,12,10.5,0,,1,4.5,19,6,8,1
ADM-001159,PAT-00476,2026-08-02 21:32:28,2026-08-17 23:56:28,Cardiology,Congestive Heart Failure,2,Ambulance,Extreme Heat,135,91,145,97,34,38.3,8,23,15.1,0,,0,5.0,21,6,8,1
ADM-001160,PAT-00917,2026-08-03 03:32:28,2026-08-11 08:20:28,Cardiology,Acute Myocardial Infarction,2,Ambulance,Clear / Mild,107,86,139,87,21,37.0,3,43,8.2,0,,0,5.0,3,0,8,0
ADM-001161,PAT-00141,2026-08-03 03:32:28,2026-08-12 08:20:28,ICU,Sepsis / Septic Shock,2,Physician Referral,Clear / Mild,120,86,145,89,23,40.0,7,46,9.2,0,,1,4.6,3,0,8,0
ADM-001162,PAT-02164,2026-08-03 05:32:28,2026-08-12 05:32:28,General Surgery,Gastrointestinal Hemorrhage,2,Walk-In,Clear / Mild,113,90,168,102,31,37.7,10,25,9.0,0,,0,5.0,5,0,8,0
ADM-001163,PAT-01477,2026-08-03 05:32:28,2026-08-17 03:08:28,ICU,Sepsis / Septic Shock,1,Ambulance,Clear / Mild,150,85,168,108,21,38.7,13,9,13.9,0,,0,5.0,5,0,8,0
ADM-001164,PAT-02102,2026-08-03 07:32:28,2026-08-17 12:20:28,ICU,Sepsis / Septic Shock,1,Ambulance,Clear / Mild,116,87,153,64,21,39.4,11,14,14.2,0,,0,5.0,7,0,8,0
ADM-001165,PAT-00848,2026-08-03 07:32:28,2026-08-15 02:44:28,Cardiology,Congestive Heart Failure,2,Walk-In,Clear / Mild,131,95,141,88,24,39.2,4,29,11.8,0,,0,5.0,7,0,8,0
ADM-001166,PAT-01634,2026-08-03 07:32:28,2026-08-09 02:44:28,General Surgery,Acute Appendicitis / Laparotomy,3,Walk-In,Clear / Mild,99,96,102,77,18,36.6,0,131,5.8,0,,0,3.5,7,0,8,0
ADM-001167,PAT-00284,2026-08-03 09:32:28,2026-08-07 04:44:28,General Surgery,Acute Appendicitis / Laparotomy,3,Ambulance,Extreme Heat,50,98,94,67,14,36.3,2,103,3.8,0,,0,5.0,9,0,8,0
ADM-001168,PAT-02245,2026-08-03 09:32:28,2026-08-10 16:44:28,Pediatrics,Pediatric Bronchiolitis / Asthma,3,Walk-In,Extreme Heat,76,98,144,81,17,36.4,0,97,7.3,0,,0,3.7,9,0,8,0
ADM-001169,PAT-01963,2026-08-03 09:32:28,2026-08-15 11:56:28,Pulmonology,Severe Pneumonia / ARDS,3,Ambulance,Extreme Heat,66,98,104,78,13,37.3,0,81,12.1,0,,1,4.2,9,0,8,0
ADM-001170,PAT-00980,2026-08-03 09:32:28,2026-08-09 02:20:28,General Surgery,Gastrointestinal Hemorrhage,2,Walk-In,Extreme Heat,95,91,176,106,32,39.8,10,26,5.7,0,,0,5.0,9,0,8,0
ADM-001171,PAT-01020,2026-08-03 09:32:28,2026-08-14 14:20:28,Pulmonology,Severe Pneumonia / ARDS,5,Walk-In,Extreme Heat,50,98,124,92,14,37.0,0,98,11.2,0,,0,3.7,9,0,8,0
ADM-001172,PAT-02020,2026-08-03 11:32:28,2026-08-10 09:08:28,Cardiology,Congestive Heart Failure,2,Walk-In,Clear / Mild,142,90,157,110,18,38.8,7,33,6.9,0,,0,5.0,11,0,8,0
ADM-001173,PAT-01413,2026-08-03 11:32:28,2026-08-09 16:20:28,Cardiology,Acute Myocardial Infarction,3,Walk-In,Clear / Mild,68,98,145,85,14,36.3,0,89,6.2,0,,0,3.4,11,0,8,0
ADM-001174,PAT-00629,2026-08-03 11:32:28,2026-08-10 09:08:28,Pulmonology,COPD Exacerbation,4,Ambulance,Clear / Mild,74,99,99,91,15,36.3,0,175,6.9,0,,1,3.1,11,0,8,0
ADM-001175,PAT-00309,2026-08-03 11:32:28,2026-08-16 18:44:28,Orthopedics,Multiple Trauma / Fracture,4,Walk-In,Clear / Mild,70,95,118,65,16,36.3,0,89,13.3,0,,0,4.0,11,0,8,0
ADM-001176,PAT-02038,2026-08-03 13:32:28,2026-08-10 01:32:28,ICU,Acute Renal Failure,2,Walk-In,Extreme Heat,117,91,181,89,21,38.6,9,37,6.5,0,,0,5.0,13,0,8,0
ADM-001177,PAT-00225,2026-08-03 13:32:28,2026-08-08 06:20:28,Pulmonology,COPD Exacerbation,4,Ambulance,Extreme Heat,79,95,118,88,17,36.7,0,108,4.7,0,,0,4.9,13,0,8,0
ADM-001178,PAT-00127,2026-08-03 13:32:28,2026-08-12 20:44:28,Neurology,Acute Ischemic Stroke,3,Ambulance,Extreme Heat,60,95,141,80,19,36.3,0,125,9.3,0,,0,3.8,13,0,8,0
ADM-001179,PAT-00843,2026-08-03 13:32:28,2026-08-07 18:20:28,Cardiology,Acute Myocardial Infarction,2,Ambulance,Extreme Heat,136,89,152,77,27,40.2,10,47,4.2,0,,1,5.0,13,0,8,0
ADM-001180,PAT-02489,2026-08-03 15:32:28,2026-08-13 05:56:28,Pulmonology,Severe Pneumonia / ARDS,3,Ambulance,Clear / Mild,68,95,153,74,18,36.5,0,54,9.6,0,,0,5.0,15,0,8,0
ADM-001181,PAT-01626,2026-08-03 15:32:28,2026-08-11 13:08:28,Orthopedics,Multiple Trauma / Fracture,4,Walk-In,Clear / Mild,75,97,130,77,17,36.7,0,90,7.9,0,,0,3.9,15,0,8,0
ADM-001182,PAT-01016,2026-08-03 15:32:28,2026-08-29 10:44:28,Neurology,Acute Ischemic Stroke,3,Walk-In,Clear / Mild,80,95,114,78,19,37.2,0,59,25.8,0,,0,4.2,15,0,8,0
ADM-001183,PAT-01304,2026-08-03 15:32:28,2026-08-09 22:44:28,ICU,Diabetic Ketoacidosis (DKA),3,Ambulance,Clear / Mild,92,96,88,65,9,37.6,5,138,6.3,0,,0,3.8,15,0,8,0
ADM-001184,PAT-00270,2026-08-03 15:32:28,2026-08-14 05:56:28,Pulmonology,Severe Pneumonia / ARDS,4,Ambulance,Clear / Mild,80,98,138,75,14,37.1,0,81,10.6,0,,1,4.8,15,0,8,0
ADM-001185,PAT-00748,2026-08-03 15:32:28,2026-08-19 17:56:28,Neurology,Acute Ischemic Stroke,2,Ambulance,Clear / Mild,110,86,162,84,28,37.7,8,36,16.1,0,,0,4.7,15,0,8,0
ADM-001186,PAT-02190,2026-08-03 17:32:28,2026-08-07 22:20:28,General Surgery,Acute Appendicitis / Laparotomy,3,Helicopter EMS,Clear / Mild,82,98,131,83,14,37.3,0,124,4.2,0,,0,4.3,17,0,8,0
ADM-001187,PAT-02156,2026-08-03 17:32:28,2026-08-07 22:20:28,ICU,Diabetic Ketoacidosis (DKA),2,Ambulance,Clear / Mild,106,84,167,105,21,37.4,5,29,4.2,0,,0,4.6,17,0,8,0
ADM-001188,PAT-02457,2026-08-03 19:32:28,2026-08-10 14:44:28,General Surgery,Gastrointestinal Hemorrhage,2,Ambulance,Clear / Mild,131,83,191,101,32,39.1,12,36,6.8,0,,1,4.9,19,0,8,0
ADM-001189,PAT-02149,2026-08-03 19:32:28,2026-08-08 07:32:28,Pulmonology,COPD Exacerbation,5,Ambulance,Clear / Mild,97,100,113,52,15,36.7,0,66,4.5,0,,1,4.5,19,0,8,0
ADM-001190,PAT-01532,2026-08-03 19:32:28,2026-08-10 14:44:28,ICU,Diabetic Ketoacidosis (DKA),3,Ambulance,Clear / Mild,89,98,96,74,20,36.9,0,88,6.8,0,,0,4.5,19,0,8,0
ADM-001191,PAT-00462,2026-08-03 19:32:28,2026-08-21 12:20:28,Neurology,Acute Ischemic Stroke,3,Walk-In,Clear / Mild,49,97,121,89,16,36.1,2,84,17.7,0,,0,4.6,19,0,8,0
ADM-001192,PAT-00099,2026-08-03 21:32:28,2026-08-13 16:44:28,Neurology,Acute Ischemic Stroke,3,Walk-In,Clear / Mild,95,97,130,68,16,37.7,0,53,9.8,0,,0,5.0,21,0,8,0
ADM-001193,PAT-00964,2026-08-03 21:32:28,2026-08-19 07:08:28,Orthopedics,Multiple Trauma / Fracture,3,Ambulance,Clear / Mild,77,98,116,82,17,36.8,0,72,15.4,0,,1,4.6,21,0,8,0
ADM-001194,PAT-02004,2026-08-03 21:32:28,2026-08-10 09:32:28,Neurology,Acute Ischemic Stroke,2,Ambulance,Clear / Mild,126,93,187,98,23,38.3,5,39,6.5,0,,0,4.3,21,0,8,0
ADM-001195,PAT-00596,2026-08-03 21:32:28,2026-08-08 07:08:28,Neurology,Acute Ischemic Stroke,2,Walk-In,Clear / Mild,136,94,81,111,31,38.2,8,43,4.4,0,,0,4.3,21,0,8,0
ADM-001196,PAT-01685,2026-08-03 21:32:28,2026-08-10 02:20:28,Pulmonology,Severe Pneumonia / ARDS,3,Walk-In,Clear / Mild,93,97,134,76,16,36.2,0,53,6.2,0,,0,4.2,21,0,8,0
ADM-001197,PAT-01121,2026-08-03 21:32:28,2026-08-11 21:32:28,ICU,Diabetic Ketoacidosis (DKA),2,Walk-In,Clear / Mild,123,97,148,91,32,38.4,5,50,8.0,0,,0,4.9,21,0,8,0
ADM-001198,PAT-00946,2026-08-03 23:32:28,2026-08-09 06:44:28,General Surgery,Acute Appendicitis / Laparotomy,4,Walk-In,Clear / Mild,75,98,87,88,13,36.4,2,161,5.3,0,,0,3.2,23,0,8,0
ADM-001199,PAT-00433,2026-08-03 23:32:28,2026-08-08 11:32:28,General Surgery,Acute Appendicitis / Laparotomy,3,Helicopter EMS,Clear / Mild,82,97,112,71,17,36.2,0,27,4.5,0,,0,4.9,23,0,8,0
ADM-001200,PAT-01970,2026-08-03 23:32:28,2026-08-19 16:20:28,Orthopedics,Multiple Trauma / Fracture,3,Walk-In,Clear / Mild,73,98,139,89,13,36.9,0,34,15.7,0,,0,5.0,23,0,8,0
ADM-001201,PAT-00424,2026-08-04 01:32:28,2026-08-14 13:32:28,Cardiology,Congestive Heart Failure,3,Walk-In,Clear / Mild,85,97,129,82,13,36.8,0,103,10.5,0,,0,4.2,1,1,8,0
ADM-001202,PAT-01515,2026-08-04 01:32:28,2026-08-09 15:56:28,General Surgery,Acute Appendicitis / Laparotomy,3,Walk-In,Clear / Mild,87,97,125,90,16,36.9,0,63,5.6,0,,0,4.1,1,1,8,0
ADM-001203,PAT-01554,2026-08-04 03:32:28,2026-08-13 22:44:28,Cardiology,Congestive Heart Failure,2,Walk-In,Clear / Mild,90,88,162,110,25,37.8,8,31,9.8,0,,1,4.9,3,1,8,0
ADM-001204,PAT-01258,2026-08-04 03:32:28,2026-08-11 01:08:28,Orthopedics,Multiple Trauma / Fracture,5,Ambulance,Clear / Mild,72,97,97,80,17,37.4,0,104,6.9,0,,0,4.5,3,1,8,0
ADM-001205,PAT-00312,2026-08-04 03:32:28,2026-08-18 10:44:28,Cardiology,Congestive Heart Failure,2,Walk-In,Clear / Mild,86,91,154,108,28,38.3,6,44,14.3,0,,0,5.0,3,1,8,0
ADM-001206,PAT-00091,2026-08-04 03:32:28,2026-08-11 13:08:28,Pulmonology,COPD Exacerbation,3,Ambulance,Clear / Mild,83,98,122,58,14,36.6,0,97,7.4,0,,0,4.4,3,1,8,0
ADM-001207,PAT-01058,2026-08-04 05:32:28,2026-08-26 17:32:28,ICU,Sepsis / Septic Shock,2,Walk-In,High Smog / Poor AQI,126,87,138,84,24,38.4,5,27,22.5,0,,1,5.0,5,1,8,0
ADM-001208,PAT-02075,2026-08-04 05:32:28,2026-08-15 19:56:28,Pulmonology,Severe Pneumonia / ARDS,5,Physician Referral,High Smog / Poor AQI,63,99,115,69,18,36.8,0,77,11.6,0,,0,4.5,5,1,8,0
ADM-001209,PAT-00949,2026-08-04 05:32:28,2026-08-08 19:56:28,General Surgery,Acute Appendicitis / Laparotomy,3,Physician Referral,High Smog / Poor AQI,75,94,96,81,18,37.3,1,67,4.6,0,,0,4.1,5,1,8,0
ADM-001210,PAT-01117,2026-08-04 07:32:28,2026-08-28 12:20:28,ICU,Acute Renal Failure,3,Walk-In,Clear / Mild,87,97,118,82,17,36.1,0,80,24.2,0,,1,4.4,7,1,8,0
ADM-001211,PAT-02321,2026-08-04 07:32:28,2026-08-09 21:56:28,Pulmonology,COPD Exacerbation,4,Ambulance,Clear / Mild,76,100,137,73,16,36.8,0,222,5.6,0,,1,2.3,7,1,8,0
ADM-001212,PAT-00029,2026-08-04 09:32:28,2026-08-14 16:44:28,Cardiology,Congestive Heart Failure,2,Physician Referral,Clear / Mild,103,88,151,75,34,38.4,6,34,10.3,0,,0,5.0,9,1,8,0
ADM-001213,PAT-00564,2026-08-04 09:32:28,2026-08-17 04:44:28,ICU,Sepsis / Septic Shock,2,Walk-In,Clear / Mild,132,93,197,86,25,37.7,8,23,12.8,0,,1,5.0,9,1,8,0
ADM-001214,PAT-02405,2026-08-04 11:32:28,2026-08-11 16:20:28,General Surgery,Acute Appendicitis / Laparotomy,5,Ambulance,Clear / Mild,85,98,118,89,15,37.2,0,147,7.2,0,,0,3.4,11,1,8,0
ADM-001215,PAT-01823,2026-08-04 11:32:28,2026-08-11 06:44:28,General Surgery,Gastrointestinal Hemorrhage,3,Walk-In,Clear / Mild,64,98,105,75,13,37.9,0,49,6.8,0,,0,4.0,11,1,8,0
ADM-001216,PAT-00950,2026-08-04 11:32:28,2026-08-14 21:08:28,ICU,Diabetic Ketoacidosis (DKA),2,Ambulance,Clear / Mild,136,93,144,112,30,38.6,8,35,10.4,0,,1,5.0,11,1,8,0
ADM-001217,PAT-02380,2026-08-04 11:32:28,2026-08-10 01:56:28,Pulmonology,COPD Exacerbation,4,Ambulance,Clear / Mild,92,99,109,76,15,36.8,0,107,5.6,0,,1,4.1,11,1,8,0
ADM-001218,PAT-00794,2026-08-04 13:32:28,2026-08-09 13:32:28,Pulmonology,Severe Pneumonia / ARDS,3,Ambulance,Rain / Storm,92,98,119,93,15,36.5,0,99,5.0,0,,0,4.4,13,1,8,0
ADM-001219,PAT-01665,2026-08-04 13:32:28,2026-08-13 13:32:28,ICU,Acute Renal Failure,3,Walk-In,Rain / Storm,68,100,115,64,16,37.2,0,86,9.0,0,,0,4.2,13,1,8,0
ADM-001220,PAT-00286,2026-08-04 13:32:28,2026-08-10 20:44:28,Neurology,Acute Ischemic Stroke,2,Ambulance,Rain / Storm,129,86,159,104,26,37.4,8,41,6.3,0,,0,4.3,13,1,8,0
ADM-001221,PAT-00079,2026-08-04 13:32:28,2026-08-10 18:20:28,Neurology,Acute Ischemic Stroke,2,Walk-In,Rain / Storm,131,90,127,86,34,41.2,10,54,6.2,0,,0,4.6,13,1,8,0
ADM-001222,PAT-01941,2026-08-04 15:32:28,2026-08-08 15:32:28,General Surgery,Acute Appendicitis / Laparotomy,3,Ambulance,Clear / Mild,86,98,131,72,15,36.7,0,64,4.0,0,,0,4.0,15,1,8,0
ADM-001223,PAT-01995,2026-08-04 15:32:28,2026-08-08 05:56:28,Pediatrics,Pediatric Bronchiolitis / Asthma,3,Ambulance,Clear / Mild,48,96,129,79,16,37.3,2,23,3.6,0,,0,4.7,15,1,8,0
ADM-001224,PAT-00509,2026-08-04 15:32:28,2026-08-11 10:44:28,Pulmonology,Severe Pneumonia / ARDS,4,Ambulance,Clear / Mild,81,98,124,74,16,37.0,0,148,6.8,0,,0,2.8,15,1,8,0
ADM-001225,PAT-01586,2026-08-04 17:32:28,2026-08-13 07:56:28,Orthopedics,Multiple Trauma / Fracture,4,Walk-In,Clear / Mild,81,96,114,59,14,36.3,0,145,8.6,0,,0,3.6,17,1,8,0
ADM-001226,PAT-01950,2026-08-04 17:32:28,2026-08-11 10:20:28,General Surgery,Gastrointestinal Hemorrhage,3,Walk-In,Clear / Mild,51,95,103,62,15,36.9,0,136,6.7,0,,0,3.1,17,1,8,0
ADM-001227,PAT-01945,2026-08-04 17:32:28,2026-08-14 10:20:28,Pulmonology,COPD Exacerbation,3,Walk-In,Clear / Mild,86,98,126,77,13,36.5,0,69,9.7,0,,1,3.9,17,1,8,0
ADM-001228,PAT-00274,2026-08-04 19:32:28,2026-08-22 19:32:28,ICU,Acute Renal Failure,3,Walk-In,Clear / Mild,100,97,118,83,15,37.5,0,114,18.0,0,,1,4.1,19,1,8,0
ADM-001229,PAT-02376,2026-08-04 19:32:28,2026-08-18 07:32:28,ICU,Acute Renal Failure,3,Ambulance,Clear / Mild,66,97,117,73,14,37.6,0,66,13.5,0,,1,4.1,19,1,8,0
ADM-001230,PAT-00755,2026-08-04 19:32:28,2026-08-13 21:56:28,Neurology,Acute Ischemic Stroke,2,Walk-In,Clear / Mild,129,89,146,100,27,38.2,8,36,9.1,0,,0,4.2,19,1,8,0
ADM-001231,PAT-00872,2026-08-04 19:32:28,2026-08-07 21:56:28,ICU,Diabetic Ketoacidosis (DKA),2,Walk-In,Clear / Mild,105,90,160,118,23,39.0,5,29,3.1,0,,0,5.0,19,1,8,0
ADM-001232,PAT-02483,2026-08-04 21:32:28,2026-08-12 16:44:28,General Surgery,Acute Appendicitis / Laparotomy,4,Ambulance,Rain / Storm,54,99,116,77,14,36.8,0,174,7.8,0,,0,3.4,21,1,8,0
ADM-001233,PAT-00190,2026-08-04 21:32:28,2026-08-15 23:56:28,Cardiology,Acute Myocardial Infarction,2,Walk-In,Rain / Storm,118,83,183,73,23,38.0,7,44,11.1,0,,0,4.9,21,1,8,0
ADM-001234,PAT-00424,2026-08-04 21:32:28,2026-08-18 07:08:28,ICU,Sepsis / Septic Shock,2,Ambulance,Rain / Storm,117,86,184,86,20,39.7,9,19,13.4,0,,0,5.0,21,1,8,0
ADM-001235,PAT-01384,2026-08-04 21:32:28,2026-08-07 14:20:28,General Surgery,Acute Appendicitis / Laparotomy,3,Walk-In,Rain / Storm,80,98,122,74,18,37.0,0,146,2.7,0,,0,2.7,21,1,8,0
ADM-001236,PAT-00168,2026-08-04 21:32:28,2026-08-11 21:32:28,Pulmonology,Severe Pneumonia / ARDS,5,Ambulance,Rain / Storm,76,99,116,75,14,37.1,0,83,7.0,0,,0,5.0,21,1,8,0
ADM-001237,PAT-01236,2026-08-04 21:32:28,2026-08-22 02:20:28,ICU,Diabetic Ketoacidosis (DKA),2,Ambulance,Rain / Storm,108,84,171,92,23,38.5,5,34,17.2,0,,0,4.2,21,1,8,0
ADM-001238,PAT-00712,2026-08-04 21:32:28,2026-08-16 16:44:28,ICU,Acute Renal Failure,3,Ambulance,Rain / Storm,83,100,134,83,18,37.0,0,29,11.8,0,,0,4.9,21,1,8,0
ADM-001239,PAT-01005,2026-08-04 21:32:28,2026-08-21 11:56:28,Pulmonology,COPD Exacerbation,4,Ambulance,Rain / Storm,77,96,97,85,16,37.0,0,158,16.6,0,,0,3.9,21,1,8,0
ADM-001240,PAT-02220,2026-08-04 23:32:28,2026-08-19 04:20:28,Neurology,Acute Ischemic Stroke,3,Walk-In,Freezing / Snow,82,95,125,67,12,36.8,0,51,14.2,0,,0,4.8,23,1,8,0
ADM-001241,PAT-01472,2026-08-05 01:32:28,2026-08-12 08:44:28,Orthopedics,Multiple Trauma / Fracture,4,Ambulance,Extreme Heat,75,97,133,79,20,36.9,0,121,7.3,0,,0,3.6,1,2,8,0
ADM-001242,PAT-00853,2026-08-05 01:32:28,2026-08-15 01:32:28,Cardiology,Acute Myocardial Infarction,3,Walk-In,Extreme Heat,89,98,130,82,13,36.9,0,145,10.0,0,,0,2.9,1,2,8,0
ADM-001243,PAT-01870,2026-08-05 03:32:28,2026-08-09 13:08:28,General Surgery,Gastrointestinal Hemorrhage,2,Ambulance,Clear / Mild,126,92,144,103,28,39.0,8,49,4.4,0,,0,4.3,3,2,8,0
ADM-001244,PAT-02296,2026-08-05 03:32:28,2026-08-22 05:56:28,ICU,Sepsis / Septic Shock,2,Ambulance,Clear / Mild,115,89,151,82,31,39.2,10,50,17.1,0,,1,5.0,3,2,8,0
ADM-001245,PAT-01920,2026-08-05 05:32:28,2026-08-15 00:44:28,Cardiology,Acute Myocardial Infarction,3,Walk-In,Clear / Mild,90,98,119,87,10,36.9,0,90,9.8,0,,0,4.7,5,2,8,0
ADM-001246,PAT-00299,2026-08-05 05:32:28,2026-08-13 12:44:28,General Surgery,Gastrointestinal Hemorrhage,3,Walk-In,Clear / Mild,81,100,128,71,18,37.4,0,71,8.3,0,,0,4.1,5,2,8,0
ADM-001247,PAT-00476,2026-08-05 05:32:28,2026-08-13 15:08:28,Orthopedics,Multiple Trauma / Fracture,3,Walk-In,Clear / Mild,89,99,112,73,16,36.1,0,148,8.4,0,,0,4.0,5,2,8,0
ADM-001248,PAT-00335,2026-08-05 09:32:28,2026-08-17 11:56:28,Cardiology,Congestive Heart Failure,3,Ambulance,Rain / Storm,80,99,123,77,13,36.7,0,25,12.1,0,,1,5.0,9,2,8,0
ADM-001249,PAT-02362,2026-08-05 09:32:28,2026-08-07 11:56:28,General Surgery,Acute Appendicitis / Laparotomy,3,Walk-In,Rain / Storm,83,98,118,72,12,35.9,0,21,2.1,0,,0,5.0,9,2,8,0
ADM-001250,PAT-01237,2026-08-05 09:32:28,2026-08-11 23:56:28,General Surgery,Acute Appendicitis / Laparotomy,3,Ambulance,Rain / Storm,90,96,125,71,14,37.1,0,114,6.6,0,,0,3.9,9,2,8,0
ADM-001251,PAT-02115,2026-08-05 09:32:28,2026-08-15 21:32:28,ICU,Diabetic Ketoacidosis (DKA),3,Ambulance,Rain / Storm,69,95,108,96,18,36.0,0,38,10.5,0,,0,4.8,9,2,8,0
ADM-001252,PAT-00757,2026-08-05 09:32:28,2026-08-14 09:32:28,Neurology,Acute Ischemic Stroke,2,Ambulance,Rain / Storm,106,92,174,108,27,38.9,8,33,9.0,0,,0,4.8,9,2,8,0
ADM-001253,PAT-01198,2026-08-05 09:32:28,2026-08-08 21:32:28,ICU,Diabetic Ketoacidosis (DKA),3,Physician Referral,Rain / Storm,67,97,104,67,15,37.1,0,33,3.5,0,,0,5.0,9,2,8,0
ADM-001254,PAT-01921,2026-08-05 11:32:28,2026-08-07 21:08:28,ICU,Diabetic Ketoacidosis (DKA),2,Walk-In,Clear / Mild,119,87,175,73,23,39.9,9,24,2.4,0,,1,4.6,11,2,8,0
ADM-001255,PAT-00993,2026-08-05 11:32:28,2026-08-13 06:44:28,ICU,Sepsis / Septic Shock,1,Ambulance,Clear / Mild,93,96,156,95,17,38.7,6,13,7.8,0,,0,5.0,11,2,8,0
ADM-001256,PAT-02273,2026-08-05 11:32:28,2026-08-13 21:08:28,Cardiology,Acute Myocardial Infarction,2,Walk-In,Clear / Mild,97,91,168,68,20,39.1,7,49,8.4,0,,1,5.0,11,2,8,0
ADM-001257,PAT-01979,2026-08-05 11:32:28,2026-08-11 16:20:28,Pediatrics,Pediatric Bronchiolitis / Asthma,5,Walk-In,Clear / Mild,79,99,113,83,17,36.7,0,54,6.2,0,,0,4.7,11,2,8,0
ADM-001258,PAT-00080,2026-08-05 13:32:28,2026-08-10 23:08:28,ICU,Sepsis / Septic Shock,2,Walk-In,Clear / Mild,151,91,163,92,26,38.3,10,27,5.4,0,,0,5.0,13,2,8,0
ADM-001259,PAT-00833,2026-08-05 13:32:28,2026-08-12 15:56:28,ICU,Diabetic Ketoacidosis (DKA),3,Ambulance,Clear / Mild,72,98,110,88,14,36.7,0,74,7.1,0,,0,4.3,13,2,8,0
ADM-001260,PAT-01479,2026-08-05 13:32:28,2026-08-10 23:08:28,General Surgery,Acute Appendicitis / Laparotomy,3,Walk-In,Clear / Mild,74,100,110,79,14,37.0,0,65,5.4,0,,0,4.6,13,2,8,0
ADM-001261,PAT-02170,2026-08-05 13:32:28,2026-08-27 15:56:28,ICU,Sepsis / Septic Shock,2,Ambulance,Clear / Mild,106,92,133,95,20,37.9,1,33,22.1,0,,1,4.9,13,2,8,0
ADM-001262,PAT-00057,2026-08-05 13:32:28,2026-08-13 08:44:28,Neurology,Acute Ischemic Stroke,3,Ambulance,Clear / Mild,97,98,116,91,16,36.5,0,122,7.8,0,,1,4.1,13,2,8,0
ADM-001263,PAT-02432,2026-08-05 15:32:28,2026-08-11 01:08:28,Cardiology,Acute Myocardial Infarction,2,Ambulance,Rain / Storm,147,87,128,103,26,37.9,8,36,5.4,0,,0,5.0,15,2,8,0
ADM-001264,PAT-00249,2026-08-05 15:32:28,2026-08-19 01:08:28,ICU,Diabetic Ketoacidosis (DKA),3,Ambulance,Rain / Storm,66,97,123,90,14,37.0,0,67,13.4,0,,0,4.0,15,2,8,0
ADM-001265,PAT-01781,2026-08-05 17:32:28,2026-08-07 19:56:28,Pediatrics,Pediatric Bronchiolitis / Asthma,3,Walk-In,Rain / Storm,92,99,108,94,10,36.9,0,52,2.1,0,,0,4.1,17,2,8,0
ADM-001266,PAT-00144,2026-08-05 17:32:28,2026-08-09 10:20:28,Pediatrics,Pediatric Bronchiolitis / Asthma,5,Helicopter EMS,Rain / Storm,65,96,110,78,17,37.6,0,135,3.7,0,,0,3.6,17,2,8,0
ADM-001267,PAT-02067,2026-08-05 17:32:28,2026-08-17 22:20:28,Pulmonology,Severe Pneumonia / ARDS,4,Ambulance,Rain / Storm,72,96,149,76,16,36.2,0,132,12.2,0,,0,3.5,17,2,8,0
ADM-001268,PAT-02015,2026-08-05 17:32:28,2026-08-15 17:32:28,General Surgery,Gastrointestinal Hemorrhage,2,Walk-In,Rain / Storm,117,95,112,88,37,38.4,5,58,10.0,0,,0,4.6,17,2,8,0
ADM-001269,PAT-00721,2026-08-05 17:32:28,2026-08-12 00:44:28,Pediatrics,Pediatric Bronchiolitis / Asthma,3,Walk-In,Rain / Storm,62,98,146,72,15,36.8,0,105,6.3,0,,0,4.4,17,2,8,0
ADM-001270,PAT-01174,2026-08-05 17:32:28,2026-08-08 12:44:28,ICU,Acute Renal Failure,3,Ambulance,Rain / Storm,80,99,117,72,15,37.4,0,37,2.8,0,,0,4.6,17,2,8,0
ADM-001271,PAT-01809,2026-08-05 17:32:28,2026-08-11 15:08:28,ICU,Sepsis / Septic Shock,1,Ambulance,Rain / Storm,98,93,191,106,15,38.1,7,17,5.9,0,,1,5.0,17,2,8,0
ADM-001272,PAT-00657,2026-08-05 19:32:28,2026-08-08 09:56:28,ICU,Diabetic Ketoacidosis (DKA),2,Physician Referral,Clear / Mild,128,89,126,96,18,38.4,5,35,2.6,0,,0,4.1,19,2,8,0
ADM-001273,PAT-01953,2026-08-05 19:32:28,2026-08-08 02:44:28,Pediatrics,Pediatric Bronchiolitis / Asthma,3,Ambulance,Clear / Mild,69,98,121,96,15,35.5,0,31,2.3,0,,0,4.0,19,2,8,0
ADM-001274,PAT-00794,2026-08-05 19:32:28,2026-08-25 00:20:28,Pulmonology,Severe Pneumonia / ARDS,3,Walk-In,Clear / Mild,77,99,136,66,12,37.1,0,43,19.2,0,,0,3.8,19,2,8,0
ADM-001275,PAT-00736,2026-08-05 21:32:28,2026-08-14 02:20:28,Orthopedics,Multiple Trauma / Fracture,4,Physician Referral,Clear / Mild,77,98,123,64,13,37.2,0,124,8.2,0,,1,3.7,21,2,8,0
ADM-001276,PAT-00513,2026-08-05 21:32:28,2026-08-11 04:44:28,General Surgery,Gastrointestinal Hemorrhage,2,Physician Referral,Clear / Mild,91,86,146,84,32,38.5,6,42,5.3,0,,0,5.0,21,2,8,0
ADM-001277,PAT-00704,2026-08-05 21:32:28,2026-08-07 23:56:28,Pulmonology,COPD Exacerbation,5,Walk-In,Clear / Mild,90,95,125,71,20,37.4,0,136,2.1,0,,1,3.3,21,2,8,0
ADM-001278,PAT-00136,2026-08-05 21:32:28,2026-08-12 21:32:28,General Surgery,Acute Appendicitis / Laparotomy,4,Ambulance,Clear / Mild,88,98,107,71,15,37.3,0,114,7.0,0,,0,4.2,21,2,8,0
ADM-001279,PAT-00161,2026-08-05 21:32:28,2026-08-11 19:08:28,General Surgery,Gastrointestinal Hemorrhage,2,Walk-In,Clear / Mild,111,93,212,88,30,37.8,8,25,5.9,0,,0,5.0,21,2,8,0
ADM-001280,PAT-01405,2026-08-05 21:32:28,2026-08-21 23:56:28,ICU,Sepsis / Septic Shock,2,Walk-In,Clear / Mild,162,88,166,66,28,39.3,12,35,16.1,0,,1,4.7,21,2,8,0
ADM-001281,PAT-01961,2026-08-05 21:32:28,2026-08-13 07:08:28,Pulmonology,COPD Exacerbation,3,Walk-In,Clear / Mild,78,99,150,74,14,36.3,0,9,7.4,0,,0,5.0,21,2,8,0
ADM-001282,PAT-01976,2026-08-05 21:32:28,2026-08-15 02:20:28,ICU,Acute Renal Failure,2,Physician Referral,Clear / Mild,132,91,153,81,23,36.5,5,40,9.2,0,,1,5.0,21,2,8,0
ADM-001283,PAT-00860,2026-08-06 01:32:28,2026-08-17 18:20:28,Orthopedics,Multiple Trauma / Fracture,4,Ambulance,Extreme Heat,61,97,122,71,17,36.5,0,115,11.7,0,,0,4.1,1,3,8,0
ADM-001284,PAT-00856,2026-08-06 01:32:28,2026-08-21 08:44:28,Neurology,Acute Ischemic Stroke,2,Walk-In,Extreme Heat,134,92,101,110,33,38.0,6,36,15.3,0,,1,5.0,1,3,8,0
ADM-001285,PAT-01057,2026-08-06 01:32:28,2026-08-11 06:20:28,ICU,Sepsis / Septic Shock,1,Ambulance,Extreme Heat,104,87,143,80,22,38.4,7,10,5.2,0,,1,4.9,1,3,8,0
ADM-001286,PAT-02129,2026-08-06 01:32:28,2026-08-24 18:20:28,Neurology,Acute Ischemic Stroke,2,Helicopter EMS,Extreme Heat,160,94,157,85,27,38.7,8,41,18.7,0,,0,4.6,1,3,8,0
ADM-001287,PAT-00724,2026-08-06 05:32:28,2026-08-21 00:44:28,ICU,Sepsis / Septic Shock,1,Ambulance,Clear / Mild,130,91,155,114,27,37.9,12,5,14.8,0,,1,5.0,5,3,8,0
ADM-001288,PAT-00940,2026-08-06 05:32:28,2026-08-12 17:32:28,General Surgery,Gastrointestinal Hemorrhage,2,Ambulance,Clear / Mild,135,91,144,90,29,39.2,10,32,6.5,0,,0,4.1,5,3,8,0
ADM-001289,PAT-00218,2026-08-06 05:32:28,2026-08-12 05:32:28,Cardiology,Acute Myocardial Infarction,2,Ambulance,Clear / Mild,127,90,161,90,21,39.0,9,32,6.0,0,,1,5.0,5,3,8,0
ADM-001290,PAT-00140,2026-08-06 07:32:28,2026-08-14 12:20:28,Neurology,Acute Ischemic Stroke,3,Walk-In,Clear / Mild,78,97,139,62,16,36.8,0,92,8.2,0,,0,3.6,7,3,8,0
ADM-001291,PAT-00956,2026-08-06 07:32:28,2026-08-10 09:56:28,Neurology,Acute Ischemic Stroke,3,Ambulance,Clear / Mild,79,98,108,80,15,37.2,0,117,4.1,0,,0,5.0,7,3,8,0
ADM-001292,PAT-02108,2026-08-06 07:32:28,2026-08-24 09:56:28,Neurology,Acute Ischemic Stroke,2,Walk-In,Clear / Mild,100,90,143,104,18,37.5,3,39,18.1,0,,0,5.0,7,3,8,0
ADM-001293,PAT-00524,2026-08-06 09:32:28,2026-08-12 19:08:28,Pulmonology,COPD Exacerbation,4,Helicopter EMS,High Smog / Poor AQI,89,97,138,77,13,36.3,0,107,6.4,0,,0,4.0,9,3,8,0
ADM-001294,PAT-00052,2026-08-06 09:32:28,2026-08-11 11:56:28,Pulmonology,Severe Pneumonia / ARDS,3,Walk-In,High Smog / Poor AQI,86,98,130,75,16,37.2,0,99,5.1,0,,0,4.2,9,3,8,0
ADM-001295,PAT-01523,2026-08-06 09:32:28,2026-08-10 19:08:28,ICU,Acute Renal Failure,3,Walk-In,High Smog / Poor AQI,84,96,114,68,15,37.6,0,61,4.4,0,,0,4.8,9,3,8,0
ADM-001296,PAT-01580,2026-08-06 09:32:28,2026-08-10 09:32:28,ICU,Diabetic Ketoacidosis (DKA),2,Physician Referral,High Smog / Poor AQI,92,85,121,97,28,38.5,6,27,4.0,0,,0,5.0,9,3,8,0
ADM-001297,PAT-01212,2026-08-06 09:32:28,2026-08-11 02:20:28,Pulmonology,COPD Exacerbation,4,Walk-In,High Smog / Poor AQI,64,96,127,96,13,36.7,0,87,4.7,0,,0,4.4,9,3,8,0
ADM-001298,PAT-00591,2026-08-06 11:32:28,2026-08-14 06:44:28,Cardiology,Congestive Heart Failure,2,Ambulance,Extreme Heat,141,91,145,105,31,38.2,8,31,7.8,0,,0,4.9,11,3,8,0
ADM-001299,PAT-00912,2026-08-06 11:32:28,2026-08-10 23:32:28,General Surgery,Acute Appendicitis / Laparotomy,4,Walk-In,Extreme Heat,78,95,127,91,19,36.6,0,102,4.5,0,,0,3.8,11,3,8,0
ADM-001300,PAT-01324,2026-08-06 11:32:28,2026-08-26 06:44:28,Neurology,Acute Ischemic Stroke,3,Ambulance,Extreme Heat,83,95,113,68,19,36.2,0,124,19.8,0,,0,4.8,11,3,8,0
ADM-001301,PAT-02468,2026-08-06 13:32:28,2026-08-12 01:32:28,Orthopedics,Multiple Trauma / Fracture,4,Walk-In,Clear / Mild,98,96,99,78,13,36.8,0,177,5.5,0,,0,3.2,13,3,8,0
ADM-001302,PAT-00544,2026-08-06 13:32:28,2026-08-29 06:20:28,ICU,Diabetic Ketoacidosis (DKA),3,Walk-In,Clear / Mild,77,99,135,93,13,36.1,0,55,22.7,0,,0,5.0,13,3,8,0
ADM-001303,PAT-00156,2026-08-06 13:32:28,2026-08-14 11:08:28,Neurology,Acute Ischemic Stroke,3,Ambulance,Clear / Mild,76,97,134,65,16,37.2,0,90,7.9,0,,0,4.6,13,3,8,0
ADM-001304,PAT-02122,2026-08-06 13:32:28,2026-08-21 08:44:28,Neurology,Acute Ischemic Stroke,3,Walk-In,Clear / Mild,93,98,146,62,17,36.5,0,73,14.8,0,,0,4.5,13,3,8,0
ADM-001305,PAT-00975,2026-08-06 13:32:28,2026-08-13 13:32:28,ICU,Sepsis / Septic Shock,1,Helicopter EMS,Clear / Mild,156,94,165,80,25,38.1,12,22,7.0,0,,0,4.5,13,3,8,0
ADM-001306,PAT-01415,2026-08-06 15:32:28,2026-08-12 03:32:28,Pulmonology,COPD Exacerbation,4,Ambulance,Clear / Mild,71,96,137,73,16,37.6,0,165,5.5,0,,0,3.3,15,3,8,0
ADM-001307,PAT-00524,2026-08-06 15:32:28,2026-08-18 22:44:28,Pulmonology,COPD Exacerbation,3,Walk-In,Clear / Mild,90,97,130,66,14,36.6,0,104,12.3,0,,0,5.0,15,3,8,0
ADM-001308,PAT-02147,2026-08-06 17:32:28,2026-08-15 12:44:28,Orthopedics,Multiple Trauma / Fracture,4,Ambulance,Rain / Storm,75,99,119,69,15,36.4,0,85,8.8,0,,0,4.1,17,3,8,0
ADM-001309,PAT-01875,2026-08-06 17:32:28,2026-08-19 07:56:28,Neurology,Acute Ischemic Stroke,3,Walk-In,Rain / Storm,58,97,113,72,16,36.6,0,80,12.6,0,,0,5.0,17,3,8,0
ADM-001310,PAT-01220,2026-08-06 17:32:28,2026-08-12 19:56:28,Pediatrics,Pediatric Bronchiolitis / Asthma,4,Walk-In,Rain / Storm,72,96,123,76,14,36.3,0,169,6.1,0,,0,3.3,17,3,8,0
ADM-001311,PAT-02292,2026-08-06 17:32:28,2026-08-12 05:32:28,Pediatrics,Pediatric Bronchiolitis / Asthma,3,Ambulance,Rain / Storm,85,99,104,81,14,36.3,0,64,5.5,0,,0,4.4,17,3,8,0
ADM-001312,PAT-00004,2026-08-06 17:32:28,2026-08-23 07:56:28,Neurology,Acute Ischemic Stroke,2,Walk-In,Rain / Storm,146,92,142,110,28,37.7,6,48,16.6,0,,1,5.0,17,3,8,0
ADM-001313,PAT-01924,2026-08-06 17:32:28,2026-08-13 05:32:28,Orthopedics,Multiple Trauma / Fracture,3,Walk-In,Rain / Storm,67,99,129,83,14,37.1,0,81,6.5,0,,0,4.8,17,3,8,0
ADM-001314,PAT-01641,2026-08-06 17:32:28,2026-08-12 12:44:28,Neurology,Acute Ischemic Stroke,3,Walk-In,Rain / Storm,84,95,124,73,18,36.6,0,57,5.8,0,,0,5.0,17,3,8,0
ADM-001315,PAT-01699,2026-08-06 19:32:28,2026-08-24 17:08:28,Neurology,Acute Ischemic Stroke,2,Walk-In,Rain / Storm,140,90,153,109,27,37.7,8,36,17.9,0,,0,4.7,19,3,8,0
ADM-001316,PAT-02444,2026-08-06 19:32:28,2026-08-17 07:32:28,Pulmonology,Severe Pneumonia / ARDS,3,Ambulance,Rain / Storm,57,98,138,69,14,37.2,0,19,10.5,0,,1,4.9,19,3,8,0
ADM-001317,PAT-01172,2026-08-06 19:32:28,2026-08-24 07:32:28,Orthopedics,Multiple Trauma / Fracture,3,Ambulance,Rain / Storm,69,96,114,64,16,37.0,0,81,17.5,0,,0,4.4,19,3,8,0
ADM-001318,PAT-00813,2026-08-06 19:32:28,2026-08-15 02:44:28,Cardiology,Congestive Heart Failure,2,Walk-In,Rain / Storm,129,91,132,110,26,39.2,10,51,8.3,0,,1,4.1,19,3,8,0
ADM-001319,PAT-00373,2026-08-06 21:32:28,2026-08-21 19:08:28,Cardiology,Acute Myocardial Infarction,3,Ambulance,Clear / Mild,80,95,115,86,14,36.4,0,52,14.9,0,,0,4.7,21,3,8,0
ADM-001320,PAT-01541,2026-08-07 01:32:28,2026-08-15 03:56:28,Neurology,Acute Ischemic Stroke,3,Physician Referral,Clear / Mild,79,94,122,75,16,36.5,1,87,8.1,0,,0,4.1,1,4,8,0
ADM-001321,PAT-01600,2026-08-07 01:32:28,2026-08-20 06:20:28,ICU,Acute Renal Failure,3,Walk-In,Clear / Mild,62,98,139,84,18,36.6,0,88,13.2,0,,0,4.9,1,4,8,0
ADM-001322,PAT-00838,2026-08-07 05:32:28,2026-08-14 19:56:28,Pulmonology,Severe Pneumonia / ARDS,5,Walk-In,Freezing / Snow,90,96,118,78,17,36.4,0,89,7.6,0,,0,3.6,5,4,8,0
ADM-001323,PAT-02452,2026-08-07 05:32:28,2026-08-11 00:44:28,Cardiology,Congestive Heart Failure,2,Walk-In,Freezing / Snow,141,89,114,87,27,38.0,8,43,3.8,0,,0,4.9,5,4,8,0
ADM-001324,PAT-02377,2026-08-07 05:32:28,2026-08-13 10:20:28,Cardiology,Congestive Heart Failure,2,Walk-In,Freezing / Snow,101,88,185,117,15,39.3,7,44,6.2,0,,0,5.0,5,4,8,0
ADM-001325,PAT-01765,2026-08-07 05:32:28,2026-08-14 05:32:28,Orthopedics,Multiple Trauma / Fracture,4,Ambulance,Freezing / Snow,56,98,108,65,13,37.0,0,158,7.0,0,,0,3.5,5,4,8,0
ADM-001326,PAT-00852,2026-08-07 05:32:28,2026-08-15 15:08:28,General Surgery,Gastrointestinal Hemorrhage,2,Walk-In,Freezing / Snow,110,89,139,91,21,38.7,5,44,8.4,0,,0,5.0,5,4,8,0
ADM-001327,PAT-02285,2026-08-07 07:32:28,2026-08-10 00:20:28,Pediatrics,Pediatric Bronchiolitis / Asthma,4,Walk-In,Clear / Mild,98,98,102,74,17,37.4,0,153,2.7,0,,0,4.7,7,4,8,0
ADM-001328,PAT-01464,2026-08-07 07:32:28,2026-08-10 14:44:28,Pediatrics,Pediatric Bronchiolitis / Asthma,3,Physician Referral,Clear / Mild,70,96,98,81,18,37.1,0,75,3.3,0,,0,4.5,7,4,8,0
ADM-001329,PAT-01765,2026-08-07 07:32:28,2026-08-29 12:20:28,Cardiology,Acute Myocardial Infarction,3,Ambulance,Clear / Mild,68,94,126,87,12,37.1,1,107,22.2,0,,1,3.9,7,4,8,0
ADM-001330,PAT-00811,2026-08-07 07:32:28,2026-08-09 17:08:28,General Surgery,Acute Appendicitis / Laparotomy,3,Walk-In,Clear / Mild,66,96,131,72,16,36.8,0,83,2.4,0,,0,3.8,7,4,8,0
ADM-001331,PAT-01499,2026-08-07 09:32:28,2026-08-23 14:20:28,ICU,Acute Renal Failure,3,Walk-In,Rain / Storm,71,97,128,75,13,36.8,0,46,16.2,0,,1,4.4,9,4,8,0
ADM-001332,PAT-02011,2026-08-07 09:32:28,2026-08-18 11:56:28,Neurology,Acute Ischemic Stroke,3,Walk-In,Rain / Storm,74,100,142,72,13,36.8,0,67,11.1,0,,0,5.0,9,4,8,0
ADM-001333,PAT-01230,2026-08-07 09:32:28,2026-08-20 02:20:28,Pulmonology,Severe Pneumonia / ARDS,5,Ambulance,Rain / Storm,92,96,112,84,16,36.5,0,99,12.7,0,,0,4.0,9,4,8,0
ADM-001334,PAT-00958,2026-08-07 09:32:28,2026-08-11 11:56:28,ICU,Diabetic Ketoacidosis (DKA),2,Walk-In,Rain / Storm,131,88,85,93,22,39.8,9,34,4.1,0,,1,4.7,9,4,8,0
ADM-001335,PAT-01334,2026-08-07 09:32:28,2026-09-08 09:32:28,ICU,Sepsis / Septic Shock,2,Ambulance,Rain / Storm,106,86,164,79,18,39.8,7,21,32.0,0,,0,5.0,9,4,8,0
ADM-001336,PAT-01594,2026-08-07 09:32:28,2026-08-19 04:44:28,Orthopedics,Multiple Trauma / Fracture,3,Physician Referral,Rain / Storm,84,99,111,81,14,36.7,0,68,11.8,0,,0,4.6,9,4,8,0
ADM-001337,PAT-01813,2026-08-07 09:32:28,2026-08-16 02:20:28,ICU,Diabetic Ketoacidosis (DKA),3,Walk-In,Rain / Storm,83,95,102,74,19,36.5,0,74,8.7,0,,0,4.4,9,4,8,0
ADM-001338,PAT-00371,2026-08-07 09:32:28,2026-08-09 19:08:28,Pediatrics,Pediatric Bronchiolitis / Asthma,4,Ambulance,Rain / Storm,80,100,128,70,21,36.8,0,97,2.4,0,,0,3.9,9,4,8,0
ADM-001339,PAT-01121,2026-08-07 11:32:28,2026-08-22 01:56:28,Neurology,Acute Ischemic Stroke,3,Walk-In,High Smog / Poor AQI,93,100,106,89,13,36.4,0,112,14.6,0,,0,3.6,11,4,8,0
ADM-001340,PAT-01652,2026-08-07 11:32:28,2026-08-14 13:56:28,ICU,Diabetic Ketoacidosis (DKA),2,Walk-In,High Smog / Poor AQI,114,90,166,103,31,39.9,12,41,7.1,0,,1,4.9,11,4,8,0
ADM-001341,PAT-00647,2026-08-07 11:32:28,2026-08-12 09:08:28,General Surgery,Gastrointestinal Hemorrhage,2,Walk-In,High Smog / Poor AQI,97,87,175,92,19,37.2,5,28,4.9,0,,1,5.0,11,4,8,0
ADM-001342,PAT-02338,2026-08-07 11:32:28,2026-08-22 06:44:28,ICU,Acute Renal Failure,2,Ambulance,High Smog / Poor AQI,119,98,149,92,13,38.0,2,48,14.8,0,,0,5.0,11,4,8,0
ADM-001343,PAT-02492,2026-08-07 11:32:28,2026-08-14 11:32:28,ICU,Acute Renal Failure,2,Physician Referral,High Smog / Poor AQI,126,94,152,62,27,39.0,8,54,7.0,0,,0,4.3,11,4,8,0
ADM-001344,PAT-01468,2026-08-07 13:32:28,2026-08-15 18:20:28,Pulmonology,Severe Pneumonia / ARDS,4,Ambulance,Extreme Heat,77,98,135,80,18,36.7,0,109,8.2,0,,1,3.5,13,4,8,0
ADM-001345,PAT-00460,2026-08-07 13:32:28,2026-08-17 11:08:28,ICU,Sepsis / Septic Shock,2,Ambulance,Extreme Heat,96,84,162,88,25,38.1,8,34,9.9,0,,0,5.0,13,4,8,0
ADM-001346,PAT-00964,2026-08-07 13:32:28,2026-08-14 18:20:28,ICU,Diabetic Ketoacidosis (DKA),2,Walk-In,Extreme Heat,108,93,166,93,20,37.9,3,50,7.2,0,,0,4.5,13,4,8,0
ADM-001347,PAT-00859,2026-08-07 13:32:28,2026-08-22 08:44:28,Pulmonology,COPD Exacerbation,5,Walk-In,Extreme Heat,69,96,120,87,13,37.4,0,131,14.8,0,,1,3.7,13,4,8,0
ADM-001348,PAT-01750,2026-08-07 13:32:28,2026-08-13 06:20:28,Cardiology,Acute Myocardial Infarction,3,Ambulance,Extreme Heat,86,97,124,69,15,36.6,0,55,5.7,0,,1,4.7,13,4,8,0
ADM-001349,PAT-01954,2026-08-07 13:32:28,2026-08-11 01:32:28,Orthopedics,Multiple Trauma / Fracture,3,Walk-In,Extreme Heat,110,95,124,62,12,36.8,0,57,3.5,0,,0,4.8,13,4,8,0
ADM-001350,PAT-02388,2026-08-07 13:32:28,2026-08-16 03:56:28,Cardiology,Congestive Heart Failure,3,Helicopter EMS,Extreme Heat,76,96,142,86,13,36.8,0,108,8.6,0,,0,4.1,13,4,8,0
ADM-001351,PAT-00475,2026-08-07 15:32:28,2026-08-21 03:32:28,Pulmonology,COPD Exacerbation,3,Ambulance,Clear / Mild,72,95,109,78,15,36.9,0,78,13.5,0,,0,5.0,15,4,8,0
ADM-001352,PAT-01660,2026-08-07 15:32:28,2026-08-25 15:32:28,General Surgery,Gastrointestinal Hemorrhage,2,Walk-In,Clear / Mild,115,91,149,99,28,38.9,10,30,18.0,0,,0,5.0,15,4,8,0
ADM-001353,PAT-02060,2026-08-07 15:32:28,2026-08-14 01:08:28,General Surgery,Gastrointestinal Hemorrhage,3,Walk-In,Clear / Mild,54,97,88,93,16,36.7,2,4,6.4,0,,0,5.0,15,4,8,0
ADM-001354,PAT-00182,2026-08-07 15:32:28,2026-08-13 08:20:28,Cardiology,Acute Myocardial Infarction,3,Walk-In,Clear / Mild,82,97,104,86,15,36.1,0,88,5.7,0,,0,4.6,15,4,8,0
ADM-001355,PAT-02467,2026-08-07 15:32:28,2026-08-26 05:56:28,Neurology,Acute Ischemic Stroke,2,Walk-In,Clear / Mild,122,85,109,111,25,37.7,8,35,18.6,0,,0,4.6,15,4,8,0
ADM-001356,PAT-01704,2026-08-07 15:32:28,2026-08-19 03:32:28,General Surgery,Gastrointestinal Hemorrhage,3,Walk-In,Clear / Mild,91,98,110,94,15,37.1,0,109,11.5,0,,1,4.6,15,4,8,0
ADM-001357,PAT-00916,2026-08-07 15:32:28,2026-08-13 01:08:28,ICU,Diabetic Ketoacidosis (DKA),2,Ambulance,Clear / Mild,105,92,164,112,31,37.6,6,35,5.4,0,,0,5.0,15,4,8,0
ADM-001358,PAT-00107,2026-08-07 15:32:28,2026-08-27 15:32:28,ICU,Sepsis / Septic Shock,2,Ambulance,Clear / Mild,161,91,109,89,36,38.2,8,22,20.0,0,,0,5.0,15,4,8,0
ADM-001359,PAT-00048,2026-08-07 17:32:28,2026-08-16 17:32:28,Cardiology,Congestive Heart Failure,3,Helicopter EMS,Rain / Storm,75,100,117,61,20,36.9,0,49,9.0,0,,1,5.0,17,4,8,0
ADM-001360,PAT-01450,2026-08-07 19:32:28,2026-08-14 17:08:28,General Surgery,Acute Appendicitis / Laparotomy,3,Walk-In,Extreme Heat,69,97,123,74,17,36.9,0,32,6.9,0,,0,4.2,19,4,8,0
ADM-001361,PAT-02290,2026-08-07 19:32:28,2026-08-16 09:56:28,Cardiology,Acute Myocardial Infarction,2,Physician Referral,Extreme Heat,109,90,159,60,31,38.3,6,25,8.6,0,,0,4.5,19,4,8,0
ADM-001362,PAT-02449,2026-08-07 19:32:28,2026-08-10 19:32:28,Pulmonology,Severe Pneumonia / ARDS,4,Ambulance,Extreme Heat,59,100,124,71,16,36.7,0,159,3.0,0,,1,3.4,19,4,8,0
ADM-001363,PAT-01644,2026-08-07 19:32:28,2026-08-18 21:56:28,ICU,Acute Renal Failure,3,Walk-In,Extreme Heat,82,97,110,68,18,37.1,0,87,11.1,0,,0,4.8,19,4,8,0
ADM-001364,PAT-01377,2026-08-07 19:32:28,2026-08-14 19:32:28,Cardiology,Congestive Heart Failure,2,Ambulance,Extreme Heat,114,94,143,80,28,38.3,6,35,7.0,0,,0,5.0,19,4,8,0
ADM-001365,PAT-02430,2026-08-07 19:32:28,2026-08-15 07:32:28,Neurology,Acute Ischemic Stroke,3,Ambulance,Extreme Heat,75,97,140,78,16,36.3,0,93,7.5,0,,0,4.6,19,4,8,0
ADM-001366,PAT-00334,2026-08-07 19:32:28,2026-08-13 05:08:28,ICU,Diabetic Ketoacidosis (DKA),2,Ambulance,Extreme Heat,152,91,137,93,24,39.6,7,40,5.4,0,,1,5.0,19,4,8,0
ADM-001367,PAT-00047,2026-08-07 21:32:28,2026-08-15 19:08:28,ICU,Acute Renal Failure,2,Physician Referral,Clear / Mild,139,97,185,106,20,38.1,4,29,7.9,0,,0,5.0,21,4,8,0
ADM-001368,PAT-00836,2026-08-07 21:32:28,2026-08-14 07:08:28,General Surgery,Gastrointestinal Hemorrhage,2,Ambulance,Clear / Mild,130,92,176,81,30,37.8,8,27,6.4,0,,0,4.6,21,4,8,0
ADM-001369,PAT-02288,2026-08-07 21:32:28,2026-08-15 14:20:28,General Surgery,Gastrointestinal Hemorrhage,3,Ambulance,Clear / Mild,83,98,126,79,13,36.3,0,88,7.7,0,,0,4.3,21,4,8,0
ADM-001370,PAT-00071,2026-08-07 21:32:28,2026-08-11 07:08:28,General Surgery,Acute Appendicitis / Laparotomy,5,Ambulance,Clear / Mild,86,97,129,76,19,36.8,0,123,3.4,0,,0,5.0,21,4,8,0
ADM-001371,PAT-00343,2026-08-07 21:32:28,2026-08-22 21:32:28,ICU,Sepsis / Septic Shock,2,Walk-In,Clear / Mild,101,84,128,81,27,38.0,6,39,15.0,0,,0,5.0,21,4,8,0
ADM-001372,PAT-00305,2026-08-07 21:32:28,2026-08-17 02:20:28,Neurology,Acute Ischemic Stroke,2,Walk-In,Clear / Mild,155,85,148,86,30,36.6,8,50,9.2,0,,0,4.1,21,4,8,0
ADM-001373,PAT-01087,2026-08-07 23:32:28,2026-08-14 04:20:28,Cardiology,Acute Myocardial Infarction,3,Physician Referral,Clear / Mild,63,100,113,69,18,37.2,0,80,6.2,0,,0,5.0,23,4,8,0
ADM-001374,PAT-01958,2026-08-07 23:32:28,2026-08-18 01:56:28,ICU,Acute Renal Failure,2,Physician Referral,Clear / Mild,120,91,160,114,17,39.1,7,23,10.1,0,,0,4.6,23,4,8,0
ADM-001375,PAT-02139,2026-08-07 23:32:28,2026-08-11 18:44:28,ICU,Diabetic Ketoacidosis (DKA),2,Walk-In,Clear / Mild,103,87,117,94,22,39.0,5,45,3.8,0,,0,5.0,23,4,8,0
ADM-001376,PAT-01592,2026-08-08 01:32:28,2026-08-12 23:08:28,Orthopedics,Multiple Trauma / Fracture,3,Ambulance,Clear / Mild,72,98,101,100,13,37.0,0,119,4.9,0,,0,3.9,1,5,8,1
ADM-001377,PAT-00743,2026-08-08 01:32:28,2026-08-14 11:08:28,Orthopedics,Multiple Trauma / Fracture,4,Ambulance,Clear / Mild,70,95,97,75,18,36.1,0,169,6.4,0,,0,4.2,1,5,8,1
ADM-001378,PAT-00941,2026-08-08 01:32:28,2026-08-12 13:32:28,Cardiology,Acute Myocardial Infarction,3,Ambulance,Clear / Mild,64,96,126,77,15,36.6,0,103,4.5,0,,0,4.2,1,5,8,1
ADM-001379,PAT-00301,2026-08-08 01:32:28,2026-08-13 15:56:28,Orthopedics,Multiple Trauma / Fracture,3,Ambulance,Clear / Mild,70,99,118,82,15,37.2,0,96,5.6,0,,0,4.8,1,5,8,1
ADM-001380,PAT-00260,2026-08-08 05:32:28,2026-08-24 03:08:28,ICU,Diabetic Ketoacidosis (DKA),2,Walk-In,Clear / Mild,111,88,155,118,17,38.6,7,49,15.9,0,,0,5.0,5,5,8,1
ADM-001381,PAT-00943,2026-08-08 07:32:28,2026-08-19 14:44:28,ICU,Acute Renal Failure,3,Ambulance,Extreme Heat,93,97,133,65,13,36.6,0,58,11.3,0,,1,5.0,7,5,8,1
ADM-001382,PAT-01330,2026-08-08 09:32:28,2026-08-28 11:56:28,Pulmonology,COPD Exacerbation,4,Ambulance,Clear / Mild,68,96,129,78,16,36.9,0,122,20.1,0,,0,3.3,9,5,8,1
ADM-001383,PAT-02379,2026-08-08 09:32:28,2026-08-15 04:44:28,General Surgery,Gastrointestinal Hemorrhage,3,Walk-In,Clear / Mild,94,97,127,79,18,37.3,0,117,6.8,0,,0,4.0,9,5,8,1
ADM-001384,PAT-00906,2026-08-08 09:32:28,2026-08-25 21:32:28,Cardiology,Congestive Heart Failure,3,Ambulance,Clear / Mild,84,97,127,64,18,36.2,0,35,17.5,0,,0,4.9,9,5,8,1
ADM-001385,PAT-01764,2026-08-08 09:32:28,2026-08-14 14:20:28,ICU,Diabetic Ketoacidosis (DKA),3,Walk-In,Clear / Mild,79,98,121,77,16,36.7,0,81,6.2,0,,0,3.5,9,5,8,1
ADM-001386,PAT-00432,2026-08-08 09:32:28,2026-08-13 16:44:28,Cardiology,Acute Myocardial Infarction,3,Ambulance,Clear / Mild,75,97,117,70,15,36.7,0,54,5.3,0,,0,4.7,9,5,8,1
ADM-001387,PAT-02338,2026-08-08 09:32:28,2026-08-15 09:32:28,Orthopedics,Multiple Trauma / Fracture,5,Walk-In,Clear / Mild,65,95,158,67,14,37.0,0,136,7.0,0,,0,3.9,9,5,8,1
ADM-001388,PAT-00127,2026-08-08 09:32:28,2026-08-12 19:08:28,Pulmonology,COPD Exacerbation,3,Walk-In,Clear / Mild,80,98,117,80,18,36.8,0,88,4.4,0,,0,4.3,9,5,8,1
ADM-001389,PAT-01730,2026-08-08 11:32:28,2026-08-13 13:56:28,Cardiology,Acute Myocardial Infarction,2,Walk-In,Extreme Heat,134,92,130,97,31,37.7,6,54,5.1,0,,1,4.9,11,5,8,1
ADM-001390,PAT-00423,2026-08-08 11:32:28,2026-08-13 04:20:28,General Surgery,Gastrointestinal Hemorrhage,3,Ambulance,Extreme Heat,76,98,110,70,15,37.1,0,97,4.7,0,,0,4.5,11,5,8,1
ADM-001391,PAT-01668,2026-08-08 11:32:28,2026-08-15 13:56:28,Cardiology,Acute Myocardial Infarction,3,Ambulance,Extreme Heat,67,95,116,88,17,36.8,0,52,7.1,0,,0,4.5,11,5,8,1
ADM-001392,PAT-00419,2026-08-08 13:32:28,2026-08-17 11:08:28,Pulmonology,Severe Pneumonia / ARDS,3,Ambulance,Clear / Mild,65,97,118,65,14,37.0,0,64,8.9,0,,0,4.6,13,5,8,1
ADM-001393,PAT-02310,2026-08-08 15:32:28,2026-08-16 08:20:28,Pulmonology,COPD Exacerbation,3,Ambulance,Clear / Mild,76,100,128,67,19,37.2,0,60,7.7,0,,0,4.7,15,5,8,1
ADM-001394,PAT-01655,2026-08-08 15:32:28,2026-08-12 10:44:28,Cardiology,Acute Myocardial Infarction,2,Ambulance,Clear / Mild,125,87,130,104,33,38.0,8,29,3.8,0,,0,5.0,15,5,8,1
ADM-001395,PAT-02055,2026-08-08 15:32:28,2026-08-14 15:32:28,Cardiology,Acute Myocardial Infarction,2,Walk-In,Clear / Mild,103,89,125,76,28,38.0,6,37,6.0,0,,0,4.5,15,5,8,1
ADM-001396,PAT-01075,2026-08-08 15:32:28,2026-08-14 03:32:28,Pulmonology,COPD Exacerbation,3,Ambulance,Clear / Mild,54,98,85,82,16,36.8,2,43,5.5,0,,1,4.9,15,5,8,1
ADM-001397,PAT-02238,2026-08-08 17:32:28,2026-08-15 00:44:28,Pulmonology,COPD Exacerbation,4,Walk-In,Clear / Mild,94,98,113,73,14,37.3,0,163,6.3,0,,0,3.2,17,5,8,1
ADM-001398,PAT-02492,2026-08-08 17:32:28,2026-08-16 22:20:28,Pulmonology,Severe Pneumonia / ARDS,3,Walk-In,Clear / Mild,76,98,148,86,16,36.2,0,54,8.2,0,,0,4.5,17,5,8,1
ADM-001399,PAT-01471,2026-08-08 19:32:28,2026-08-12 05:08:28,General Surgery,Acute Appendicitis / Laparotomy,5,Physician Referral,Clear / Mild,83,96,152,89,17,36.2,0,122,3.4,0,,0,4.0,19,5,8,1
ADM-001400,PAT-01766,2026-08-08 19:32:28,2026-08-20 12:20:28,ICU,Sepsis / Septic Shock,1,Helicopter EMS,Clear / Mild,99,87,141,85,33,36.9,10,21,11.7,0,,0,5.0,19,5,8,1
ADM-001401,PAT-01861,2026-08-08 19:32:28,2026-08-15 17:08:28,Orthopedics,Multiple Trauma / Fracture,4,Ambulance,Clear / Mild,53,97,143,80,13,37.2,0,65,6.9,0,,0,5.0,19,5,8,1
ADM-001402,PAT-01415,2026-08-08 19:32:28,2026-08-29 21:56:28,Neurology,Acute Ischemic Stroke,2,Walk-In,Clear / Mild,132,92,132,102,27,38.8,8,36,21.1,0,,0,4.6,19,5,8,1
ADM-001403,PAT-01171,2026-08-08 19:32:28,2026-08-14 07:32:28,General Surgery,Acute Appendicitis / Laparotomy,3,Physician Referral,Clear / Mild,52,99,100,78,16,36.9,0,78,5.5,0,,0,4.3,19,5,8,1
ADM-001404,PAT-01203,2026-08-08 21:32:28,2026-08-28 02:20:28,ICU,Acute Renal Failure,3,Helicopter EMS,Clear / Mild,86,100,125,78,14,37.0,0,82,19.2,0,,1,4.7,21,5,8,1
ADM-001405,PAT-00552,2026-08-08 23:32:28,2026-08-20 09:08:28,ICU,Acute Renal Failure,2,Ambulance,Freezing / Snow,120,85,137,102,38,38.1,8,46,11.4,0,,0,5.0,23,5,8,1
ADM-001406,PAT-01590,2026-08-08 23:32:28,2026-08-14 18:44:28,Cardiology,Congestive Heart Failure,2,Walk-In,Freezing / Snow,105,81,184,62,24,37.5,5,28,5.8,0,,1,4.6,23,5,8,1
ADM-001407,PAT-02213,2026-08-08 23:32:28,2026-08-17 13:56:28,Orthopedics,Multiple Trauma / Fracture,3,Ambulance,Freezing / Snow,66,97,111,77,16,37.6,0,111,8.6,0,,0,3.1,23,5,8,1
ADM-001408,PAT-01107,2026-08-09 01:32:28,2026-08-19 08:44:28,Orthopedics,Multiple Trauma / Fracture,5,Ambulance,Clear / Mild,89,98,130,81,14,37.3,0,118,10.3,0,,0,4.3,1,6,8,1
ADM-001409,PAT-01692,2026-08-09 03:32:28,2026-08-12 15:32:28,General Surgery,Acute Appendicitis / Laparotomy,4,Walk-In,Rain / Storm,77,97,114,92,16,36.8,0,135,3.5,0,,0,3.9,3,6,8,1
ADM-001410,PAT-00645,2026-08-09 03:32:28,2026-08-12 13:08:28,General Surgery,Acute Appendicitis / Laparotomy,4,Ambulance,Rain / Storm,67,95,118,80,15,36.6,0,245,3.4,0,,0,2.4,3,6,8,1
ADM-001411,PAT-00648,2026-08-09 03:32:28,2026-08-19 10:44:28,Cardiology,Congestive Heart Failure,3,Ambulance,Rain / Storm,91,99,134,87,16,36.7,0,61,10.3,0,,0,4.3,3,6,8,1
ADM-001412,PAT-00356,2026-08-09 05:32:28,2026-08-13 19:56:28,General Surgery,Gastrointestinal Hemorrhage,3,Walk-In,Clear / Mild,86,98,131,67,18,36.6,0,64,4.6,0,,0,4.0,5,6,8,1
ADM-001413,PAT-01394,2026-08-09 07:32:28,2026-08-18 02:44:28,ICU,Sepsis / Septic Shock,1,Helicopter EMS,High Smog / Poor AQI,121,87,141,111,24,38.1,9,15,8.8,0,,1,5.0,7,6,8,1
ADM-001414,PAT-01315,2026-08-09 07:32:28,2026-08-15 07:32:28,General Surgery,Gastrointestinal Hemorrhage,3,Ambulance,High Smog / Poor AQI,71,98,133,88,15,37.0,0,103,6.0,0,,0,4.5,7,6,8,1
ADM-001415,PAT-00257,2026-08-09 09:32:28,2026-08-13 14:20:28,General Surgery,Acute Appendicitis / Laparotomy,3,Walk-In,Clear / Mild,73,96,117,87,14,37.0,0,30,4.2,0,,0,4.5,9,6,8,1
ADM-001416,PAT-01391,2026-08-09 09:32:28,2026-08-29 23:56:28,ICU,Sepsis / Septic Shock,1,Ambulance,Clear / Mild,100,84,163,109,25,38.0,12,14,20.6,0,,1,5.0,9,6,8,1
ADM-001417,PAT-00816,2026-08-09 09:32:28,2026-08-15 21:32:28,Cardiology,Congestive Heart Failure,2,Walk-In,Clear / Mild,72,85,131,96,26,38.9,8,35,6.5,0,,0,5.0,9,6,8,1
ADM-001418,PAT-01695,2026-08-09 09:32:28,2026-08-22 23:56:28,Cardiology,Acute Myocardial Infarction,2,Physician Referral,Clear / Mild,140,84,159,85,26,39.2,10,19,13.6,0,,0,5.0,9,6,8,1
ADM-001419,PAT-01181,2026-08-09 09:32:28,2026-08-18 21:32:28,ICU,Acute Renal Failure,2,Walk-In,Clear / Mild,111,90,184,93,21,37.1,7,44,9.5,0,,0,5.0,9,6,8,1
ADM-001420,PAT-00507,2026-08-09 09:32:28,2026-08-13 21:32:28,Cardiology,Acute Myocardial Infarction,3,Helicopter EMS,Clear / Mild,90,97,120,77,15,36.9,0,81,4.5,0,,0,5.0,9,6,8,1
ADM-001421,PAT-01058,2026-08-09 11:32:28,2026-08-19 18:44:28,General Surgery,Gastrointestinal Hemorrhage,2,Walk-In,Clear / Mild,112,91,153,99,25,37.1,8,31,10.3,0,,0,5.0,11,6,8,1
ADM-001422,PAT-00308,2026-08-09 11:32:28,2026-08-16 06:44:28,Pulmonology,Severe Pneumonia / ARDS,5,Ambulance,Clear / Mild,70,96,130,75,16,36.7,0,122,6.8,0,,0,3.9,11,6,8,1
ADM-001423,PAT-01989,2026-08-09 11:32:28,2026-08-12 21:08:28,ICU,Diabetic Ketoacidosis (DKA),2,Ambulance,Clear / Mild,126,87,155,99,23,37.4,5,29,3.4,0,,0,5.0,11,6,8,1
ADM-001424,PAT-00807,2026-08-09 11:32:28,2026-08-24 01:56:28,ICU,Acute Renal Failure,3,Walk-In,Clear / Mild,101,99,117,77,14,37.2,0,61,14.6,0,,0,4.9,11,6,8,1
ADM-001425,PAT-02424,2026-08-09 11:32:28,2026-08-14 04:20:28,ICU,Diabetic Ketoacidosis (DKA),2,Ambulance,Clear / Mild,94,93,154,97,21,37.2,1,28,4.7,0,,1,5.0,11,6,8,1
ADM-001426,PAT-00609,2026-08-09 11:32:28,2026-08-17 11:32:28,Cardiology,Congestive Heart Failure,3,Walk-In,Clear / Mild,73,97,131,84,17,36.7,0,76,8.0,0,,0,4.8,11,6,8,1
ADM-001427,PAT-00935,2026-08-09 11:32:28,2026-08-20 01:56:28,Cardiology,Congestive Heart Failure,2,Ambulance,Clear / Mild,108,95,136,102,25,36.9,3,48,10.6,0,,0,5.0,11,6,8,1
ADM-001428,PAT-02118,2026-08-09 11:32:28,2026-08-12 13:56:28,Cardiology,Congestive Heart Failure,2,Ambulance,Clear / Mild,127,92,136,96,13,39.0,5,4,3.1,0,,0,5.0,11,6,8,1
ADM-001429,PAT-02322,2026-08-09 13:32:28,2026-08-27 15:56:28,Orthopedics,Multiple Trauma / Fracture,3,Walk-In,Extreme Heat,53,97,105,84,14,36.2,0,76,18.1,0,,0,3.6,13,6,8,1
ADM-001430,PAT-01409,2026-08-09 13:32:28,2026-08-13 03:56:28,General Surgery,Acute Appendicitis / Laparotomy,4,Ambulance,Extreme Heat,76,100,127,73,13,37.0,0,138,3.6,0,,0,3.6,13,6,8,1
ADM-001431,PAT-00890,2026-08-09 13:32:28,2026-08-17 23:08:28,ICU,Acute Renal Failure,2,Walk-In,Extreme Heat,138,83,140,113,14,38.3,5,42,8.4,0,,1,4.7,13,6,8,1
ADM-001432,PAT-01157,2026-08-09 13:32:28,2026-08-15 11:08:28,Pulmonology,COPD Exacerbation,5,Walk-In,Extreme Heat,78,95,123,77,15,37.6,0,118,5.9,0,,0,4.6,13,6,8,1
ADM-001433,PAT-02141,2026-08-09 15:32:28,2026-08-13 22:44:28,ICU,Diabetic Ketoacidosis (DKA),2,Ambulance,Clear / Mild,119,93,134,117,19,40.0,5,43,4.3,0,,0,5.0,15,6,8,1
ADM-001434,PAT-00611,2026-08-09 15:32:28,2026-08-15 15:32:28,Pulmonology,COPD Exacerbation,3,Ambulance,Clear / Mild,71,97,121,89,19,36.9,0,72,6.0,0,,1,4.1,15,6,8,1
ADM-001435,PAT-01319,2026-08-09 15:32:28,2026-08-19 08:20:28,Neurology,Acute Ischemic Stroke,2,Walk-In,Clear / Mild,99,85,202,98,21,39.1,7,28,9.7,0,,0,4.5,15,6,8,1
ADM-001436,PAT-02157,2026-08-09 15:32:28,2026-08-15 20:20:28,ICU,Acute Renal Failure,2,Walk-In,Clear / Mild,147,88,93,110,24,36.9,7,21,6.2,0,,1,5.0,15,6,8,1
ADM-001437,PAT-01023,2026-08-09 17:32:28,2026-08-18 19:56:28,Pulmonology,Severe Pneumonia / ARDS,3,Walk-In,Clear / Mild,79,97,136,70,16,37.5,0,59,9.1,0,,0,4.8,17,6,8,1
ADM-001438,PAT-00765,2026-08-09 17:32:28,2026-08-18 05:32:28,ICU,Diabetic Ketoacidosis (DKA),3,Walk-In,Clear / Mild,107,98,133,78,16,36.8,0,54,8.5,0,,0,4.2,17,6,8,1
ADM-001439,PAT-01808,2026-08-09 17:32:28,2026-08-17 03:08:28,Orthopedics,Multiple Trauma / Fracture,3,Walk-In,Clear / Mild,74,100,120,69,16,36.6,0,84,7.4,0,,0,4.4,17,6,8,1
ADM-001440,PAT-00182,2026-08-09 17:32:28,2026-08-15 19:56:28,ICU,Diabetic Ketoacidosis (DKA),2,Walk-In,Clear / Mild,120,85,160,121,22,39.0,7,20,6.1,0,,0,5.0,17,6,8,1
ADM-001441,PAT-02051,2026-08-09 19:32:28,2026-08-17 02:44:28,General Surgery,Acute Appendicitis / Laparotomy,3,Ambulance,Clear / Mild,60,98,119,88,18,37.3,0,107,7.3,0,,1,3.5,19,6,8,1
ADM-001442,PAT-01936,2026-08-09 19:32:28,2026-08-16 21:56:28,Pulmonology,COPD Exacerbation,3,Ambulance,Clear / Mild,70,95,129,73,19,36.9,0,54,7.1,0,,0,4.8,19,6,8,1
ADM-001443,PAT-01598,2026-08-09 21:32:28,2026-08-25 23:56:28,ICU,Diabetic Ketoacidosis (DKA),2,Walk-In,Rain / Storm,85,89,166,98,22,38.9,7,23,16.1,0,,0,4.7,21,6,8,1
ADM-001444,PAT-00559,2026-08-09 21:32:28,2026-08-22 14:20:28,Orthopedics,Multiple Trauma / Fracture,3,Ambulance,Rain / Storm,83,96,138,78,17,37.4,0,74,12.7,0,,1,5.0,21,6,8,1
ADM-001445,PAT-01211,2026-08-09 21:32:28,2026-08-14 19:08:28,General Surgery,Gastrointestinal Hemorrhage,3,Walk-In,Rain / Storm,87,98,105,80,16,37.0,0,104,4.9,0,,0,4.0,21,6,8,1
ADM-001446,PAT-01079,2026-08-09 21:32:28,2026-08-25 11:56:28,Neurology,Acute Ischemic Stroke,2,Ambulance,Rain / Storm,94,95,146,97,28,38.9,5,25,15.6,0,,1,4.4,21,6,8,1
ADM-001447,PAT-01588,2026-08-09 21:32:28,2026-08-17 07:08:28,Cardiology,Congestive Heart Failure,2,Walk-In,Rain / Storm,106,87,143,75,34,39.6,8,45,7.4,0,,1,5.0,21,6,8,1
ADM-001448,PAT-02448,2026-08-09 23:32:28,2026-08-20 11:32:28,Orthopedics,Multiple Trauma / Fracture,5,Walk-In,Rain / Storm,93,96,96,67,14,37.6,0,110,10.5,0,,0,3.8,23,6,8,1
ADM-001449,PAT-01111,2026-08-09 23:32:28,2026-08-23 21:08:28,Neurology,Acute Ischemic Stroke,2,Ambulance,Rain / Storm,141,87,151,90,28,39.4,10,45,13.9,0,,0,5.0,23,6,8,1
ADM-001450,PAT-00502,2026-08-10 01:32:28,2026-08-22 18:20:28,ICU,Acute Renal Failure,3,Walk-In,Clear / Mild,78,99,94,75,18,36.6,2,64,12.7,0,,0,5.0,1,0,8,0
ADM-001451,PAT-01134,2026-08-10 01:32:28,2026-08-14 01:32:28,Pediatrics,Pediatric Bronchiolitis / Asthma,5,Walk-In,Clear / Mild,71,97,159,94,16,36.6,0,179,4.0,0,,0,3.2,1,0,8,0
ADM-001452,PAT-01915,2026-08-10 01:32:28,2026-08-13 06:20:28,Cardiology,Acute Myocardial Infarction,2,Ambulance,Clear / Mild,119,95,108,105,32,38.0,5,37,3.2,0,,0,5.0,1,0,8,0
ADM-001453,PAT-01240,2026-08-10 01:32:28,2026-08-26 13:32:28,Neurology,Acute Ischemic Stroke,2,Ambulance,Clear / Mild,112,88,137,103,30,38.3,8,26,16.5,0,,0,4.4,1,0,8,0
ADM-001454,PAT-02224,2026-08-10 03:32:28,2026-08-13 15:32:28,General Surgery,Gastrointestinal Hemorrhage,2,Ambulance,Rain / Storm,160,84,138,109,30,39.1,10,39,3.5,0,,0,4.6,3,0,8,0
ADM-001455,PAT-00282,2026-08-10 03:32:28,2026-08-18 13:08:28,General Surgery,Gastrointestinal Hemorrhage,2,Walk-In,Rain / Storm,112,91,131,69,31,38.3,8,28,8.4,0,,0,5.0,3,0,8,0
ADM-001456,PAT-01653,2026-08-10 05:32:28,2026-08-16 05:32:28,Cardiology,Acute Myocardial Infarction,3,Physician Referral,Clear / Mild,103,97,134,54,16,36.7,0,66,6.0,0,,0,5.0,5,0,8,0
ADM-001457,PAT-00536,2026-08-10 05:32:28,2026-08-16 03:08:28,Cardiology,Congestive Heart Failure,2,Ambulance,Clear / Mild,146,96,188,104,24,38.6,6,43,5.9,0,,0,4.7,5,0,8,0
ADM-001458,PAT-01046,2026-08-10 05:32:28,2026-08-19 19:56:28,Neurology,Acute Ischemic Stroke,2,Physician Referral,Clear / Mild,114,98,159,87,20,38.3,2,37,9.6,0,,1,5.0,5,0,8,0
ADM-001459,PAT-01182,2026-08-10 07:32:28,2026-08-16 02:44:28,Pediatrics,Pediatric Bronchiolitis / Asthma,5,Physician Referral,Clear / Mild,47,98,96,67,13,36.4,2,114,5.8,0,,0,3.7,7,0,8,0
ADM-001460,PAT-00482,2026-08-10 07:32:28,2026-08-22 05:08:28,ICU,Sepsis / Septic Shock,1,Ambulance,Clear / Mild,122,82,153,98,24,38.4,9,12,11.9,0,,0,5.0,7,0,8,0
ADM-001461,PAT-00168,2026-08-10 07:32:28,2026-08-13 07:32:28,General Surgery,Acute Appendicitis / Laparotomy,3,Walk-In,Clear / Mild,75,100,141,85,17,37.5,0,95,3.0,0,,0,5.0,7,0,8,0
ADM-001462,PAT-01279,2026-08-10 07:32:28,2026-08-15 09:56:28,General Surgery,Gastrointestinal Hemorrhage,3,Ambulance,Clear / Mild,74,100,100,73,13,36.8,0,71,5.1,0,,0,3.9,7,0,8,0
ADM-001463,PAT-00895,2026-08-10 07:32:28,2026-08-15 05:08:28,Orthopedics,Multiple Trauma / Fracture,4,Walk-In,Clear / Mild,85,99,116,76,15,36.9,0,115,4.9,0,,0,3.9,7,0,8,0
ADM-001464,PAT-02034,2026-08-10 07:32:28,2026-08-22 19:32:28,Pulmonology,Severe Pneumonia / ARDS,3,Walk-In,Clear / Mild,68,97,134,65,12,36.9,0,95,12.5,0,,0,4.5,7,0,8,0
ADM-001465,PAT-01684,2026-08-10 07:32:28,2026-08-16 14:44:28,Pulmonology,COPD Exacerbation,3,Walk-In,Clear / Mild,68,96,131,67,15,36.4,0,56,6.3,0,,0,4.0,7,0,8,0
ADM-001466,PAT-01547,2026-08-10 07:32:28,2026-08-14 05:08:28,General Surgery,Gastrointestinal Hemorrhage,2,Ambulance,Clear / Mild,121,83,134,104,38,36.8,8,45,3.9,0,,0,4.7,7,0,8,0
ADM-001467,PAT-00742,2026-08-10 09:32:28,2026-08-22 16:44:28,ICU,Acute Renal Failure,3,Walk-In,Clear / Mild,60,99,129,81,16,35.9,0,98,12.3,0,,0,4.1,9,0,8,0
ADM-001468,PAT-00871,2026-08-10 09:32:28,2026-08-14 23:56:28,ICU,Diabetic Ketoacidosis (DKA),2,Physician Referral,Clear / Mild,109,93,158,100,23,38.7,3,23,4.6,0,,1,5.0,9,0,8,0
ADM-001469,PAT-02276,2026-08-10 09:32:28,2026-08-17 23:56:28,Pulmonology,Severe Pneumonia / ARDS,4,Walk-In,Clear / Mild,79,96,125,80,16,36.6,0,159,7.6,0,,0,3.1,9,0,8,0
ADM-001470,PAT-00883,2026-08-10 09:32:28,2026-08-12 11:56:28,Pediatrics,Pediatric Bronchiolitis / Asthma,3,Ambulance,Clear / Mild,74,98,128,67,16,37.6,0,83,2.1,0,,0,4.7,9,0,8,0
ADM-001471,PAT-01476,2026-08-10 11:32:28,2026-09-05 01:56:28,ICU,Acute Renal Failure,2,Ambulance,Rain / Storm,117,94,160,98,28,39.0,8,9,25.6,0,,0,5.0,11,0,8,0
ADM-001472,PAT-00151,2026-08-10 11:32:28,2026-08-14 21:08:28,Orthopedics,Multiple Trauma / Fracture,3,Physician Referral,Rain / Storm,77,99,135,82,15,37.2,0,102,4.4,0,,1,3.8,11,0,8,0
ADM-001473,PAT-01119,2026-08-10 11:32:28,2026-08-17 04:20:28,ICU,Diabetic Ketoacidosis (DKA),2,Walk-In,Rain / Storm,90,85,153,95,35,37.6,6,56,6.7,0,,1,4.7,11,0,8,0
ADM-001474,PAT-01034,2026-08-10 11:32:28,2026-08-19 09:08:28,ICU,Acute Renal Failure,3,Walk-In,Rain / Storm,98,96,130,81,15,37.0,0,47,8.9,0,,0,4.2,11,0,8,0
ADM-001475,PAT-01136,2026-08-10 11:32:28,2026-08-21 01:56:28,Pediatrics,Pediatric Bronchiolitis / Asthma,5,Ambulance,Rain / Storm,78,100,116,81,18,36.6,0,189,10.6,0,,1,2.3,11,0,8,0
ADM-001476,PAT-02134,2026-08-10 11:32:28,2026-09-01 01:56:28,ICU,Acute Renal Failure,2,Ambulance,Rain / Storm,108,89,125,107,22,38.0,3,15,21.6,0,,0,5.0,11,0,8,0
ADM-001477,PAT-00402,2026-08-10 11:32:28,2026-08-22 23:32:28,ICU,Sepsis / Septic Shock,2,Walk-In,Rain / Storm,143,91,155,97,24,40.0,7,21,12.5,0,,1,4.7,11,0,8,0
ADM-001478,PAT-01593,2026-08-10 11:32:28,2026-08-22 01:56:28,General Surgery,Gastrointestinal Hemorrhage,2,Ambulance,Rain / Storm,136,94,151,98,27,36.6,6,37,11.6,0,,1,4.1,11,0,8,0
ADM-001479,PAT-00078,2026-08-10 13:32:28,2026-08-19 18:20:28,Pulmonology,Severe Pneumonia / ARDS,4,Ambulance,Rain / Storm,62,97,85,76,16,36.9,2,120,9.2,0,,1,3.1,13,0,8,0
ADM-001480,PAT-01542,2026-08-10 13:32:28,2026-08-16 18:20:28,Pulmonology,Severe Pneumonia / ARDS,4,Walk-In,Rain / Storm,68,99,150,78,14,36.9,0,129,6.2,0,,1,4.3,13,0,8,0
ADM-001481,PAT-01683,2026-08-10 13:32:28,2026-08-22 23:08:28,General Surgery,Gastrointestinal Hemorrhage,2,Walk-In,Rain / Storm,105,91,189,114,16,38.4,5,42,12.4,0,,0,5.0,13,0,8,0
ADM-001482,PAT-02263,2026-08-10 13:32:28,2026-08-24 15:56:28,ICU,Acute Renal Failure,3,Ambulance,Rain / Storm,73,96,153,84,14,36.7,0,150,14.1,0,,1,3.7,13,0,8,0
ADM-001483,PAT-00301,2026-08-10 13:32:28,2026-08-12 13:32:28,Pediatrics,Pediatric Bronchiolitis / Asthma,3,Ambulance,Rain / Storm,70,95,136,74,16,37.4,0,89,2.0,0,,0,4.4,13,0,8,0
ADM-001484,PAT-01680,2026-08-10 15:32:28,2026-08-22 13:08:28,Neurology,Acute Ischemic Stroke,3,Walk-In,Clear / Mild,61,100,127,80,18,36.6,0,72,11.9,0,,0,5.0,15,0,8,0
ADM-001485,PAT-00727,2026-08-10 15:32:28,2026-08-13 08:20:28,General Surgery,Acute Appendicitis / Laparotomy,3,Walk-In,Clear / Mild,66,98,108,92,18,37.3,0,65,2.7,0,,0,4.6,15,0,8,0
ADM-001486,PAT-02000,2026-08-10 15:32:28,2026-08-14 01:08:28,Pulmonology,COPD Exacerbation,4,Walk-In,Clear / Mild,89,98,129,93,14,36.7,0,130,3.4,0,,0,3.9,15,0,8,0
ADM-001487,PAT-00295,2026-08-10 15:32:28,2026-08-18 10:44:28,Neurology,Acute Ischemic Stroke,3,Walk-In,Clear / Mild,83,97,140,64,18,37.1,0,50,7.8,0,,0,4.5,15,0,8,0
ADM-001488,PAT-02440,2026-08-10 15:32:28,2026-08-13 13:08:28,Cardiology,Congestive Heart Failure,2,Walk-In,Clear / Mild,103,94,150,110,22,39.0,3,23,2.9,0,,0,4.8,15,0,8,0
ADM-001489,PAT-02275,2026-08-10 15:32:28,2026-08-17 17:56:28,Cardiology,Acute Myocardial Infarction,3,Ambulance,Clear / Mild,70,95,119,78,18,37.2,0,49,7.1,0,,0,5.0,15,0,8,0
ADM-001490,PAT-00734,2026-08-10 15:32:28,2026-08-16 17:56:28,Orthopedics,Multiple Trauma / Fracture,4,Ambulance,Clear / Mild,63,98,130,91,17,37.3,0,150,6.1,0,,0,3.0,15,0,8,0
ADM-001491,PAT-00054,2026-08-10 17:32:28,2026-08-26 15:08:28,ICU,Acute Renal Failure,3,Ambulance,Clear / Mild,91,97,120,84,13,37.4,0,66,15.9,0,,1,4.1,17,0,8,0
ADM-001492,PAT-00136,2026-08-10 19:32:28,2026-08-20 07:32:28,Cardiology,Congestive Heart Failure,2,Walk-In,Extreme Heat,154,95,147,107,26,38.8,7,11,9.5,0,,1,5.0,19,0,8,0
ADM-001493,PAT-01262,2026-08-10 19:32:28,2026-08-15 07:32:28,ICU,Diabetic Ketoacidosis (DKA),3,Walk-In,Extreme Heat,78,98,104,86,13,36.3,0,35,4.5,0,,0,4.8,19,0,8,0
ADM-001494,PAT-00815,2026-08-10 19:32:28,2026-08-30 14:44:28,Orthopedics,Multiple Trauma / Fracture,5,Walk-In,Extreme Heat,83,97,124,81,18,36.3,0,199,19.8,0,,0,3.5,19,0,8,0
ADM-001495,PAT-00306,2026-08-10 19:32:28,2026-08-17 12:20:28,Pulmonology,Severe Pneumonia / ARDS,5,Ambulance,Extreme Heat,77,98,121,79,16,36.2,0,60,6.7,0,,1,4.9,19,0,8,0
ADM-001496,PAT-02149,2026-08-10 21:32:28,2026-08-17 04:44:28,Orthopedics,Multiple Trauma / Fracture,3,Physician Referral,Extreme Heat,60,99,132,78,15,37.0,0,96,6.3,0,,0,4.0,21,0,8,0
ADM-001497,PAT-01025,2026-08-10 21:32:28,2026-08-16 02:20:28,General Surgery,Acute Appendicitis / Laparotomy,4,Walk-In,Extreme Heat,68,96,153,78,18,36.4,0,138,5.2,0,,0,3.6,21,0,8,0
ADM-001498,PAT-02470,2026-08-10 21:32:28,2026-08-15 16:44:28,Pediatrics,Pediatric Bronchiolitis / Asthma,5,Walk-In,Extreme Heat,70,97,110,76,13,36.2,0,143,4.8,0,,0,3.7,21,0,8,0
ADM-001499,PAT-00919,2026-08-10 21:32:28,2026-08-14 02:20:28,ICU,Diabetic Ketoacidosis (DKA),3,Walk-In,Extreme Heat,69,97,145,52,16,37.1,0,92,3.2,0,,0,3.9,21,0,8,0
ADM-001500,PAT-02345,2026-08-10 21:32:28,2026-08-18 19:08:28,Orthopedics,Multiple Trauma / Fracture,3,Walk-In,Extreme Heat,77,100,123,85,16,37.1,0,65,7.9,0,,0,4.2,21,0,8,0
ADM-001501,PAT-00150,2026-08-10 21:32:28,2026-08-14 21:32:28,Pediatrics,Pediatric Bronchiolitis / Asthma,4,Walk-In,Extreme Heat,69,99,93,90,11,36.7,2,128,4.0,0,,0,4.3,21,0,8,0
ADM-001502,PAT-00794,2026-08-10 21:32:28,2026-08-14 07:08:28,General Surgery,Acute Appendicitis / Laparotomy,3,Walk-In,Extreme Heat,81,98,117,73,12,36.8,0,43,3.4,0,,0,5.0,21,0,8,0
ADM-001503,PAT-00235,2026-08-10 21:32:28,2026-08-18 14:20:28,Pulmonology,COPD Exacerbation,4,Walk-In,Extreme Heat,97,97,126,82,15,37.1,0,100,7.7,0,,0,4.6,21,0,8,0
ADM-001504,PAT-01094,2026-08-10 23:32:28,2026-08-14 16:20:28,Pulmonology,COPD Exacerbation,4,Walk-In,High Smog / Poor AQI,71,96,111,86,16,36.7,0,157,3.7,0,,0,3.3,23,0,8,0
ADM-001505,PAT-01492,2026-08-10 23:32:28,2026-08-21 09:08:28,Pulmonology,COPD Exacerbation,5,Walk-In,High Smog / Poor AQI,94,95,139,98,18,36.4,0,103,10.4,0,,1,3.9,23,0,8,0
ADM-001506,PAT-02003,2026-08-10 23:32:28,2026-08-13 18:44:28,General Surgery,Acute Appendicitis / Laparotomy,3,Walk-In,High Smog / Poor AQI,71,97,106,76,13,37.1,0,102,2.8,0,,0,3.7,23,0,8,0
ADM-001507,PAT-01911,2026-08-11 03:32:28,2026-08-25 17:56:28,ICU,Acute Renal Failure,2,Ambulance,Clear / Mild,137,96,91,82,24,38.8,6,26,14.6,0,,1,4.2,3,1,8,0
ADM-001508,PAT-01695,2026-08-11 05:32:28,2026-08-24 07:56:28,Cardiology,Acute Myocardial Infarction,3,Ambulance,Extreme Heat,87,97,122,78,15,36.2,0,49,13.1,0,,0,3.7,5,1,8,0
ADM-001509,PAT-01665,2026-08-11 05:32:28,2026-08-17 10:20:28,ICU,Diabetic Ketoacidosis (DKA),2,Walk-In,Extreme Heat,135,88,151,107,33,38.1,8,44,6.2,0,,0,4.3,5,1,8,0
ADM-001510,PAT-02255,2026-08-11 05:32:28,2026-08-17 05:32:28,Orthopedics,Multiple Trauma / Fracture,4,Walk-In,Extreme Heat,72,97,111,84,13,36.8,0,170,6.0,0,,0,3.4,5,1,8,0
ADM-001511,PAT-01406,2026-08-11 05:32:28,2026-08-27 10:20:28,ICU,Acute Renal Failure,3,Walk-In,Extreme Heat,88,97,120,86,16,37.4,0,59,16.2,0,,0,4.9,5,1,8,0
ADM-001512,PAT-01551,2026-08-11 05:32:28,2026-08-14 19:56:28,General Surgery,Acute Appendicitis / Laparotomy,5,Ambulance,Extreme Heat,115,96,106,75,18,35.8,2,130,3.6,0,,0,2.8,5,1,8,0
ADM-001513,PAT-01202,2026-08-11 05:32:28,2026-08-30 10:20:28,Neurology,Acute Ischemic Stroke,3,Physician Referral,Extreme Heat,78,96,133,92,14,37.0,0,64,19.2,0,,0,4.7,5,1,8,0
ADM-001514,PAT-01683,2026-08-11 05:32:28,2026-08-16 10:20:28,Pulmonology,Severe Pneumonia / ARDS,3,Walk-In,Extreme Heat,85,99,132,63,13,36.5,0,90,5.2,0,,0,4.4,5,1,8,0
ADM-001515,PAT-00823,2026-08-11 05:32:28,2026-08-25 19:56:28,ICU,Sepsis / Septic Shock,2,Ambulance,Extreme Heat,123,93,168,87,24,37.4,5,41,14.6,0,,0,5.0,5,1,8,0
ADM-001516,PAT-01437,2026-08-11 09:32:28,2026-08-13 21:32:28,Pediatrics,Pediatric Bronchiolitis / Asthma,3,Ambulance,Rain / Storm,103,97,108,72,15,37.4,0,87,2.5,0,,0,4.5,9,1,8,0
ADM-001517,PAT-01372,2026-08-11 09:32:28,2026-08-24 14:20:28,ICU,Diabetic Ketoacidosis (DKA),2,Ambulance,Rain / Storm,114,85,190,107,31,39.1,12,50,13.2,0,,1,4.4,9,1,8,0
ADM-001518,PAT-01063,2026-08-11 09:32:28,2026-08-21 21:32:28,Pediatrics,Pediatric Bronchiolitis / Asthma,4,Physician Referral,Rain / Storm,89,98,149,82,18,36.9,0,131,10.5,0,,0,3.6,9,1,8,0
ADM-001519,PAT-01429,2026-08-11 09:32:28,2026-08-18 09:32:28,Pulmonology,COPD Exacerbation,4,Ambulance,Rain / Storm,82,96,136,70,17,36.4,0,160,7.0,0,,0,3.0,9,1,8,0
ADM-001520,PAT-01816,2026-08-11 09:32:28,2026-08-20 04:44:28,Pulmonology,Severe Pneumonia / ARDS,5,Ambulance,Rain / Storm,80,97,137,79,16,36.7,0,132,8.8,0,,0,3.4,9,1,8,0
ADM-001521,PAT-00532,2026-08-11 09:32:28,2026-08-15 21:32:28,Pulmonology,Severe Pneumonia / ARDS,3,Walk-In,Rain / Storm,98,96,126,78,15,37.1,0,104,4.5,0,,0,4.5,9,1,8,0
ADM-001522,PAT-00023,2026-08-11 11:32:28,2026-08-16 13:56:28,ICU,Diabetic Ketoacidosis (DKA),3,Ambulance,Clear / Mild,75,100,121,96,15,36.9,0,89,5.1,0,,0,4.6,11,1,8,0
ADM-001523,PAT-01632,2026-08-11 11:32:28,2026-08-17 01:56:28,Pulmonology,COPD Exacerbation,5,Ambulance,Clear / Mild,57,96,98,84,13,37.4,0,107,5.6,0,,0,4.2,11,1,8,0
ADM-001524,PAT-00111,2026-08-11 11:32:28,2026-08-16 21:08:28,Neurology,Acute Ischemic Stroke,2,Ambulance,Clear / Mild,97,88,177,123,28,37.3,8,46,5.4,0,,0,4.3,11,1,8,0
ADM-001525,PAT-00134,2026-08-11 13:32:28,2026-08-14 15:56:28,General Surgery,Acute Appendicitis / Laparotomy,4,Walk-In,Extreme Heat,79,98,105,82,17,35.9,0,74,3.1,0,,0,5.0,13,1,8,0
ADM-001526,PAT-00814,2026-08-11 13:32:28,2026-08-21 11:08:28,General Surgery,Gastrointestinal Hemorrhage,2,Physician Referral,Extreme Heat,99,93,173,84,29,38.3,6,43,9.9,0,,0,4.6,13,1,8,0
ADM-001527,PAT-00765,2026-08-11 13:32:28,2026-08-19 18:20:28,General Surgery,Gastrointestinal Hemorrhage,3,Walk-In,Extreme Heat,74,96,127,83,16,36.2,0,69,8.2,0,,0,4.2,13,1,8,0
ADM-001528,PAT-02150,2026-08-11 15:32:28,2026-08-16 13:08:28,Cardiology,Acute Myocardial Infarction,3,Walk-In,Clear / Mild,87,95,125,73,16,37.1,0,52,4.9,0,,0,4.4,15,1,8,0
ADM-001529,PAT-01945,2026-08-11 15:32:28,2026-08-23 08:20:28,Neurology,Acute Ischemic Stroke,2,Walk-In,Clear / Mild,141,93,142,85,23,37.4,3,18,11.7,0,,0,5.0,15,1,8,0
ADM-001530,PAT-01126,2026-08-11 15:32:28,2026-08-17 01:08:28,Cardiology,Congestive Heart Failure,2,Ambulance,Clear / Mild,108,87,141,83,25,39.0,8,46,5.4,0,,0,5.0,15,1,8,0
ADM-001531,PAT-01055,2026-08-11 17:32:28,2026-08-18 10:20:28,Cardiology,Acute Myocardial Infarction,2,Walk-In,Clear / Mild,82,91,193,51,29,38.3,8,45,6.7,0,,0,4.4,17,1,8,0
ADM-001532,PAT-00579,2026-08-11 17:32:28,2026-08-23 12:44:28,Orthopedics,Multiple Trauma / Fracture,3,Walk-In,Clear / Mild,87,97,108,79,17,36.6,0,96,11.8,0,,0,4.1,17,1,8,0
ADM-001533,PAT-02382,2026-08-11 17:32:28,2026-08-21 17:32:28,Orthopedics,Multiple Trauma / Fracture,3,Helicopter EMS,Clear / Mild,91,95,112,78,13,37.4,0,149,10.0,0,,0,4.2,17,1,8,0
ADM-001534,PAT-01914,2026-08-11 17:32:28,2026-08-31 12:44:28,Pulmonology,Severe Pneumonia / ARDS,4,Walk-In,Clear / Mild,77,100,124,83,18,37.3,0,97,19.8,0,,0,4.4,17,1,8,0
ADM-001535,PAT-01615,2026-08-11 19:32:28,2026-08-17 09:56:28,Orthopedics,Multiple Trauma / Fracture,4,Walk-In,Rain / Storm,99,98,121,74,15,36.9,0,169,5.6,0,,0,3.3,19,1,8,0
ADM-001536,PAT-00560,2026-08-11 19:32:28,2026-08-15 14:44:28,General Surgery,Acute Appendicitis / Laparotomy,3,Ambulance,Rain / Storm,99,100,115,85,14,36.7,0,62,3.8,0,,0,4.1,19,1,8,0
ADM-001537,PAT-01084,2026-08-11 19:32:28,2026-08-26 14:44:28,Cardiology,Congestive Heart Failure,2,Walk-In,Rain / Storm,130,93,131,89,28,38.1,6,47,14.8,0,,1,4.8,19,1,8,0
ADM-001538,PAT-02358,2026-08-11 19:32:28,2026-08-26 07:32:28,Pulmonology,Severe Pneumonia / ARDS,4,Walk-In,Rain / Storm,89,99,131,68,15,36.5,0,86,14.5,0,,0,4.2,19,1,8,0
ADM-001539,PAT-02004,2026-08-11 21:32:28,2026-08-18 11:56:28,Orthopedics,Multiple Trauma / Fracture,3,Ambulance,Clear / Mild,73,99,118,82,16,35.8,0,40,6.6,0,,0,4.2,21,1,8,0
ADM-001540,PAT-02443,2026-08-11 21:32:28,2026-08-17 09:32:28,Pulmonology,COPD Exacerbation,3,Walk-In,Clear / Mild,77,99,129,92,11,37.5,0,85,5.5,0,,0,4.0,21,1,8,0
ADM-001541,PAT-02425,2026-08-11 21:32:28,2026-08-16 04:44:28,General Surgery,Acute Appendicitis / Laparotomy,3,Ambulance,Clear / Mild,52,97,136,72,17,37.1,0,75,4.3,0,,0,4.5,21,1,8,0
ADM-001542,PAT-00805,2026-08-11 21:32:28,2026-08-24 02:20:28,Neurology,Acute Ischemic Stroke,3,Walk-In,Clear / Mild,85,99,109,83,16,37.2,0,90,12.2,0,,1,3.7,21,1,8,0
ADM-001543,PAT-01031,2026-08-11 21:32:28,2026-08-17 16:44:28,Neurology,Acute Ischemic Stroke,3,Walk-In,Clear / Mild,106,96,105,75,18,36.9,0,103,5.8,0,,0,5.0,21,1,8,0
ADM-001544,PAT-02164,2026-08-12 01:32:28,2026-08-15 18:20:28,Pediatrics,Pediatric Bronchiolitis / Asthma,3,Walk-In,Freezing / Snow,71,99,110,71,16,36.7,0,67,3.7,0,,0,5.0,1,2,8,0
ADM-001545,PAT-00752,2026-08-12 03:32:28,2026-08-19 08:20:28,Orthopedics,Multiple Trauma / Fracture,3,Ambulance,Freezing / Snow,77,99,109,81,17,36.2,0,52,7.2,0,,1,4.7,3,2,8,0
ADM-001546,PAT-01653,2026-08-12 03:32:28,2026-08-23 17:56:28,ICU,Diabetic Ketoacidosis (DKA),2,Walk-In,Freezing / Snow,94,89,151,80,35,37.8,6,10,11.6,0,,0,5.0,3,2,8,0
ADM-001547,PAT-02220,2026-08-12 05:32:28,2026-08-24 17:32:28,ICU,Acute Renal Failure,3,Physician Referral,Clear / Mild,79,96,121,65,18,36.6,0,72,12.5,0,,0,4.3,5,2,8,0
ADM-001548,PAT-01635,2026-08-12 07:32:28,2026-08-20 07:32:28,Cardiology,Congestive Heart Failure,3,Ambulance,Clear / Mild,78,99,125,77,13,36.7,0,23,8.0,0,,1,5.0,7,2,8,0
ADM-001549,PAT-02016,2026-08-12 07:32:28,2026-08-18 09:56:28,General Surgery,Acute Appendicitis / Laparotomy,3,Ambulance,Clear / Mild,82,96,103,76,14,36.9,0,71,6.1,0,,0,4.2,7,2,8,0
ADM-001550,PAT-01219,2026-08-12 07:32:28,2026-08-27 19:32:28,ICU,Acute Renal Failure,2,Ambulance,Clear / Mild,120,87,152,113,27,38.9,10,27,15.5,0,,1,4.7,7,2,8,0
ADM-001551,PAT-01018,2026-08-12 07:32:28,2026-08-19 09:56:28,General Surgery,Acute Appendicitis / Laparotomy,3,Walk-In,Clear / Mild,68,96,124,85,15,36.4,0,101,7.1,0,,1,4.1,7,2,8,0
ADM-001552,PAT-02069,2026-08-12 09:32:28,2026-08-18 04:44:28,Cardiology,Acute Myocardial Infarction,2,Walk-In,Freezing / Snow,100,88,140,82,35,40.1,8,42,5.8,0,,1,4.7,9,2,8,0
ADM-001553,PAT-01657,2026-08-12 09:32:28,2026-08-20 09:32:28,ICU,Acute Renal Failure,2,Helicopter EMS,Freezing / Snow,137,95,109,100,19,39.8,4,36,8.0,0,,0,5.0,9,2,8,0
ADM-001554,PAT-01095,2026-08-12 09:32:28,2026-08-21 07:08:28,Cardiology,Acute Myocardial Infarction,2,Physician Referral,Freezing / Snow,112,92,177,77,35,39.7,10,24,8.9,0,,0,4.7,9,2,8,0
ADM-001555,PAT-02204,2026-08-12 09:32:28,2026-08-26 02:20:28,ICU,Acute Renal Failure,3,Walk-In,Freezing / Snow,92,97,133,104,16,36.5,0,76,13.7,0,,0,4.5,9,2,8,0
ADM-001556,PAT-02099,2026-08-12 09:32:28,2026-08-18 04:44:28,Neurology,Acute Ischemic Stroke,3,Walk-In,Freezing / Snow,83,96,112,84,12,37.2,0,81,5.8,0,,0,3.4,9,2,8,0
ADM-001557,PAT-01439,2026-08-12 09:32:28,2026-08-17 09:32:28,General Surgery,Acute Appendicitis / Laparotomy,3,Physician Referral,Freezing / Snow,81,99,122,75,17,36.5,0,29,5.0,0,,0,5.0,9,2,8,0
ADM-001558,PAT-01167,2026-08-12 09:32:28,2026-08-21 11:56:28,General Surgery,Gastrointestinal Hemorrhage,3,Ambulance,Freezing / Snow,76,96,124,79,18,36.2,0,43,9.1,0,,0,4.8,9,2,8,0
ADM-001559,PAT-01963,2026-08-12 11:32:28,2026-08-19 01:56:28,ICU,Sepsis / Septic Shock,2,Ambulance,Clear / Mild,114,85,226,108,26,39.5,12,31,6.6,0,,1,5.0,11,2,8,0
ADM-001560,PAT-01851,2026-08-12 11:32:28,2026-08-16 23:32:28,ICU,Diabetic Ketoacidosis (DKA),3,Walk-In,Clear / Mild,90,96,127,84,15,36.9,0,44,4.5,0,,0,5.0,11,2,8,0
ADM-001561,PAT-01598,2026-08-12 11:32:28,2026-08-29 18:44:28,Pulmonology,Severe Pneumonia / ARDS,3,Physician Referral,Clear / Mild,77,98,93,91,15,36.5,2,95,17.3,0,,0,4.5,11,2,8,0
ADM-001562,PAT-02127,2026-08-12 11:32:28,2026-08-15 23:32:28,Pulmonology,COPD Exacerbation,4,Walk-In,Clear / Mild,78,98,121,92,15,36.7,0,144,3.5,0,,0,3.3,11,2,8,0
ADM-001563,PAT-01070,2026-08-12 11:32:28,2026-08-24 11:32:28,Pulmonology,Severe Pneumonia / ARDS,5,Ambulance,Clear / Mild,72,97,124,78,16,36.9,0,85,12.0,0,,0,4.6,11,2,8,0
ADM-001564,PAT-01293,2026-08-12 11:32:28,2026-08-26 01:56:28,General Surgery,Gastrointestinal Hemorrhage,2,Walk-In,Clear / Mild,111,94,126,86,29,38.9,8,67,13.6,0,,0,4.9,11,2,8,0
ADM-001565,PAT-00138,2026-08-12 13:32:28,2026-08-18 20:44:28,General Surgery,Acute Appendicitis / Laparotomy,4,Walk-In,High Smog / Poor AQI,74,98,151,71,16,37.2,0,87,6.3,0,,1,4.8,13,2,8,0
ADM-001566,PAT-01402,2026-08-12 13:32:28,2026-08-29 15:56:28,ICU,Sepsis / Septic Shock,1,Ambulance,High Smog / Poor AQI,113,95,145,95,23,39.0,8,13,17.1,0,,0,5.0,13,2,8,0
ADM-001567,PAT-00155,2026-08-12 15:32:28,2026-09-01 10:44:28,ICU,Sepsis / Septic Shock,2,Ambulance,Clear / Mild,130,92,148,104,27,39.8,8,44,19.8,0,,0,4.8,15,2,8,0
ADM-001568,PAT-01561,2026-08-12 15:32:28,2026-08-27 10:44:28,Neurology,Acute Ischemic Stroke,2,Physician Referral,Clear / Mild,131,81,174,92,23,37.2,7,51,14.8,0,,0,4.8,15,2,8,0
ADM-001569,PAT-00677,2026-08-12 15:32:28,2026-08-17 05:56:28,Neurology,Acute Ischemic Stroke,2,Physician Referral,Clear / Mild,91,91,172,96,31,38.3,8,35,4.6,0,,0,4.9,15,2,8,0
ADM-001570,PAT-01003,2026-08-12 17:32:28,2026-08-17 07:56:28,Cardiology,Acute Myocardial Infarction,2,Ambulance,High Smog / Poor AQI,104,93,160,78,33,39.9,6,23,4.6,0,,1,4.3,17,2,8,0
ADM-001571,PAT-01447,2026-08-12 17:32:28,2026-08-22 22:20:28,Pulmonology,Severe Pneumonia / ARDS,4,Ambulance,High Smog / Poor AQI,66,95,115,73,16,37.7,0,169,10.2,0,,0,3.0,17,2,8,0
ADM-001572,PAT-01897,2026-08-12 17:32:28,2026-08-19 17:32:28,Neurology,Acute Ischemic Stroke,3,Walk-In,High Smog / Poor AQI,90,97,131,79,16,37.4,0,38,7.0,0,,1,4.4,17,2,8,0
ADM-001573,PAT-02496,2026-08-12 17:32:28,2026-08-20 03:08:28,Pulmonology,COPD Exacerbation,3,Ambulance,High Smog / Poor AQI,82,98,131,77,15,36.9,0,47,7.4,0,,0,5.0,17,2,8,0
ADM-001574,PAT-01197,2026-08-12 19:32:28,2026-08-22 02:44:28,ICU,Sepsis / Septic Shock,1,Ambulance,Clear / Mild,121,93,151,89,29,39.9,12,8,9.3,0,,0,5.0,19,2,8,0
ADM-001575,PAT-01575,2026-08-12 19:32:28,2026-08-20 07:32:28,ICU,Diabetic Ketoacidosis (DKA),2,Helicopter EMS,Clear / Mild,163,90,137,77,16,38.7,7,28,7.5,0,,0,5.0,19,2,8,0
ADM-001576,PAT-00510,2026-08-12 19:32:28,2026-08-17 14:44:28,General Surgery,Gastrointestinal Hemorrhage,2,Walk-In,Clear / Mild,96,90,163,86,34,37.7,8,30,4.8,0,,0,5.0,19,2,8,0
ADM-001577,PAT-01420,2026-08-12 19:32:28,2026-08-20 17:08:28,Pulmonology,Severe Pneumonia / ARDS,4,Ambulance,Clear / Mild,75,95,141,76,17,37.1,0,155,7.9,0,,0,3.1,19,2,8,0
ADM-001578,PAT-01817,2026-08-12 21:32:28,2026-08-15 11:56:28,General Surgery,Acute Appendicitis / Laparotomy,4,Helicopter EMS,Clear / Mild,63,98,122,79,15,36.2,0,111,2.6,0,,0,4.1,21,2,8,0
ADM-001579,PAT-02153,2026-08-12 21:32:28,2026-08-19 04:44:28,General Surgery,Gastrointestinal Hemorrhage,2,Ambulance,Clear / Mild,110,89,158,93,31,39.0,8,30,6.3,0,,0,5.0,21,2,8,0
ADM-001580,PAT-01342,2026-08-12 21:32:28,2026-08-22 19:08:28,Neurology,Acute Ischemic Stroke,2,Walk-In,Clear / Mild,112,89,120,99,38,38.0,8,22,9.9,0,,0,5.0,21,2,8,0
ADM-001581,PAT-02195,2026-08-12 21:32:28,2026-08-26 07:08:28,ICU,Sepsis / Septic Shock,2,Ambulance,Clear / Mild,74,92,153,98,26,39.3,6,50,13.4,0,,1,4.7,21,2,8,0
ADM-001582,PAT-02111,2026-08-12 21:32:28,2026-08-25 09:32:28,ICU,Sepsis / Septic Shock,1,Ambulance,Clear / Mild,136,90,159,70,23,39.3,11,26,12.5,0,,0,5.0,21,2,8,0
ADM-001583,PAT-00404,2026-08-12 21:32:28,2026-08-18 07:08:28,ICU,Diabetic Ketoacidosis (DKA),2,Ambulance,Clear / Mild,105,89,131,113,27,37.3,6,21,5.4,0,,0,5.0,21,2,8,0
ADM-001584,PAT-01716,2026-08-12 23:32:28,2026-08-17 06:44:28,ICU,Diabetic Ketoacidosis (DKA),3,Ambulance,Clear / Mild,87,97,125,79,15,38.0,0,73,4.3,0,,1,4.2,23,2,8,0
ADM-001585,PAT-01387,2026-08-12 23:32:28,2026-08-20 18:44:28,Pediatrics,Pediatric Bronchiolitis / Asthma,3,Walk-In,Clear / Mild,70,97,106,82,17,36.7,0,57,7.8,0,,0,5.0,23,2,8,0
ADM-001586,PAT-01345,2026-08-13 01:32:28,2026-08-19 13:32:28,Pulmonology,Severe Pneumonia / ARDS,3,Walk-In,Clear / Mild,57,97,131,89,14,37.1,0,26,6.5,0,,0,5.0,1,3,8,0
ADM-001587,PAT-01387,2026-08-13 03:32:28,2026-08-21 17:56:28,Cardiology,Acute Myocardial Infarction,3,Ambulance,Rain / Storm,71,97,138,80,14,36.8,0,49,8.6,0,,0,4.6,3,3,8,0
ADM-001588,PAT-01154,2026-08-13 03:32:28,2026-08-15 15:32:28,Pediatrics,Pediatric Bronchiolitis / Asthma,4,Helicopter EMS,Rain / Storm,75,96,111,85,16,37.2,0,86,2.5,0,,0,4.2,3,3,8,0
ADM-001589,PAT-00125,2026-08-13 03:32:28,2026-08-18 05:56:28,ICU,Diabetic Ketoacidosis (DKA),2,Ambulance,Rain / Storm,136,83,186,78,29,37.6,10,21,5.1,0,,0,4.8,3,3,8,0
ADM-001590,PAT-01190,2026-08-13 03:32:28,2026-08-27 08:20:28,Cardiology,Acute Myocardial Infarction,2,Walk-In,Rain / Storm,128,92,140,80,29,37.4,6,9,14.2,0,,0,5.0,3,3,8,0
ADM-001591,PAT-02440,2026-08-13 05:32:28,2026-08-16 00:44:28,Pulmonology,COPD Exacerbation,3,Walk-In,Extreme Heat,67,98,114,86,19,36.7,0,24,2.8,0,,0,4.4,5,3,8,0
ADM-001592,PAT-00862,2026-08-13 07:32:28,2026-08-19 05:08:28,Pulmonology,COPD Exacerbation,5,Walk-In,Rain / Storm,97,97,110,73,13,37.4,0,160,5.9,0,,1,5.0,7,3,8,0
ADM-001593,PAT-00254,2026-08-13 07:32:28,2026-08-21 05:08:28,ICU,Diabetic Ketoacidosis (DKA),3,Walk-In,Rain / Storm,76,98,136,67,15,37.3,0,55,7.9,0,,1,5.0,7,3,8,0
ADM-001594,PAT-01797,2026-08-13 07:32:28,2026-08-22 02:44:28,Pulmonology,COPD Exacerbation,3,Ambulance,Rain / Storm,85,99,132,77,16,36.8,0,83,8.8,0,,0,4.0,7,3,8,0
ADM-001595,PAT-02020,2026-08-13 09:32:28,2026-08-17 09:32:28,Pulmonology,Severe Pneumonia / ARDS,3,Ambulance,Clear / Mild,74,99,126,81,13,36.4,0,104,4.0,0,,0,4.6,9,3,8,0
ADM-001596,PAT-00482,2026-08-13 09:32:28,2026-08-21 07:08:28,ICU,Sepsis / Septic Shock,1,Helicopter EMS,Clear / Mild,135,85,158,94,25,38.0,12,11,7.9,0,,0,5.0,9,3,8,0
ADM-001597,PAT-01018,2026-08-13 11:32:28,2026-08-17 04:20:28,General Surgery,Acute Appendicitis / Laparotomy,4,Ambulance,Extreme Heat,69,99,118,68,15,36.6,0,74,3.7,0,,1,5.0,11,3,8,0
ADM-001598,PAT-01168,2026-08-13 13:32:28,2026-08-18 11:08:28,Pulmonology,COPD Exacerbation,5,Ambulance,Clear / Mild,96,97,133,80,14,37.3,0,104,4.9,0,,0,3.9,13,3,8,0
ADM-001599,PAT-01272,2026-08-13 13:32:28,2026-08-17 23:08:28,Pediatrics,Pediatric Bronchiolitis / Asthma,4,Walk-In,Clear / Mild,65,97,142,63,17,37.5,0,198,4.4,0,,0,2.8,13,3,8,0
ADM-001600,PAT-00433,2026-08-13 13:32:28,2026-08-21 01:32:28,Orthopedics,Multiple Trauma / Fracture,3,Walk-In,Clear / Mild,64,100,131,67,14,36.9,0,64,7.5,0,,0,4.0,13,3,8,0
ADM-001601,PAT-01728,2026-08-13 13:32:28,2026-09-01 15:56:28,ICU,Acute Renal Failure,3,Walk-In,Clear / Mild,90,99,121,75,16,37.2,0,35,19.1,0,,1,4.3,13,3,8,0
ADM-001602,PAT-02401,2026-08-13 13:32:28,2026-08-20 03:56:28,Neurology,Acute Ischemic Stroke,2,Walk-In,Clear / Mild,113,89,151,103,17,37.1,5,25,6.6,0,,0,4.8,13,3,8,0
ADM-001603,PAT-01845,2026-08-13 13:32:28,2026-08-22 08:44:28,Orthopedics,Multiple Trauma / Fracture,3,Ambulance,Clear / Mild,77,98,126,92,17,37.2,0,97,8.8,0,,0,4.1,13,3,8,0
ADM-001604,PAT-01539,2026-08-13 13:32:28,2026-08-19 15:56:28,Pulmonology,Severe Pneumonia / ARDS,3,Walk-In,Clear / Mild,54,100,122,82,13,37.7,0,113,6.1,0,,0,3.6,13,3,8,0
ADM-001605,PAT-00627,2026-08-13 13:32:28,2026-08-15 08:44:28,General Surgery,Acute Appendicitis / Laparotomy,3,Walk-In,Clear / Mild,82,97,100,77,16,36.7,0,64,1.8,0,,0,3.7,13,3,8,0
ADM-001606,PAT-01160,2026-08-13 15:32:28,2026-08-18 15:32:28,Pulmonology,COPD Exacerbation,5,Ambulance,Extreme Heat,70,99,139,73,13,37.1,0,132,5.0,0,,0,3.0,15,3,8,0
ADM-001607,PAT-00423,2026-08-13 15:32:28,2026-08-16 15:32:28,General Surgery,Acute Appendicitis / Laparotomy,5,Ambulance,Extreme Heat,73,95,94,67,17,36.3,2,65,3.0,0,,1,4.4,15,3,8,0
ADM-001608,PAT-01389,2026-08-13 15:32:28,2026-08-21 08:20:28,Pulmonology,Severe Pneumonia / ARDS,5,Walk-In,Extreme Heat,82,96,152,73,15,37.3,0,201,7.7,0,,0,2.8,15,3,8,0
ADM-001609,PAT-01187,2026-08-13 15:32:28,2026-08-18 05:56:28,Pulmonology,COPD Exacerbation,3,Physician Referral,Extreme Heat,74,98,129,72,14,36.6,0,76,4.6,0,,0,3.7,15,3,8,0
ADM-001610,PAT-01490,2026-08-13 15:32:28,2026-08-22 20:20:28,Orthopedics,Multiple Trauma / Fracture,4,Physician Referral,Extreme Heat,89,99,88,75,13,36.9,2,53,9.2,0,,0,4.5,15,3,8,0
ADM-001611,PAT-02287,2026-08-13 15:32:28,2026-08-27 10:44:28,ICU,Acute Renal Failure,2,Walk-In,Extreme Heat,83,86,152,95,18,37.2,3,42,13.8,0,,0,4.9,15,3,8,0
ADM-001612,PAT-01699,2026-08-13 17:32:28,2026-08-22 15:08:28,Orthopedics,Multiple Trauma / Fracture,4,Ambulance,Rain / Storm,78,96,122,74,16,37.2,0,61,8.9,0,,0,5.0,17,3,8,0
ADM-001613,PAT-01459,2026-08-13 17:32:28,2026-09-01 03:08:28,Cardiology,Acute Myocardial Infarction,2,Ambulance,Rain / Storm,122,88,142,81,26,39.0,10,50,18.4,0,,0,4.4,17,3,8,0
ADM-001614,PAT-00123,2026-08-13 17:32:28,2026-08-21 07:56:28,ICU,Diabetic Ketoacidosis (DKA),2,Ambulance,Rain / Storm,121,87,134,84,28,38.3,8,34,7.6,0,,1,4.8,17,3,8,0
ADM-001615,PAT-00364,2026-08-13 19:32:28,2026-08-28 07:32:28,Pulmonology,COPD Exacerbation,5,Ambulance,Clear / Mild,67,98,98,75,19,36.7,0,85,14.5,0,,0,4.4,19,3,8,0
ADM-001616,PAT-00650,2026-08-13 19:32:28,2026-08-25 17:08:28,Cardiology,Congestive Heart Failure,3,Ambulance,Clear / Mild,81,98,102,73,16,36.2,0,117,11.9,0,,0,4.6,19,3,8,0
ADM-001617,PAT-02278,2026-08-13 21:32:28,2026-08-25 04:44:28,Orthopedics,Multiple Trauma / Fracture,5,Ambulance,Clear / Mild,75,95,112,72,17,36.8,0,175,11.3,0,,0,2.4,21,3,8,0
ADM-001618,PAT-00994,2026-08-13 21:32:28,2026-08-26 02:20:28,Cardiology,Congestive Heart Failure,3,Walk-In,Clear / Mild,95,96,126,68,19,36.8,0,97,12.2,0,,0,4.0,21,3,8,0
ADM-001619,PAT-02121,2026-08-13 21:32:28,2026-08-24 04:44:28,ICU,Diabetic Ketoacidosis (DKA),2,Ambulance,Clear / Mild,127,83,185,100,32,39.8,12,28,10.3,0,,1,5.0,21,3,8,0
ADM-001620,PAT-02261,2026-08-14 03:32:28,2026-08-20 22:44:28,Neurology,Acute Ischemic Stroke,2,Walk-In,Rain / Storm,126,91,123,83,31,37.7,8,45,6.8,0,,0,4.9,3,4,8,0
ADM-001621,PAT-00839,2026-08-14 03:32:28,2026-09-01 05:56:28,ICU,Sepsis / Septic Shock,1,Ambulance,Rain / Storm,102,90,156,97,26,38.7,12,14,18.1,0,,0,5.0,3,4,8,0
ADM-001622,PAT-00973,2026-08-14 05:32:28,2026-08-18 17:32:28,General Surgery,Gastrointestinal Hemorrhage,2,Ambulance,Clear / Mild,122,86,201,91,22,39.1,9,66,4.5,0,,1,4.8,5,4,8,0
ADM-001623,PAT-02407,2026-08-14 05:32:28,2026-08-24 12:44:28,Cardiology,Acute Myocardial Infarction,2,Walk-In,Clear / Mild,107,96,197,83,22,38.4,2,45,10.3,0,,0,4.7,5,4,8,0
ADM-001624,PAT-00968,2026-08-14 05:32:28,2026-08-24 17:32:28,ICU,Diabetic Ketoacidosis (DKA),2,Walk-In,Clear / Mild,122,86,154,123,35,38.7,10,55,10.5,0,,1,5.0,5,4,8,0
ADM-001625,PAT-00258,2026-08-14 05:32:28,2026-08-18 10:20:28,ICU,Diabetic Ketoacidosis (DKA),2,Walk-In,Clear / Mild,152,95,157,90,25,38.7,7,40,4.2,0,,0,4.9,5,4,8,0
ADM-001626,PAT-01843,2026-08-14 07:32:28,2026-08-18 14:44:28,ICU,Diabetic Ketoacidosis (DKA),2,Ambulance,High Smog / Poor AQI,111,88,122,98,25,37.9,8,48,4.3,0,,0,5.0,7,4,8,0
ADM-001627,PAT-01771,2026-08-14 07:32:28,2026-08-19 00:20:28,Orthopedics,Multiple Trauma / Fracture,3,Helicopter EMS,High Smog / Poor AQI,71,95,153,98,14,37.3,0,11,4.7,0,,0,5.0,7,4,8,0
ADM-001628,PAT-00554,2026-08-14 07:32:28,2026-08-22 02:44:28,General Surgery,Gastrointestinal Hemorrhage,2,Walk-In,High Smog / Poor AQI,125,95,181,96,21,37.8,4,55,7.8,0,,0,3.8,7,4,8,0
ADM-001629,PAT-01205,2026-08-14 09:32:28,2026-08-26 19:08:28,ICU,Sepsis / Septic Shock,2,Walk-In,Clear / Mild,96,89,189,88,19,38.3,5,33,12.4,0,,1,4.6,9,4,8,0
ADM-001630,PAT-01140,2026-08-14 09:32:28,2026-08-27 21:32:28,ICU,Sepsis / Septic Shock,2,Walk-In,Clear / Mild,105,87,155,72,17,38.9,5,18,13.5,0,,1,4.2,9,4,8,0
ADM-001631,PAT-00123,2026-08-14 09:32:28,2026-08-21 04:44:28,Pulmonology,Severe Pneumonia / ARDS,3,Ambulance,Clear / Mild,72,98,123,99,18,36.4,0,49,6.8,0,,0,4.2,9,4,8,0
ADM-001632,PAT-00682,2026-08-14 09:32:28,2026-08-18 16:44:28,General Surgery,Acute Appendicitis / Laparotomy,4,Walk-In,Clear / Mild,85,98,125,64,16,36.8,0,233,4.3,0,,0,2.0,9,4,8,0
ADM-001633,PAT-02433,2026-08-14 09:32:28,2026-08-28 16:44:28,ICU,Acute Renal Failure,2,Walk-In,Clear / Mild,115,98,110,86,18,37.4,2,28,14.3,0,,0,4.6,9,4,8,0
ADM-001634,PAT-01944,2026-08-14 09:32:28,2026-08-17 21:32:28,General Surgery,Acute Appendicitis / Laparotomy,4,Walk-In,Clear / Mild,69,94,142,75,13,36.9,1,133,3.5,0,,0,3.8,9,4,8,0
ADM-001635,PAT-01590,2026-08-14 11:32:28,2026-08-19 06:44:28,ICU,Diabetic Ketoacidosis (DKA),2,Walk-In,Clear / Mild,129,94,190,108,24,37.2,5,22,4.8,0,,0,5.0,11,4,8,0
ADM-001636,PAT-01054,2026-08-14 11:32:28,2026-08-21 11:32:28,Orthopedics,Multiple Trauma / Fracture,4,Walk-In,Clear / Mild,89,97,143,73,19,37.1,0,177,7.0,0,,0,4.1,11,4,8,0
ADM-001637,PAT-01372,2026-08-14 11:32:28,2026-09-05 16:20:28,Neurology,Acute Ischemic Stroke,2,Walk-In,Clear / Mild,100,93,173,127,28,39.0,8,29,22.2,0,,0,4.8,11,4,8,0
ADM-001638,PAT-00591,2026-08-14 13:32:28,2026-08-26 18:20:28,Neurology,Acute Ischemic Stroke,3,Walk-In,Clear / Mild,81,97,120,81,16,37.0,0,89,12.2,0,,1,5.0,13,4,8,0
ADM-001639,PAT-01552,2026-08-14 13:32:28,2026-08-20 06:20:28,Pediatrics,Pediatric Bronchiolitis / Asthma,4,Ambulance,Clear / Mild,76,99,144,79,17,37.3,0,76,5.7,0,,0,4.9,13,4,8,0
ADM-001640,PAT-01099,2026-08-14 15:32:28,2026-08-20 17:56:28,Pediatrics,Pediatric Bronchiolitis / Asthma,3,Walk-In,Extreme Heat,64,99,114,64,14,36.5,0,107,6.1,0,,0,4.6,15,4,8,0
ADM-001641,PAT-02128,2026-08-14 15:32:28,2026-09-09 01:08:28,Cardiology,Congestive Heart Failure,3,Walk-In,Extreme Heat,70,99,161,81,17,37.1,2,79,25.4,0,,0,3.7,15,4,8,0
ADM-001642,PAT-00570,2026-08-14 17:32:28,2026-08-17 10:20:28,Pediatrics,Pediatric Bronchiolitis / Asthma,4,Walk-In,Clear / Mild,103,98,104,73,15,37.8,0,144,2.7,0,,0,3.2,17,4,8,0
ADM-001643,PAT-00559,2026-08-14 17:32:28,2026-08-23 10:20:28,Pulmonology,Severe Pneumonia / ARDS,3,Walk-In,Clear / Mild,83,97,106,76,15,36.6,0,71,8.7,0,,1,4.2,17,4,8,0
ADM-001644,PAT-00215,2026-08-14 17:32:28,2026-08-24 07:56:28,Neurology,Acute Ischemic Stroke,2,Walk-In,Clear / Mild,97,88,153,75,34,39.1,8,49,9.6,0,,0,5.0,17,4,8,0
ADM-001645,PAT-00219,2026-08-14 19:32:28,2026-08-24 21:56:28,Orthopedics,Multiple Trauma / Fracture,4,Walk-In,Rain / Storm,98,97,122,90,17,36.7,0,77,10.1,0,,0,4.1,19,4,8,0
ADM-001646,PAT-02015,2026-08-14 19:32:28,2026-08-30 00:20:28,Pulmonology,Severe Pneumonia / ARDS,4,Physician Referral,Rain / Storm,73,97,130,78,16,36.7,0,84,15.2,0,,0,4.2,19,4,8,0
ADM-001647,PAT-02031,2026-08-14 19:32:28,2026-08-22 21:56:28,ICU,Diabetic Ketoacidosis (DKA),2,Physician Referral,Rain / Storm,119,91,127,103,27,39.0,10,26,8.1,0,,0,5.0,19,4,8,0
ADM-001648,PAT-01343,2026-08-14 19:32:28,2026-08-16 17:08:28,Pediatrics,Pediatric Bronchiolitis / Asthma,3,Ambulance,Rain / Storm,91,96,136,77,12,36.8,0,82,1.9,0,,0,3.6,19,4,8,0
ADM-001649,PAT-01841,2026-08-14 19:32:28,2026-08-24 07:32:28,ICU,Acute Renal Failure,2,Ambulance,Rain / Storm,99,92,150,101,25,39.3,6,48,9.5,0,,0,4.6,19,4,8,0
ADM-001650,PAT-01524,2026-08-14 19:32:28,2026-08-16 21:56:28,General Surgery,Acute Appendicitis / Laparotomy,4,Ambulance,Rain / Storm,83,97,139,67,18,36.6,0,53,2.1,0,,1,5.0,19,4,8,0
ADM-001651,PAT-01382,2026-08-14 21:32:28,2026-08-26 19:08:28,Cardiology,Congestive Heart Failure,3,Walk-In,Freezing / Snow,77,95,138,75,21,36.6,0,92,11.9,0,,0,4.1,21,4,8,0
ADM-001652,PAT-01962,2026-08-14 21:32:28,2026-08-30 07:08:28,ICU,Acute Renal Failure,2,Ambulance,Freezing / Snow,125,87,124,84,18,40.1,7,44,15.4,0,,0,4.3,21,4,8,0
ADM-001653,PAT-01082,2026-08-14 21:32:28,2026-08-28 11:56:28,Neurology,Acute Ischemic Stroke,3,Physician Referral,Freezing / Snow,78,97,119,72,15,37.0,0,67,13.6,0,,1,4.0,21,4,8,0
ADM-001654,PAT-01046,2026-08-15 01:32:28,2026-08-27 08:44:28,Orthopedics,Multiple Trauma / Fracture,3,Helicopter EMS,Clear / Mild,80,97,129,78,19,36.8,0,103,12.3,0,,0,5.0,1,5,8,1
ADM-001655,PAT-00728,2026-08-15 01:32:28,2026-08-19 08:44:28,Cardiology,Acute Myocardial Infarction,2,Walk-In,Clear / Mild,177,84,104,64,39,40.1,10,37,4.3,0,,0,5.0,1,5,8,1
ADM-001656,PAT-01868,2026-08-15 05:32:28,2026-08-24 17:32:28,General Surgery,Gastrointestinal Hemorrhage,2,Walk-In,Clear / Mild,114,87,149,86,31,38.4,8,40,9.5,0,,1,4.6,5,5,8,1
ADM-001657,PAT-01335,2026-08-15 05:32:28,2026-08-24 05:32:28,Cardiology,Congestive Heart Failure,3,Walk-In,Clear / Mild,75,99,118,72,13,36.8,0,74,9.0,0,,0,5.0,5,5,8,1
ADM-001658,PAT-01424,2026-08-15 05:32:28,2026-08-23 00:44:28,ICU,Acute Renal Failure,3,Walk-In,Clear / Mild,68,95,138,82,17,36.9,0,71,7.8,0,,0,4.1,5,5,8,1
ADM-001659,PAT-01533,2026-08-15 05:32:28,2026-08-22 12:44:28,ICU,Acute Renal Failure,2,Walk-In,Clear / Mild,110,88,178,122,21,38.3,5,31,7.3,0,,0,5.0,5,5,8,1
ADM-001660,PAT-00204,2026-08-15 07:32:28,2026-08-20 14:44:28,ICU,Diabetic Ketoacidosis (DKA),2,Walk-In,Clear / Mild,143,92,83,72,29,37.9,8,22,5.3,0,,1,3.8,7,5,8,1
ADM-001661,PAT-00761,2026-08-15 07:32:28,2026-08-30 05:08:28,ICU,Sepsis / Septic Shock,2,Walk-In,Clear / Mild,103,94,133,85,23,36.9,1,47,14.9,0,,0,5.0,7,5,8,1
ADM-001662,PAT-01734,2026-08-15 07:32:28,2026-08-23 09:56:28,Orthopedics,Multiple Trauma / Fracture,4,Walk-In,Clear / Mild,86,95,131,80,14,37.0,0,141,8.1,0,,0,3.2,7,5,8,1
ADM-001663,PAT-02421,2026-08-15 07:32:28,2026-08-23 07:32:28,General Surgery,Gastrointestinal Hemorrhage,3,Ambulance,Clear / Mild,82,97,132,88,19,36.6,0,104,8.0,0,,1,4.5,7,5,8,1
ADM-001664,PAT-00838,2026-08-15 07:32:28,2026-08-20 07:32:28,ICU,Diabetic Ketoacidosis (DKA),2,Walk-In,Clear / Mild,143,90,127,84,18,38.4,5,52,5.0,0,,0,4.7,7,5,8,1
ADM-001665,PAT-02071,2026-08-15 09:32:28,2026-08-18 04:44:28,Pediatrics,Pediatric Bronchiolitis / Asthma,5,Ambulance,Rain / Storm,86,97,123,76,16,36.3,0,111,2.8,0,,0,4.0,9,5,8,1
ADM-001666,PAT-00157,2026-08-15 09:32:28,2026-08-26 14:20:28,Pulmonology,COPD Exacerbation,3,Ambulance,Rain / Storm,65,98,122,66,17,36.6,0,59,11.2,0,,0,4.5,9,5,8,1
ADM-001667,PAT-01432,2026-08-15 09:32:28,2026-08-26 02:20:28,General Surgery,Acute Appendicitis / Laparotomy,5,Ambulance,Rain / Storm,72,98,131,89,16,37.0,0,153,10.7,0,,0,3.0,9,5,8,1
ADM-001668,PAT-01665,2026-08-15 11:32:28,2026-08-21 04:20:28,Pulmonology,COPD Exacerbation,4,Walk-In,Clear / Mild,63,97,99,84,16,37.0,0,56,5.7,0,,0,4.2,11,5,8,1
ADM-001669,PAT-01938,2026-08-15 11:32:28,2026-08-22 21:08:28,Cardiology,Acute Myocardial Infarction,3,Walk-In,Clear / Mild,78,97,117,93,16,37.6,0,43,7.4,0,,0,5.0,11,5,8,1
ADM-001670,PAT-00392,2026-08-15 11:32:28,2026-08-23 23:32:28,Cardiology,Congestive Heart Failure,3,Walk-In,Clear / Mild,85,97,98,91,15,36.4,0,119,8.5,0,,0,3.7,11,5,8,1
ADM-001671,PAT-02064,2026-08-15 11:32:28,2026-08-23 23:32:28,Neurology,Acute Ischemic Stroke,2,Physician Referral,Clear / Mild,114,96,136,117,30,38.7,7,25,8.5,0,,1,5.0,11,5,8,1
ADM-001672,PAT-01501,2026-08-15 13:32:28,2026-08-21 15:56:28,Cardiology,Congestive Heart Failure,2,Walk-In,Clear / Mild,140,93,145,98,31,38.2,6,35,6.1,0,,1,4.1,13,5,8,1
ADM-001673,PAT-00628,2026-08-15 13:32:28,2026-08-24 23:08:28,ICU,Sepsis / Septic Shock,1,Ambulance,Clear / Mild,119,86,176,76,22,36.9,11,5,9.4,0,,1,5.0,13,5,8,1
ADM-001674,PAT-00824,2026-08-15 13:32:28,2026-08-23 13:32:28,General Surgery,Acute Appendicitis / Laparotomy,3,Physician Referral,Clear / Mild,79,99,136,81,14,37.0,0,75,8.0,0,,0,5.0,13,5,8,1
ADM-001675,PAT-00635,2026-08-15 13:32:28,2026-08-22 03:56:28,Cardiology,Acute Myocardial Infarction,2,Walk-In,Clear / Mild,127,88,174,88,28,38.2,10,31,6.6,0,,1,5.0,13,5,8,1
ADM-001676,PAT-01156,2026-08-15 13:32:28,2026-08-22 08:44:28,Neurology,Acute Ischemic Stroke,3,Walk-In,Clear / Mild,85,99,113,77,14,36.5,0,99,6.8,0,,0,4.3,13,5,8,1
ADM-001677,PAT-01440,2026-08-15 13:32:28,2026-08-28 15:56:28,Orthopedics,Multiple Trauma / Fracture,5,Walk-In,Clear / Mild,67,99,130,62,15,36.7,0,230,13.1,0,,0,2.6,13,5,8,1
ADM-001678,PAT-00355,2026-08-15 13:32:28,2026-08-25 20:44:28,Orthopedics,Multiple Trauma / Fracture,5,Walk-In,Clear / Mild,66,97,118,88,14,36.7,0,118,10.3,0,,1,3.7,13,5,8,1
ADM-001679,PAT-00597,2026-08-15 13:32:28,2026-08-23 15:56:28,Pulmonology,Severe Pneumonia / ARDS,3,Walk-In,Clear / Mild,66,98,107,80,18,36.0,0,116,8.1,0,,0,3.4,13,5,8,1
ADM-001680,PAT-00569,2026-08-15 15:32:28,2026-08-21 01:08:28,Cardiology,Acute Myocardial Infarction,3,Walk-In,Clear / Mild,82,95,120,70,16,36.8,0,79,5.4,0,,0,5.0,15,5,8,1
ADM-001681,PAT-00236,2026-08-15 15:32:28,2026-08-29 20:20:28,ICU,Sepsis / Septic Shock,2,Walk-In,Clear / Mild,113,96,151,98,26,38.1,5,46,14.2,0,,1,4.8,15,5,8,1
ADM-001682,PAT-01460,2026-08-15 17:32:28,2026-08-24 05:32:28,General Surgery,Gastrointestinal Hemorrhage,3,Physician Referral,Freezing / Snow,71,98,127,82,16,37.0,0,23,8.5,0,,0,5.0,17,5,8,1
ADM-001683,PAT-02253,2026-08-15 17:32:28,2026-08-17 19:56:28,General Surgery,Acute Appendicitis / Laparotomy,3,Ambulance,Freezing / Snow,49,97,143,84,16,36.5,2,58,2.1,0,,0,5.0,17,5,8,1
ADM-001684,PAT-00312,2026-08-15 17:32:28,2026-09-07 03:08:28,Cardiology,Congestive Heart Failure,3,Walk-In,Freezing / Snow,66,96,110,64,14,36.8,0,71,22.4,0,,0,4.2,17,5,8,1
ADM-001685,PAT-01570,2026-08-15 17:32:28,2026-08-20 07:56:28,General Surgery,Acute Appendicitis / Laparotomy,5,Ambulance,Freezing / Snow,57,98,122,97,17,36.6,0,4,4.6,0,,0,5.0,17,5,8,1
ADM-001686,PAT-00987,2026-08-15 17:32:28,2026-08-23 12:44:28,Pulmonology,COPD Exacerbation,4,Walk-In,Freezing / Snow,80,97,117,81,16,37.0,0,183,7.8,0,,0,3.2,17,5,8,1
ADM-001687,PAT-00948,2026-08-15 19:32:28,2026-08-19 12:20:28,Cardiology,Acute Myocardial Infarction,3,Walk-In,Rain / Storm,102,98,135,79,18,36.8,0,55,3.7,0,,0,5.0,19,5,8,1
ADM-001688,PAT-02387,2026-08-15 19:32:28,2026-08-19 12:20:28,General Surgery,Gastrointestinal Hemorrhage,2,Walk-In,Rain / Storm,109,84,101,98,17,39.2,5,21,3.7,0,,0,5.0,19,5,8,1
ADM-001689,PAT-01356,2026-08-15 19:32:28,2026-08-18 14:44:28,General Surgery,Acute Appendicitis / Laparotomy,4,Helicopter EMS,Rain / Storm,100,97,130,99,12,36.4,0,59,2.8,0,,0,4.9,19,5,8,1
ADM-001690,PAT-00772,2026-08-15 19:32:28,2026-08-26 05:08:28,ICU,Sepsis / Septic Shock,2,Ambulance,Rain / Storm,161,90,104,116,23,38.8,7,61,10.4,0,,1,3.8,19,5,8,1
ADM-001691,PAT-00724,2026-08-15 21:32:28,2026-08-25 11:56:28,Orthopedics,Multiple Trauma / Fracture,4,Walk-In,Clear / Mild,60,96,127,78,16,37.4,0,143,9.6,0,,0,3.9,21,5,8,1
ADM-001692,PAT-01370,2026-08-15 21:32:28,2026-09-02 19:08:28,ICU,Acute Renal Failure,3,Walk-In,Clear / Mild,74,100,141,75,17,36.7,0,85,17.9,0,,1,3.6,21,5,8,1
ADM-001693,PAT-00101,2026-08-15 21:32:28,2026-08-21 07:08:28,ICU,Sepsis / Septic Shock,2,Walk-In,Clear / Mild,122,93,146,97,27,39.1,8,34,5.4,0,,0,5.0,21,5,8,1
ADM-001694,PAT-00266,2026-08-15 21:32:28,2026-08-22 11:56:28,Pulmonology,COPD Exacerbation,4,Walk-In,Clear / Mild,79,94,117,73,16,36.8,1,106,6.6,0,,1,3.1,21,5,8,1
ADM-001695,PAT-01295,2026-08-15 21:32:28,2026-08-20 21:32:28,Cardiology,Congestive Heart Failure,2,Walk-In,Clear / Mild,119,94,113,84,25,37.7,6,16,5.0,0,,0,5.0,21,5,8,1
ADM-001696,PAT-01016,2026-08-15 23:32:28,2026-08-28 01:56:28,Neurology,Acute Ischemic Stroke,3,Walk-In,Rain / Storm,64,97,128,90,19,36.6,0,91,12.1,0,,1,3.9,23,5,8,1
ADM-001697,PAT-01509,2026-08-16 01:32:28,2026-08-22 15:56:28,General Surgery,Gastrointestinal Hemorrhage,2,Walk-In,Clear / Mild,139,90,153,103,26,38.6,10,35,6.6,0,,0,5.0,1,6,8,1
ADM-001698,PAT-02213,2026-08-16 03:32:28,2026-08-22 05:56:28,Pulmonology,Severe Pneumonia / ARDS,3,Ambulance,Clear / Mild,97,98,113,82,17,37.5,0,71,6.1,0,,0,3.9,3,6,8,1
ADM-001699,PAT-01839,2026-08-16 05:32:28,2026-08-31 15:08:28,Cardiology,Acute Myocardial Infarction,3,Walk-In,Clear / Mild,84,94,138,86,17,36.0,1,72,15.4,0,,0,4.2,5,6,8,1
ADM-001700,PAT-00044,2026-08-16 05:32:28,2026-08-20 15:08:28,General Surgery,Gastrointestinal Hemorrhage,2,Walk-In,Clear / Mild,149,89,151,101,28,35.7,8,27,4.4,0,,0,4.7,5,6,8,1
ADM-001701,PAT-01397,2026-08-16 05:32:28,2026-08-21 10:20:28,General Surgery,Gastrointestinal Hemorrhage,3,Ambulance,Clear / Mild,74,98,92,75,18,37.4,2,37,5.2,0,,0,5.0,5,6,8,1
ADM-001702,PAT-00918,2026-08-16 05:32:28,2026-09-04 19:56:28,Neurology,Acute Ischemic Stroke,3,Ambulance,Clear / Mild,86,97,93,86,14,36.9,2,39,19.6,0,,0,4.9,5,6,8,1
ADM-001703,PAT-01928,2026-08-16 05:32:28,2026-08-24 22:20:28,Cardiology,Congestive Heart Failure,2,Ambulance,Clear / Mild,117,96,136,105,25,37.6,5,53,8.7,0,,0,4.7,5,6,8,1
ADM-001704,PAT-01560,2026-08-16 05:32:28,2026-08-28 07:56:28,ICU,Diabetic Ketoacidosis (DKA),2,Walk-In,Clear / Mild,144,88,128,89,20,38.2,5,43,12.1,0,,0,4.7,5,6,8,1
ADM-001705,PAT-02476,2026-08-16 07:32:28,2026-08-25 02:44:28,Cardiology,Congestive Heart Failure,2,Ambulance,Clear / Mild,116,90,125,106,27,38.8,10,43,8.8,0,,0,5.0,7,6,8,1
ADM-001706,PAT-02306,2026-08-16 07:32:28,2026-08-30 05:08:28,Neurology,Acute Ischemic Stroke,2,Ambulance,Clear / Mild,101,96,167,94,23,38.2,2,64,13.9,0,,0,4.5,7,6,8,1
ADM-001707,PAT-01488,2026-08-16 09:32:28,2026-08-17 23:56:28,Pediatrics,Pediatric Bronchiolitis / Asthma,3,Walk-In,Rain / Storm,54,98,97,75,18,37.1,0,76,1.6,0,,0,4.1,9,6,8,1
ADM-001708,PAT-00775,2026-08-16 09:32:28,2026-08-31 23:56:28,Neurology,Acute Ischemic Stroke,3,Walk-In,Rain / Storm,94,97,110,73,17,37.3,0,33,15.6,0,,0,4.4,9,6,8,1
ADM-001709,PAT-01540,2026-08-16 09:32:28,2026-08-27 19:08:28,Pulmonology,Severe Pneumonia / ARDS,4,Walk-In,Rain / Storm,75,98,112,82,17,36.9,0,57,11.4,0,,0,5.0,9,6,8,1
ADM-001710,PAT-01056,2026-08-16 09:32:28,2026-08-20 19:08:28,General Surgery,Gastrointestinal Hemorrhage,2,Walk-In,Rain / Storm,122,91,157,76,27,38.1,8,30,4.4,0,,0,4.7,9,6,8,1
ADM-001711,PAT-01213,2026-08-16 09:32:28,2026-08-20 02:20:28,Pulmonology,COPD Exacerbation,4,Physician Referral,Rain / Storm,64,94,146,83,15,36.5,1,121,3.7,0,,0,2.4,9,6,8,1
ADM-001712,PAT-00830,2026-08-16 09:32:28,2026-08-23 07:08:28,Pulmonology,COPD Exacerbation,3,Ambulance,Rain / Storm,89,98,124,89,15,37.2,0,55,6.9,0,,0,4.5,9,6,8,1
ADM-001713,PAT-01566,2026-08-16 09:32:28,2026-08-24 07:08:28,Pulmonology,COPD Exacerbation,3,Walk-In,Rain / Storm,65,98,111,68,17,36.9,0,51,7.9,0,,1,5.0,9,6,8,1
ADM-001714,PAT-00051,2026-08-16 09:32:28,2026-08-20 09:32:28,General Surgery,Acute Appendicitis / Laparotomy,4,Ambulance,Rain / Storm,78,98,109,68,14,37.6,0,141,4.0,0,,0,3.4,9,6,8,1
ADM-001715,PAT-00747,2026-08-16 11:32:28,2026-08-22 09:08:28,General Surgery,Acute Appendicitis / Laparotomy,3,Ambulance,Rain / Storm,74,99,127,63,19,36.4,0,85,5.9,0,,0,5.0,11,6,8,1
ADM-001716,PAT-00107,2026-08-16 11:32:28,2026-08-30 21:08:28,ICU,Sepsis / Septic Shock,2,Ambulance,Rain / Storm,125,87,106,92,27,39.6,10,33,14.4,0,,0,4.4,11,6,8,1
ADM-001717,PAT-00266,2026-08-16 11:32:28,2026-08-22 09:08:28,Cardiology,Congestive Heart Failure,2,Walk-In,Rain / Storm,118,93,139,96,31,39.2,8,42,5.9,0,,0,4.3,11,6,8,1
ADM-001718,PAT-00482,2026-08-16 11:32:28,2026-08-21 16:20:28,Cardiology,Acute Myocardial Infarction,3,Helicopter EMS,Rain / Storm,87,97,123,89,15,37.4,0,58,5.2,0,,0,3.9,11,6,8,1
ADM-001719,PAT-01786,2026-08-16 11:32:28,2026-08-19 16:20:28,Cardiology,Acute Myocardial Infarction,2,Walk-In,Rain / Storm,120,93,148,87,19,39.7,5,30,3.2,0,,0,5.0,11,6,8,1
ADM-001720,PAT-02342,2026-08-16 11:32:28,2026-09-05 16:20:28,Cardiology,Acute Myocardial Infarction,3,Walk-In,Rain / Storm,73,96,112,70,13,36.5,0,63,20.2,0,,0,5.0,11,6,8,1
ADM-001721,PAT-00201,2026-08-16 11:32:28,2026-08-24 01:56:28,Neurology,Acute Ischemic Stroke,3,Walk-In,Rain / Storm,81,97,131,73,14,37.5,0,44,7.6,0,,0,4.0,11,6,8,1
ADM-001722,PAT-00689,2026-08-16 11:32:28,2026-08-28 04:20:28,ICU,Diabetic Ketoacidosis (DKA),2,Physician Referral,Rain / Storm,132,88,122,114,23,39.6,7,39,11.7,0,,0,5.0,11,6,8,1
ADM-001723,PAT-02146,2026-08-16 13:32:28,2026-08-24 03:56:28,General Surgery,Acute Appendicitis / Laparotomy,3,Walk-In,Rain / Storm,65,99,122,84,11,36.2,0,63,7.6,0,,0,4.4,13,6,8,1
ADM-001724,PAT-00204,2026-08-16 13:32:28,2026-08-24 08:44:28,Cardiology,Congestive Heart Failure,2,Ambulance,Rain / Storm,115,98,162,106,22,39.3,6,57,7.8,0,,1,5.0,13,6,8,1
ADM-001725,PAT-01580,2026-08-16 13:32:28,2026-08-21 01:32:28,ICU,Diabetic Ketoacidosis (DKA),2,Physician Referral,Rain / Storm,128,83,178,82,24,39.5,9,41,4.5,0,,1,5.0,13,6,8,1
ADM-001726,PAT-01376,2026-08-16 13:32:28,2026-08-21 01:32:28,Orthopedics,Multiple Trauma / Fracture,4,Ambulance,Rain / Storm,85,95,141,79,18,36.5,0,51,4.5,0,,0,4.4,13,6,8,1
ADM-001727,PAT-01644,2026-08-16 13:32:28,2026-08-24 23:08:28,Pulmonology,Severe Pneumonia / ARDS,3,Physician Referral,Rain / Storm,63,98,99,90,16,36.4,0,102,8.4,0,,0,4.7,13,6,8,1
ADM-001728,PAT-01303,2026-08-16 13:32:28,2026-08-19 11:08:28,Pediatrics,Pediatric Bronchiolitis / Asthma,3,Ambulance,Rain / Storm,105,100,126,87,18,36.3,0,105,2.9,0,,0,4.2,13,6,8,1
ADM-001729,PAT-00460,2026-08-16 13:32:28,2026-08-18 13:32:28,Pediatrics,Pediatric Bronchiolitis / Asthma,4,Walk-In,Rain / Storm,79,98,99,81,15,37.4,0,91,2.0,0,,0,4.8,13,6,8,1
ADM-001730,PAT-00493,2026-08-16 15:32:28,2026-08-24 01:08:28,Neurology,Acute Ischemic Stroke,2,Walk-In,Extreme Heat,96,82,152,65,21,38.9,5,24,7.4,0,,0,5.0,15,6,8,1
ADM-001731,PAT-02331,2026-08-16 15:32:28,2026-08-22 20:20:28,General Surgery,Gastrointestinal Hemorrhage,3,Ambulance,Extreme Heat,74,97,124,72,15,36.8,0,44,6.2,0,,0,5.0,15,6,8,1
ADM-001732,PAT-02498,2026-08-16 15:32:28,2026-08-29 03:32:28,ICU,Sepsis / Septic Shock,1,Ambulance,Extreme Heat,113,93,147,104,30,39.2,12,22,12.5,0,,0,5.0,15,6,8,1
ADM-001733,PAT-02151,2026-08-16 17:32:28,2026-08-21 05:32:28,Orthopedics,Multiple Trauma / Fracture,4,Walk-In,Rain / Storm,60,98,134,84,16,37.1,0,131,4.5,0,,0,4.1,17,6,8,1
ADM-001734,PAT-02257,2026-08-16 17:32:28,2026-08-27 19:56:28,ICU,Sepsis / Septic Shock,2,Walk-In,Rain / Storm,98,88,151,90,16,39.8,5,44,11.1,0,,0,4.7,17,6,8,1
ADM-001735,PAT-02088,2026-08-16 17:32:28,2026-08-22 17:32:28,General Surgery,Acute Appendicitis / Laparotomy,5,Walk-In,Rain / Storm,49,97,116,74,15,37.4,2,127,6.0,0,,0,4.1,17,6,8,1
ADM-001736,PAT-00978,2026-08-16 17:32:28,2026-08-21 03:08:28,Pulmonology,COPD Exacerbation,5,Ambulance,Rain / Storm,61,94,100,81,16,36.7,1,160,4.4,0,,0,3.2,17,6,8,1
ADM-001737,PAT-01365,2026-08-16 19:32:28,2026-08-31 14:44:28,ICU,Acute Renal Failure,2,Walk-In,Rain / Storm,124,93,130,94,23,37.6,3,33,14.8,0,,1,4.6,19,6,8,1
ADM-001738,PAT-01584,2026-08-16 19:32:28,2026-08-18 00:20:28,Pediatrics,Pediatric Bronchiolitis / Asthma,4,Walk-In,Rain / Storm,55,100,112,91,15,36.6,0,142,1.2,0,,0,4.0,19,6,8,1
ADM-001739,PAT-01437,2026-08-16 19:32:28,2026-08-28 00:20:28,ICU,Sepsis / Septic Shock,2,Ambulance,Rain / Storm,117,91,135,87,21,37.4,5,35,11.2,0,,0,5.0,19,6,8,1
ADM-001740,PAT-00253,2026-08-16 19:32:28,2026-08-30 02:44:28,General Surgery,Gastrointestinal Hemorrhage,2,Walk-In,Rain / Storm,111,92,151,68,26,38.9,8,23,13.3,0,,0,4.6,19,6,8,1
ADM-001741,PAT-00505,2026-08-16 19:32:28,2026-08-29 17:08:28,ICU,Sepsis / Septic Shock,1,Ambulance,Rain / Storm,132,93,95,103,37,39.0,12,27,12.9,0,,0,4.9,19,6,8,1
ADM-001742,PAT-02398,2026-08-16 19:32:28,2026-08-19 05:08:28,Pediatrics,Pediatric Bronchiolitis / Asthma,3,Walk-In,Rain / Storm,62,97,107,76,16,36.1,0,45,2.4,0,,0,4.5,19,6,8,1
ADM-001743,PAT-00872,2026-08-16 19:32:28,2026-08-23 05:08:28,ICU,Acute Renal Failure,2,Ambulance,Rain / Storm,118,90,141,84,25,39.6,10,27,6.4,0,,0,4.3,19,6,8,1
ADM-001744,PAT-00888,2026-08-16 19:32:28,2026-08-20 02:44:28,Cardiology,Acute Myocardial Infarction,2,Walk-In,Rain / Storm,124,94,120,98,20,39.3,5,48,3.3,0,,1,4.0,19,6,8,1
ADM-001745,PAT-01956,2026-08-16 21:32:28,2026-09-02 07:08:28,Pulmonology,COPD Exacerbation,3,Walk-In,Rain / Storm,82,99,105,73,16,37.3,0,78,16.4,0,,1,4.0,21,6,8,1
ADM-001746,PAT-01735,2026-08-16 21:32:28,2026-08-22 09:32:28,General Surgery,Gastrointestinal Hemorrhage,2,Walk-In,Rain / Storm,136,83,123,96,25,38.9,10,10,5.5,0,,0,4.7,21,6,8,1
ADM-001747,PAT-02249,2026-08-16 21:32:28,2026-08-24 11:56:28,General Surgery,Acute Appendicitis / Laparotomy,3,Walk-In,Rain / Storm,63,100,107,85,15,36.3,0,66,7.6,0,,0,4.3,21,6,8,1
ADM-001748,PAT-02288,2026-08-16 21:32:28,2026-08-26 23:56:28,ICU,Sepsis / Septic Shock,1,Ambulance,Rain / Storm,138,95,123,76,19,37.7,6,17,10.1,0,,0,5.0,21,6,8,1
ADM-001749,PAT-02338,2026-08-17 01:32:28,2026-08-30 08:44:28,ICU,Sepsis / Septic Shock,2,Walk-In,Clear / Mild,70,91,174,97,29,38.7,10,58,13.3,0,,1,4.1,1,0,8,0
ADM-001750,PAT-01805,2026-08-17 01:32:28,2026-08-23 11:08:28,ICU,Acute Renal Failure,2,Walk-In,Clear / Mild,137,86,162,98,33,38.4,10,24,6.4,0,,0,4.2,1,0,8,0
ADM-001751,PAT-01001,2026-08-17 03:32:28,2026-08-27 17:56:28,Pediatrics,Pediatric Bronchiolitis / Asthma,4,Ambulance,Clear / Mild,86,96,106,69,20,36.7,0,147,10.6,0,,0,3.2,3,0,8,0
ADM-001752,PAT-00228,2026-08-17 05:32:28,2026-08-23 10:20:28,Pulmonology,COPD Exacerbation,3,Walk-In,Clear / Mild,92,100,123,75,16,36.8,0,70,6.2,0,,0,3.7,5,0,8,0
ADM-001753,PAT-01977,2026-08-17 05:32:28,2026-08-23 05:32:28,Pediatrics,Pediatric Bronchiolitis / Asthma,3,Walk-In,Clear / Mild,64,94,89,84,14,36.6,3,115,6.0,0,,1,4.2,5,0,8,0
ADM-001754,PAT-00515,2026-08-17 05:32:28,2026-09-03 00:44:28,ICU,Acute Renal Failure,2,Walk-In,Clear / Mild,119,89,114,82,29,37.9,8,28,16.8,0,,1,5.0,5,0,8,0
ADM-001755,PAT-02060,2026-08-17 07:32:28,2026-08-21 07:32:28,General Surgery,Gastrointestinal Hemorrhage,2,Ambulance,Clear / Mild,95,94,133,88,27,38.4,4,34,4.0,0,,0,5.0,7,0,8,0
ADM-001756,PAT-00130,2026-08-17 07:32:28,2026-08-22 05:08:28,Pediatrics,Pediatric Bronchiolitis / Asthma,3,Physician Referral,Clear / Mild,87,97,109,86,15,36.9,0,27,4.9,0,,0,5.0,7,0,8,0
ADM-001757,PAT-01113,2026-08-17 07:32:28,2026-08-31 12:20:28,ICU,Diabetic Ketoacidosis (DKA),2,Ambulance,Clear / Mild,128,85,143,88,27,39.1,10,34,14.2,0,,0,5.0,7,0,8,0
ADM-001758,PAT-01529,2026-08-17 07:32:28,2026-08-18 17:08:28,General Surgery,Acute Appendicitis / Laparotomy,4,Physician Referral,Clear / Mild,93,97,125,80,14,36.7,0,120,1.4,0,,0,3.5,7,0,8,0
ADM-001759,PAT-00808,2026-08-17 09:32:28,2026-08-30 19:08:28,Neurology,Acute Ischemic Stroke,2,Walk-In,Clear / Mild,88,89,169,125,24,37.5,5,53,13.4,0,,0,4.9,9,0,8,0
ADM-001760,PAT-01887,2026-08-17 09:32:28,2026-08-23 21:32:28,Cardiology,Acute Myocardial Infarction,3,Walk-In,Clear / Mild,86,98,129,92,15,36.3,0,73,6.5,0,,0,4.6,9,0,8,0
ADM-001761,PAT-01638,2026-08-17 09:32:28,2026-08-20 11:56:28,Pediatrics,Pediatric Bronchiolitis / Asthma,4,Walk-In,Clear / Mild,68,96,138,78,17,37.0,0,66,3.1,0,,0,4.5,9,0,8,0
ADM-001762,PAT-01117,2026-08-17 09:32:28,2026-09-02 14:20:28,Pulmonology,Severe Pneumonia / ARDS,4,Walk-In,Clear / Mild,75,96,141,77,17,36.6,0,160,16.2,0,,0,3.8,9,0,8,0
ADM-001763,PAT-00065,2026-08-17 09:32:28,2026-08-22 19:08:28,Pulmonology,Severe Pneumonia / ARDS,3,Walk-In,Clear / Mild,78,98,117,90,13,36.6,0,95,5.4,0,,0,3.8,9,0,8,0
ADM-001764,PAT-00791,2026-08-17 11:32:28,2026-09-01 13:56:28,Pulmonology,COPD Exacerbation,3,Ambulance,Clear / Mild,74,97,112,78,16,37.1,0,102,15.1,0,,1,4.5,11,0,8,0
ADM-001765,PAT-00006,2026-08-17 11:32:28,2026-08-23 21:08:28,Cardiology,Congestive Heart Failure,3,Ambulance,Clear / Mild,94,97,137,75,16,36.3,0,14,6.4,0,,0,4.7,11,0,8,0
ADM-001766,PAT-01703,2026-08-17 11:32:28,2026-08-25 09:08:28,Pediatrics,Pediatric Bronchiolitis / Asthma,5,Ambulance,Clear / Mild,78,96,122,89,19,36.7,0,150,7.9,0,,1,2.7,11,0,8,0
ADM-001767,PAT-00638,2026-08-17 11:32:28,2026-08-26 13:56:28,ICU,Acute Renal Failure,2,Walk-In,Clear / Mild,134,91,130,94,32,38.3,8,45,9.1,0,,0,4.3,11,0,8,0
ADM-001768,PAT-02166,2026-08-17 13:32:28,2026-08-23 08:44:28,Pulmonology,Severe Pneumonia / ARDS,4,Helicopter EMS,Clear / Mild,96,98,152,63,16,36.6,0,53,5.8,0,,1,4.7,13,0,8,0
ADM-001769,PAT-00366,2026-08-17 13:32:28,2026-08-21 13:32:28,Pulmonology,COPD Exacerbation,4,Walk-In,Clear / Mild,71,96,114,59,18,37.3,0,197,4.0,0,,1,3.2,13,0,8,0
ADM-001770,PAT-01621,2026-08-17 15:32:28,2026-08-23 13:08:28,Cardiology,Acute Myocardial Infarction,3,Ambulance,Clear / Mild,80,98,124,75,15,36.6,0,39,5.9,0,,0,5.0,15,0,8,0
ADM-001771,PAT-01173,2026-08-17 15:32:28,2026-09-02 05:56:28,ICU,Acute Renal Failure,2,Walk-In,Clear / Mild,136,87,166,94,36,38.2,10,32,15.6,0,,0,5.0,15,0,8,0
ADM-001772,PAT-01370,2026-08-17 15:32:28,2026-08-20 20:20:28,Pulmonology,COPD Exacerbation,3,Physician Referral,Clear / Mild,71,99,115,58,15,36.4,0,75,3.2,0,,1,4.5,15,0,8,0
ADM-001773,PAT-00729,2026-08-17 15:32:28,2026-08-26 05:56:28,Cardiology,Congestive Heart Failure,3,Walk-In,Clear / Mild,96,97,119,68,14,36.4,0,115,8.6,0,,0,3.3,15,0,8,0
ADM-001774,PAT-00695,2026-08-17 17:32:28,2026-09-09 12:44:28,ICU,Sepsis / Septic Shock,2,Ambulance,Clear / Mild,126,85,114,86,29,38.4,8,51,22.8,0,,1,4.2,17,0,8,0
ADM-001775,PAT-00342,2026-08-17 17:32:28,2026-08-26 00:44:28,General Surgery,Acute Appendicitis / Laparotomy,3,Walk-In,Clear / Mild,75,98,100,74,17,36.9,0,105,8.3,0,,0,3.8,17,0,8,0
ADM-001776,PAT-01569,2026-08-17 17:32:28,2026-08-22 03:08:28,Cardiology,Acute Myocardial Infarction,3,Ambulance,Clear / Mild,74,98,94,77,16,36.6,2,67,4.4,0,,0,4.3,17,0,8,0
ADM-001777,PAT-01062,2026-08-17 19:32:28,2026-08-21 21:56:28,General Surgery,Acute Appendicitis / Laparotomy,4,Ambulance,Extreme Heat,94,96,93,74,16,36.7,2,233,4.1,0,,0,2.2,19,0,8,0
ADM-001778,PAT-00208,2026-08-17 19:32:28,2026-08-25 14:44:28,Neurology,Acute Ischemic Stroke,3,Walk-In,Extreme Heat,75,97,114,70,19,37.1,0,29,7.8,0,,0,5.0,19,0,8,0
ADM-001779,PAT-02368,2026-08-17 21:32:28,2026-08-22 14:20:28,Pulmonology,COPD Exacerbation,3,Walk-In,Clear / Mild,84,95,130,73,20,36.7,0,75,4.7,0,,1,4.6,21,0,8,0
ADM-001780,PAT-01064,2026-08-17 21:32:28,2026-08-24 11:56:28,ICU,Acute Renal Failure,3,Walk-In,Clear / Mild,83,98,136,84,16,36.5,0,78,6.6,0,,1,4.0,21,0,8,0
ADM-001781,PAT-00699,2026-08-17 21:32:28,2026-09-04 14:20:28,ICU,Sepsis / Septic Shock,1,Ambulance,Clear / Mild,155,86,204,80,23,38.8,13,23,17.7,0,,1,5.0,21,0,8,0
ADM-001782,PAT-02108,2026-08-17 21:32:28,2026-08-23 09:32:28,Cardiology,Acute Myocardial Infarction,3,Walk-In,Clear / Mild,71,96,102,77,11,37.2,0,92,5.5,0,,1,4.6,21,0,8,0
ADM-001783,PAT-00352,2026-08-17 21:32:28,2026-08-23 21:32:28,ICU,Diabetic Ketoacidosis (DKA),3,Helicopter EMS,Clear / Mild,66,99,137,90,18,36.9,0,117,6.0,0,,1,3.7,21,0,8,0
ADM-001784,PAT-00808,2026-08-17 23:32:28,2026-08-25 04:20:28,Orthopedics,Multiple Trauma / Fracture,3,Ambulance,Clear / Mild,81,99,117,73,15,36.3,0,94,7.2,0,,1,4.6,23,0,8,0
ADM-001785,PAT-02447,2026-08-18 01:32:28,2026-08-29 01:32:28,Cardiology,Congestive Heart Failure,2,Walk-In,Clear / Mild,126,91,182,76,17,38.7,9,9,11.0,0,,0,5.0,1,1,8,0
ADM-001786,PAT-01309,2026-08-18 01:32:28,2026-08-26 13:32:28,ICU,Diabetic Ketoacidosis (DKA),2,Ambulance,Clear / Mild,110,86,143,59,23,37.8,3,13,8.5,0,,1,5.0,1,1,8,0
ADM-001787,PAT-01940,2026-08-18 03:32:28,2026-08-23 17:56:28,ICU,Diabetic Ketoacidosis (DKA),2,Walk-In,Clear / Mild,112,92,116,100,29,38.9,8,14,5.6,0,,0,5.0,3,1,8,0
ADM-001788,PAT-01246,2026-08-18 03:32:28,2026-08-21 05:56:28,Pediatrics,Pediatric Bronchiolitis / Asthma,3,Walk-In,Clear / Mild,99,100,148,80,14,35.8,0,44,3.1,0,,0,4.2,3,1,8,0
ADM-001789,PAT-00421,2026-08-18 05:32:28,2026-08-31 19:56:28,ICU,Acute Renal Failure,2,Ambulance,Clear / Mild,103,91,156,94,29,38.0,6,28,13.6,0,,0,5.0,5,1,8,0
ADM-001790,PAT-00463,2026-08-18 07:32:28,2026-08-22 09:56:28,Pulmonology,Severe Pneumonia / ARDS,3,Walk-In,Clear / Mild,66,97,137,87,12,36.5,0,43,4.1,0,,1,4.5,7,1,8,0
ADM-001791,PAT-02103,2026-08-18 07:32:28,2026-08-24 14:44:28,Pulmonology,COPD Exacerbation,4,Walk-In,Clear / Mild,75,97,140,78,15,37.0,0,13,6.3,0,,0,5.0,7,1,8,0
ADM-001792,PAT-00496,2026-08-18 09:32:28,2026-09-02 14:20:28,Pulmonology,Severe Pneumonia / ARDS,5,Walk-In,Clear / Mild,102,100,103,65,13,36.9,0,132,15.2,0,,1,2.3,9,1,8,0
ADM-001793,PAT-00495,2026-08-18 09:32:28,2026-09-16 16:44:28,ICU,Sepsis / Septic Shock,2,Walk-In,Clear / Mild,135,87,141,101,30,38.0,8,27,29.3,0,,1,4.9,9,1,8,0
ADM-001794,PAT-00176,2026-08-18 09:32:28,2026-08-27 19:08:28,ICU,Sepsis / Septic Shock,1,Ambulance,Clear / Mild,114,88,121,103,28,39.0,14,12,9.4,0,,0,4.9,9,1,8,0
ADM-001795,PAT-01786,2026-08-18 09:32:28,2026-08-21 09:32:28,Pediatrics,Pediatric Bronchiolitis / Asthma,5,Walk-In,Clear / Mild,70,96,104,75,19,36.6,0,36,3.0,0,,0,4.4,9,1,8,0
ADM-001796,PAT-01652,2026-08-18 09:32:28,2026-08-26 16:44:28,Pulmonology,COPD Exacerbation,4,Walk-In,Clear / Mild,52,98,151,54,13,35.7,0,147,8.3,0,,0,3.5,9,1,8,0
ADM-001797,PAT-00765,2026-08-18 11:32:28,2026-08-22 11:32:28,Pediatrics,Pediatric Bronchiolitis / Asthma,3,Ambulance,Clear / Mild,78,97,140,75,14,36.5,0,52,4.0,0,,0,5.0,11,1,8,0
ADM-001798,PAT-01340,2026-08-18 11:32:28,2026-08-22 16:20:28,Pediatrics,Pediatric Bronchiolitis / Asthma,5,Physician Referral,Clear / Mild,93,98,120,77,13,36.5,0,61,4.2,0,,0,4.5,11,1,8,0
ADM-001799,PAT-01119,2026-08-18 11:32:28,2026-08-28 09:08:28,General Surgery,Gastrointestinal Hemorrhage,3,Walk-In,Clear / Mild,79,100,144,85,18,36.4,0,82,9.9,0,,0,3.8,11,1,8,0
ADM-001800,PAT-01284,2026-08-18 11:32:28,2026-08-27 21:08:28,Neurology,Acute Ischemic Stroke,3,Ambulance,Clear / Mild,74,99,141,75,14,36.9,0,88,9.4,0,,0,3.8,11,1,8,0
ADM-001801,PAT-00105,2026-08-18 11:32:28,2026-08-25 04:20:28,Cardiology,Congestive Heart Failure,2,Walk-In,Clear / Mild,117,90,131,83,22,37.1,5,32,6.7,0,,0,5.0,11,1,8,0
ADM-001802,PAT-00563,2026-08-18 11:32:28,2026-09-03 01:56:28,Neurology,Acute Ischemic Stroke,2,Walk-In,Clear / Mild,113,86,169,102,27,39.8,12,45,15.6,0,,0,4.8,11,1,8,0
ADM-001803,PAT-00700,2026-08-18 11:32:28,2026-08-26 13:56:28,Neurology,Acute Ischemic Stroke,2,Walk-In,Clear / Mild,89,92,149,101,35,38.1,4,31,8.1,0,,0,3.8,11,1,8,0
ADM-001804,PAT-00514,2026-08-18 13:32:28,2026-09-03 11:08:28,ICU,Sepsis / Septic Shock,2,Ambulance,High Smog / Poor AQI,105,90,89,73,26,39.4,10,40,15.9,0,,0,4.2,13,1,8,0
ADM-001805,PAT-01617,2026-08-18 13:32:28,2026-09-01 20:44:28,ICU,Sepsis / Septic Shock,2,Walk-In,High Smog / Poor AQI,135,85,162,84,27,38.5,10,35,14.3,0,,1,4.8,13,1,8,0
ADM-001806,PAT-00995,2026-08-18 13:32:28,2026-08-28 01:32:28,ICU,Sepsis / Septic Shock,1,Ambulance,High Smog / Poor AQI,115,88,153,97,21,38.1,9,17,9.5,0,,0,4.7,13,1,8,0
ADM-001807,PAT-01037,2026-08-18 13:32:28,2026-08-26 01:32:28,ICU,Sepsis / Septic Shock,1,Helicopter EMS,High Smog / Poor AQI,131,92,129,93,29,38.3,10,14,7.5,0,,0,4.9,13,1,8,0
ADM-001808,PAT-01942,2026-08-18 13:32:28,2026-08-29 18:20:28,Orthopedics,Multiple Trauma / Fracture,3,Ambulance,High Smog / Poor AQI,88,97,132,51,18,36.7,0,46,11.2,0,,0,4.9,13,1,8,0
ADM-001809,PAT-02417,2026-08-18 15:32:28,2026-09-01 05:56:28,ICU,Diabetic Ketoacidosis (DKA),2,Ambulance,Rain / Storm,125,92,144,75,30,38.6,8,22,13.6,0,,0,5.0,15,1,8,0
ADM-001810,PAT-01619,2026-08-18 15:32:28,2026-08-22 08:20:28,General Surgery,Acute Appendicitis / Laparotomy,3,Physician Referral,Rain / Storm,94,100,122,71,17,36.7,0,69,3.7,0,,0,4.8,15,1,8,0
ADM-001811,PAT-02045,2026-08-18 15:32:28,2026-08-25 20:20:28,General Surgery,Acute Appendicitis / Laparotomy,5,Walk-In,Rain / Storm,69,98,115,75,15,37.1,0,109,7.2,0,,0,4.5,15,1,8,0
ADM-001812,PAT-01197,2026-08-18 17:32:28,2026-08-27 00:44:28,General Surgery,Gastrointestinal Hemorrhage,2,Walk-In,Clear / Mild,134,79,145,90,29,38.3,8,41,8.3,0,,0,5.0,17,1,8,0
ADM-001813,PAT-00147,2026-08-18 17:32:28,2026-08-25 03:08:28,Pulmonology,COPD Exacerbation,5,Walk-In,Clear / Mild,88,95,157,88,16,36.5,0,74,6.4,0,,0,4.4,17,1,8,0
ADM-001814,PAT-02451,2026-08-18 17:32:28,2026-08-24 05:32:28,General Surgery,Gastrointestinal Hemorrhage,3,Physician Referral,Clear / Mild,96,97,129,66,15,37.0,0,77,5.5,0,,0,4.8,17,1,8,0
ADM-001815,PAT-00564,2026-08-18 19:32:28,2026-08-23 09:56:28,Pulmonology,COPD Exacerbation,3,Walk-In,Rain / Storm,95,99,124,57,21,36.8,0,55,4.6,0,,0,4.6,19,1,8,0
ADM-001816,PAT-02179,2026-08-18 21:32:28,2026-08-24 19:08:28,Pediatrics,Pediatric Bronchiolitis / Asthma,4,Ambulance,Clear / Mild,86,98,110,82,16,36.9,0,98,5.9,0,,0,3.6,21,1,8,0
ADM-001817,PAT-01780,2026-08-18 21:32:28,2026-08-27 23:56:28,General Surgery,Gastrointestinal Hemorrhage,3,Ambulance,Clear / Mild,89,97,121,98,16,36.8,0,50,9.1,0,,0,4.4,21,1,8,0
ADM-001818,PAT-02257,2026-08-18 21:32:28,2026-08-23 09:32:28,Pulmonology,COPD Exacerbation,4,Walk-In,Clear / Mild,84,99,139,71,11,36.9,0,110,4.5,0,,0,4.7,21,1,8,0
ADM-001819,PAT-02259,2026-08-18 21:32:28,2026-08-30 23:56:28,ICU,Sepsis / Septic Shock,2,Walk-In,Clear / Mild,124,86,110,83,23,36.9,5,15,12.1,0,,1,5.0,21,1,8,0
ADM-001820,PAT-01562,2026-08-18 21:32:28,2026-08-26 21:32:28,ICU,Acute Renal Failure,2,Ambulance,Clear / Mild,131,84,148,85,28,36.2,8,54,8.0,0,,1,4.6,21,1,8,0
ADM-001821,PAT-01882,2026-08-18 21:32:28,2026-08-26 04:44:28,ICU,Diabetic Ketoacidosis (DKA),3,Walk-In,Clear / Mild,87,97,82,87,17,37.4,2,91,7.3,0,,0,4.3,21,1,8,0
ADM-001822,PAT-00163,2026-08-18 23:32:28,2026-08-30 13:56:28,Pulmonology,Severe Pneumonia / ARDS,3,Ambulance,High Smog / Poor AQI,92,98,122,64,18,37.2,0,85,11.6,0,,0,5.0,23,1,8,0
ADM-001823,PAT-00947,2026-08-19 03:32:28,2026-08-29 03:32:28,Cardiology,Congestive Heart Failure,2,Ambulance,Rain / Storm,115,86,102,102,29,37.5,8,31,10.0,0,,0,5.0,3,2,8,0
ADM-001824,PAT-00290,2026-08-19 03:32:28,2026-08-31 22:44:28,Cardiology,Congestive Heart Failure,3,Ambulance,Rain / Storm,87,99,94,87,15,36.7,2,38,12.8,0,,0,5.0,3,2,8,0
ADM-001825,PAT-00784,2026-08-19 05:32:28,2026-08-23 05:32:28,Pulmonology,COPD Exacerbation,3,Ambulance,Rain / Storm,62,99,128,79,14,37.0,0,100,4.0,0,,0,4.8,5,2,8,0
ADM-001826,PAT-01923,2026-08-19 07:32:28,2026-09-02 17:08:28,ICU,Acute Renal Failure,2,Walk-In,Clear / Mild,121,90,138,88,22,37.6,5,63,14.4,0,,1,4.8,7,2,8,0
ADM-001827,PAT-02288,2026-08-19 07:32:28,2026-08-22 17:08:28,ICU,Diabetic Ketoacidosis (DKA),3,Helicopter EMS,Clear / Mild,69,98,106,80,15,36.1,0,104,3.4,0,,0,4.3,7,2,8,0
ADM-001828,PAT-02367,2026-08-19 07:32:28,2026-08-24 17:08:28,Pediatrics,Pediatric Bronchiolitis / Asthma,4,Physician Referral,Clear / Mild,75,96,121,89,19,37.0,0,96,5.4,0,,0,3.9,7,2,8,0
ADM-001829,PAT-01548,2026-08-19 09:32:28,2026-08-28 23:56:28,ICU,Diabetic Ketoacidosis (DKA),2,Physician Referral,Clear / Mild,133,86,154,68,33,37.3,8,27,9.6,0,,1,4.8,9,2,8,0
ADM-001830,PAT-00290,2026-08-19 09:32:28,2026-08-30 04:44:28,Neurology,Acute Ischemic Stroke,2,Walk-In,Clear / Mild,96,92,168,85,23,38.1,3,51,10.8,0,,0,4.7,9,2,8,0
ADM-001831,PAT-00299,2026-08-19 11:32:28,2026-08-23 18:44:28,Pediatrics,Pediatric Bronchiolitis / Asthma,4,Walk-In,Clear / Mild,61,99,138,84,13,37.0,0,170,4.3,0,,0,3.6,11,2,8,0
ADM-001832,PAT-01471,2026-08-19 11:32:28,2026-08-28 13:56:28,Pulmonology,Severe Pneumonia / ARDS,4,Walk-In,Clear / Mild,68,97,138,81,13,37.5,0,157,9.1,0,,0,4.0,11,2,8,0
ADM-001833,PAT-01364,2026-08-19 11:32:28,2026-08-27 01:56:28,Pulmonology,COPD Exacerbation,3,Ambulance,Clear / Mild,66,98,130,65,13,37.1,0,118,7.6,0,,0,4.3,11,2,8,0
ADM-001834,PAT-00142,2026-08-19 11:32:28,2026-08-28 11:32:28,General Surgery,Gastrointestinal Hemorrhage,2,Walk-In,Clear / Mild,87,89,172,88,26,37.9,8,64,9.0,0,,0,5.0,11,2,8,0
ADM-001835,PAT-00853,2026-08-19 13:32:28,2026-08-28 23:08:28,ICU,Acute Renal Failure,3,Walk-In,Clear / Mild,56,99,136,75,16,37.2,0,26,9.4,0,,0,5.0,13,2,8,0
ADM-001836,PAT-00408,2026-08-19 13:32:28,2026-08-30 15:56:28,Cardiology,Acute Myocardial Infarction,2,Walk-In,Clear / Mild,144,90,149,103,28,37.9,8,59,11.1,0,,0,4.3,13,2,8,0
ADM-001837,PAT-00944,2026-08-19 13:32:28,2026-08-22 18:20:28,Orthopedics,Multiple Trauma / Fracture,3,Ambulance,Clear / Mild,74,96,113,70,17,37.0,0,76,3.2,0,,0,4.5,13,2,8,0
ADM-001838,PAT-01373,2026-08-19 15:32:28,2026-08-26 03:32:28,General Surgery,Gastrointestinal Hemorrhage,2,Walk-In,Clear / Mild,134,89,184,91,27,37.9,10,30,6.5,0,,0,4.8,15,2,8,0
ADM-001839,PAT-00584,2026-08-19 17:32:28,2026-09-14 15:08:28,ICU,Sepsis / Septic Shock,1,Helicopter EMS,Freezing / Snow,130,87,198,94,18,38.2,11,7,25.9,0,,1,5.0,17,2,8,0
ADM-001840,PAT-02058,2026-08-19 17:32:28,2026-08-24 03:08:28,General Surgery,Acute Appendicitis / Laparotomy,5,Physician Referral,Freezing / Snow,65,96,112,72,13,36.5,0,138,4.4,0,,0,4.0,17,2,8,0
ADM-001841,PAT-00814,2026-08-19 17:32:28,2026-09-03 22:20:28,ICU,Acute Renal Failure,2,Ambulance,Freezing / Snow,141,93,171,89,26,38.1,8,55,15.2,0,,0,4.6,17,2,8,0
ADM-001842,PAT-00574,2026-08-19 17:32:28,2026-08-29 10:20:28,ICU,Diabetic Ketoacidosis (DKA),2,Walk-In,Freezing / Snow,125,89,153,100,29,37.2,8,35,9.7,0,,0,4.4,17,2,8,0
ADM-001843,PAT-02336,2026-08-19 19:32:28,2026-09-08 07:32:28,Neurology,Acute Ischemic Stroke,2,Ambulance,Clear / Mild,98,90,157,99,27,38.8,8,31,19.5,0,,0,4.7,19,2,8,0
ADM-001844,PAT-01312,2026-08-19 19:32:28,2026-09-20 19:32:28,ICU,Sepsis / Septic Shock,2,Walk-In,Clear / Mild,112,89,168,116,23,37.6,7,23,32.0,0,,0,4.5,19,2,8,0
ADM-001845,PAT-01808,2026-08-19 19:32:28,2026-08-26 05:08:28,General Surgery,Gastrointestinal Hemorrhage,2,Ambulance,Clear / Mild,117,86,117,89,21,37.8,5,54,6.4,0,,1,5.0,19,2,8,0
ADM-001846,PAT-00891,2026-08-19 21:32:28,2026-09-11 09:32:28,Cardiology,Congestive Heart Failure,2,Ambulance,Extreme Heat,108,90,171,92,23,38.5,5,40,22.5,0,,0,4.8,21,2,8,0
ADM-001847,PAT-00978,2026-08-19 21:32:28,2026-08-22 07:08:28,Cardiology,Congestive Heart Failure,3,Physician Referral,Extreme Heat,66,94,109,90,12,37.0,1,46,2.4,0,,0,5.0,21,2,8,0
ADM-001848,PAT-00987,2026-08-19 23:32:28,2026-09-01 18:44:28,Cardiology,Acute Myocardial Infarction,3,Ambulance,Clear / Mild,94,100,120,73,13,36.7,0,33,12.8,0,,1,5.0,23,2,8,0
ADM-001849,PAT-02382,2026-08-19 23:32:28,2026-08-24 11:32:28,Pulmonology,Severe Pneumonia / ARDS,4,Walk-In,Clear / Mild,78,95,116,80,17,37.0,0,205,4.5,0,,0,3.0,23,2,8,0
ADM-001850,PAT-00077,2026-08-20 03:32:28,2026-09-04 05:56:28,Neurology,Acute Ischemic Stroke,3,Walk-In,Clear / Mild,71,96,121,69,14,36.9,0,90,15.1,0,,0,4.7,3,3,8,0
ADM-001851,PAT-00154,2026-08-20 05:32:28,2026-08-25 15:08:28,Cardiology,Acute Myocardial Infarction,2,Walk-In,Rain / Storm,138,87,148,71,36,39.4,10,21,5.4,0,,0,5.0,5,3,8,0
ADM-001852,PAT-01036,2026-08-20 05:32:28,2026-09-02 12:44:28,Cardiology,Acute Myocardial Infarction,2,Walk-In,Rain / Storm,142,87,169,109,32,36.6,10,41,13.3,0,,1,4.6,5,3,8,0
ADM-001853,PAT-01073,2026-08-20 05:32:28,2026-08-26 22:20:28,Orthopedics,Multiple Trauma / Fracture,3,Ambulance,Rain / Storm,53,94,152,83,16,36.9,1,48,6.7,0,,0,4.9,5,3,8,0
ADM-001854,PAT-01826,2026-08-20 05:32:28,2026-08-29 19:56:28,ICU,Acute Renal Failure,3,Walk-In,Rain / Storm,80,98,107,89,15,37.2,0,101,9.6,0,,0,4.2,5,3,8,0
ADM-001855,PAT-01154,2026-08-20 05:32:28,2026-08-22 00:44:28,Pediatrics,Pediatric Bronchiolitis / Asthma,4,Walk-In,Rain / Storm,64,96,123,91,19,35.9,0,188,1.8,0,,0,3.2,5,3,8,0
ADM-001856,PAT-00045,2026-08-20 05:32:28,2026-08-29 12:44:28,Neurology,Acute Ischemic Stroke,3,Physician Referral,Rain / Storm,91,97,123,78,14,37.0,0,4,9.3,0,,0,5.0,5,3,8,0
ADM-001857,PAT-01276,2026-08-20 05:32:28,2026-08-29 22:20:28,ICU,Acute Renal Failure,2,Walk-In,Rain / Storm,102,83,107,112,23,38.7,5,46,9.7,0,,1,5.0,5,3,8,0
ADM-001858,PAT-01252,2026-08-20 05:32:28,2026-09-02 19:56:28,ICU,Sepsis / Septic Shock,1,Ambulance,Rain / Storm,115,90,197,115,29,39.6,16,12,13.6,0,,1,5.0,5,3,8,0
ADM-001859,PAT-01619,2026-08-20 07:32:28,2026-08-24 02:44:28,Cardiology,Acute Myocardial Infarction,2,Ambulance,Clear / Mild,160,89,142,93,24,37.7,5,37,3.8,0,,1,5.0,7,3,8,0
ADM-001860,PAT-00500,2026-08-20 07:32:28,2026-08-27 05:08:28,Neurology,Acute Ischemic Stroke,2,Walk-In,Clear / Mild,72,89,126,86,27,37.9,6,33,6.9,0,,0,4.7,7,3,8,0
ADM-001861,PAT-00546,2026-08-20 09:32:28,2026-08-28 07:08:28,Cardiology,Acute Myocardial Infarction,3,Ambulance,Clear / Mild,66,97,130,91,13,36.6,0,28,7.9,0,,0,5.0,9,3,8,0
ADM-001862,PAT-00524,2026-08-20 09:32:28,2026-09-02 14:20:28,ICU,Acute Renal Failure,2,Physician Referral,Clear / Mild,99,88,147,81,17,38.0,3,40,13.2,0,,0,5.0,9,3,8,0
ADM-001863,PAT-01902,2026-08-20 11:32:28,2026-08-31 09:08:28,ICU,Sepsis / Septic Shock,2,Walk-In,Extreme Heat,119,86,129,107,31,39.2,10,46,10.9,0,,0,5.0,11,3,8,0
ADM-001864,PAT-00315,2026-08-20 11:32:28,2026-08-31 23:32:28,General Surgery,Gastrointestinal Hemorrhage,2,Ambulance,Extreme Heat,120,92,150,101,30,37.4,6,40,11.5,0,,0,5.0,11,3,8,0
ADM-001865,PAT-02291,2026-08-20 11:32:28,2026-08-31 01:56:28,Pediatrics,Pediatric Bronchiolitis / Asthma,4,Ambulance,Extreme Heat,93,96,122,61,15,36.9,0,117,10.6,0,,0,4.4,11,3,8,0
ADM-001866,PAT-01860,2026-08-20 11:32:28,2026-08-24 09:08:28,General Surgery,Acute Appendicitis / Laparotomy,3,Ambulance,Extreme Heat,69,97,113,80,18,36.8,0,76,3.9,0,,0,3.8,11,3,8,0
ADM-001867,PAT-00892,2026-08-20 13:32:28,2026-08-30 11:08:28,ICU,Diabetic Ketoacidosis (DKA),2,Ambulance,Extreme Heat,150,91,134,101,30,39.3,10,13,9.9,0,,1,4.6,13,3,8,0
ADM-001868,PAT-00873,2026-08-20 13:32:28,2026-08-23 08:44:28,Pediatrics,Pediatric Bronchiolitis / Asthma,4,Walk-In,Extreme Heat,99,98,130,69,17,36.4,0,185,2.8,0,,0,3.2,13,3,8,0
ADM-001869,PAT-01870,2026-08-20 13:32:28,2026-08-28 11:08:28,ICU,Acute Renal Failure,3,Walk-In,Extreme Heat,91,97,137,74,16,37.7,0,63,7.9,0,,0,4.7,13,3,8,0
ADM-001870,PAT-01952,2026-08-20 13:32:28,2026-09-07 08:44:28,Neurology,Acute Ischemic Stroke,2,Walk-In,Extreme Heat,112,85,201,88,18,38.3,7,34,17.8,0,,0,5.0,13,3,8,0
ADM-001871,PAT-01307,2026-08-20 13:32:28,2026-08-27 23:08:28,Pulmonology,COPD Exacerbation,4,Walk-In,Extreme Heat,76,98,133,76,21,37.2,0,111,7.4,0,,0,4.0,13,3,8,0
ADM-001872,PAT-01869,2026-08-20 15:32:28,2026-08-26 20:20:28,General Surgery,Gastrointestinal Hemorrhage,2,Walk-In,Extreme Heat,84,90,140,114,26,36.6,6,18,6.2,0,,0,5.0,15,3,8,0
ADM-001873,PAT-00126,2026-08-20 15:32:28,2026-08-28 13:08:28,General Surgery,Acute Appendicitis / Laparotomy,5,Ambulance,Extreme Heat,109,100,125,72,18,37.1,0,38,7.9,0,,0,4.8,15,3,8,0
ADM-001874,PAT-01277,2026-08-20 15:32:28,2026-08-26 17:56:28,General Surgery,Gastrointestinal Hemorrhage,3,Walk-In,Extreme Heat,82,97,124,86,15,37.1,0,60,6.1,0,,0,5.0,15,3,8,0
ADM-001875,PAT-01985,2026-08-20 17:32:28,2026-08-28 19:56:28,Pulmonology,COPD Exacerbation,4,Ambulance,Clear / Mild,83,99,128,73,23,37.3,0,106,8.1,0,,0,4.5,17,3,8,0
ADM-001876,PAT-00435,2026-08-20 17:32:28,2026-08-26 22:20:28,ICU,Diabetic Ketoacidosis (DKA),3,Walk-In,Clear / Mild,74,99,108,68,17,36.9,0,65,6.2,0,,0,4.2,17,3,8,0
ADM-001877,PAT-00575,2026-08-20 17:32:28,2026-09-07 19:56:28,Cardiology,Acute Myocardial Infarction,2,Walk-In,Clear / Mild,124,84,120,88,29,38.9,10,21,18.1,0,,1,5.0,17,3,8,0
ADM-001878,PAT-00784,2026-08-20 17:32:28,2026-09-02 05:32:28,Neurology,Acute Ischemic Stroke,2,Walk-In,Clear / Mild,143,95,160,126,29,39.2,7,16,12.5,0,,0,5.0,17,3,8,0
ADM-001879,PAT-01296,2026-08-20 17:32:28,2026-08-27 07:56:28,Pulmonology,Severe Pneumonia / ARDS,3,Walk-In,Clear / Mild,80,97,97,68,15,37.1,0,54,6.6,0,,0,4.7,17,3,8,0
ADM-001880,PAT-01723,2026-08-20 17:32:28,2026-08-24 03:08:28,General Surgery,Acute Appendicitis / Laparotomy,3,Physician Referral,Clear / Mild,78,99,124,64,13,37.0,0,73,3.4,0,,0,4.4,17,3,8,0
ADM-001881,PAT-00306,2026-08-20 17:32:28,2026-08-26 00:44:28,Pulmonology,COPD Exacerbation,3,Ambulance,Clear / Mild,84,97,119,70,17,36.7,0,73,5.3,0,,0,4.8,17,3,8,0
ADM-001882,PAT-00226,2026-08-20 17:32:28,2026-09-09 17:32:28,ICU,Acute Renal Failure,3,Walk-In,Clear / Mild,93,95,110,82,13,36.7,0,43,20.0,0,,0,5.0,17,3,8,0
ADM-001883,PAT-00898,2026-08-20 19:32:28,2026-09-10 12:20:28,ICU,Acute Renal Failure,2,Walk-In,Rain / Storm,163,81,170,66,34,38.8,12,47,20.7,0,,0,4.3,19,3,8,0
ADM-001884,PAT-00148,2026-08-20 19:32:28,2026-08-23 05:08:28,General Surgery,Acute Appendicitis / Laparotomy,4,Physician Referral,Rain / Storm,81,98,146,94,14,37.2,0,152,2.4,0,,0,3.7,19,3,8,0
ADM-001885,PAT-01693,2026-08-20 19:32:28,2026-08-26 02:44:28,General Surgery,Acute Appendicitis / Laparotomy,3,Physician Referral,Rain / Storm,106,98,135,76,14,36.8,0,37,5.3,0,,0,4.8,19,3,8,0
ADM-001886,PAT-02204,2026-08-20 19:32:28,2026-08-22 14:44:28,Pediatrics,Pediatric Bronchiolitis / Asthma,5,Walk-In,Rain / Storm,86,97,122,80,16,37.3,0,57,1.8,0,,0,4.1,19,3,8,0
ADM-001887,PAT-00555,2026-08-20 19:32:28,2026-09-02 07:32:28,Cardiology,Congestive Heart Failure,3,Walk-In,Rain / Storm,89,95,125,93,15,37.0,0,89,12.5,0,,1,4.7,19,3,8,0
ADM-001888,PAT-00038,2026-08-20 21:32:28,2026-08-30 16:44:28,Pulmonology,Severe Pneumonia / ARDS,3,Ambulance,Rain / Storm,84,100,117,69,14,36.6,0,48,9.8,0,,0,4.2,21,3,8,0
ADM-001889,PAT-00279,2026-08-20 21:32:28,2026-09-04 21:32:28,Cardiology,Congestive Heart Failure,3,Walk-In,Rain / Storm,75,97,96,84,19,36.5,0,108,15.0,0,,1,4.0,21,3,8,0
ADM-001890,PAT-01817,2026-08-20 21:32:28,2026-08-29 04:44:28,Pulmonology,COPD Exacerbation,4,Walk-In,Rain / Storm,80,98,124,65,13,36.5,0,138,8.3,0,,1,4.2,21,3,8,0
ADM-001891,PAT-01145,2026-08-20 21:32:28,2026-08-28 11:56:28,Cardiology,Congestive Heart Failure,3,Walk-In,Rain / Storm,71,97,145,76,14,36.8,0,66,7.6,0,,0,5.0,21,3,8,0
ADM-001892,PAT-01273,2026-08-20 21:32:28,2026-08-24 23:56:28,ICU,Diabetic Ketoacidosis (DKA),2,Walk-In,Rain / Storm,108,90,168,108,20,37.6,5,28,4.1,0,,0,4.9,21,3,8,0
ADM-001893,PAT-01776,2026-08-21 01:32:28,2026-08-28 06:20:28,ICU,Sepsis / Septic Shock,2,Walk-In,Clear / Mild,129,85,165,105,29,38.6,12,24,7.2,0,,0,4.2,1,4,8,0
ADM-001894,PAT-01060,2026-08-21 03:32:28,2026-08-25 13:08:28,Pediatrics,Pediatric Bronchiolitis / Asthma,4,Walk-In,Clear / Mild,63,97,131,69,14,37.3,0,69,4.4,0,,1,4.1,3,4,8,0
ADM-001895,PAT-00482,2026-08-21 05:32:28,2026-08-25 22:20:28,ICU,Diabetic Ketoacidosis (DKA),2,Ambulance,Clear / Mild,106,97,164,82,19,38.3,2,32,4.7,0,,0,5.0,5,4,8,0
ADM-001896,PAT-00644,2026-08-21 05:32:28,2026-08-26 05:32:28,Pulmonology,COPD Exacerbation,3,Walk-In,Clear / Mild,75,96,127,87,12,36.8,0,123,5.0,0,,0,3.4,5,4,8,0
ADM-001897,PAT-01204,2026-08-21 05:32:28,2026-09-13 17:32:28,Neurology,Acute Ischemic Stroke,3,Walk-In,Clear / Mild,88,97,119,75,13,36.6,0,39,23.5,0,,1,5.0,5,4,8,0
ADM-001898,PAT-01541,2026-08-21 07:32:28,2026-08-31 09:56:28,ICU,Acute Renal Failure,2,Walk-In,Clear / Mild,82,85,148,96,30,38.4,6,28,10.1,0,,0,5.0,7,4,8,0
ADM-001899,PAT-01978,2026-08-21 07:32:28,2026-09-07 17:08:28,ICU,Acute Renal Failure,3,Ambulance,Clear / Mild,79,99,120,77,15,37.3,0,81,17.4,0,,0,3.8,7,4,8,0
ADM-001900,PAT-00876,2026-08-21 09:32:28,2026-09-08 21:32:28,ICU,Acute Renal Failure,3,Walk-In,Clear / Mild,106,99,118,56,16,36.9,0,121,18.5,0,,0,3.7,9,4,8,0
ADM-001901,PAT-02103,2026-08-21 09:32:28,2026-08-28 02:20:28,Cardiology,Congestive Heart Failure,3,Walk-In,Clear / Mild,66,100,143,83,16,36.5,0,52,6.7,0,,0,4.7,9,4,8,0
ADM-001902,PAT-02049,2026-08-21 09:32:28,2026-08-25 04:44:28,Pediatrics,Pediatric Bronchiolitis / Asthma,4,Walk-In,Clear / Mild,80,99,129,81,17,37.0,0,188,3.8,0,,0,3.5,9,4,8,0
ADM-001903,PAT-00659,2026-08-21 09:32:28,2026-08-27 11:56:28,Pulmonology,Severe Pneumonia / ARDS,3,Walk-In,Clear / Mild,71,96,99,69,14,36.6,0,79,6.1,0,,0,5.0,9,4,8,0
ADM-001904,PAT-00432,2026-08-21 09:32:28,2026-08-28 23:56:28,ICU,Acute Renal Failure,2,Walk-In,Clear / Mild,122,96,138,90,25,39.3,7,33,7.6,0,,0,5.0,9,4,8,0
ADM-001905,PAT-01004,2026-08-21 11:32:28,2026-08-29 01:56:28,ICU,Sepsis / Septic Shock,1,Helicopter EMS,High Smog / Poor AQI,141,85,158,89,24,38.9,11,13,7.6,0,,0,4.8,11,4,8,0
ADM-001906,PAT-01523,2026-08-21 11:32:28,2026-08-29 09:08:28,Cardiology,Congestive Heart Failure,2,Walk-In,High Smog / Poor AQI,104,93,184,122,24,38.6,5,40,7.9,0,,0,5.0,11,4,8,0
ADM-001907,PAT-02436,2026-08-21 11:32:28,2026-09-07 01:56:28,Cardiology,Congestive Heart Failure,3,Walk-In,High Smog / Poor AQI,83,98,106,96,15,35.7,0,92,16.6,0,,1,3.1,11,4,8,0
ADM-001908,PAT-01111,2026-08-21 11:32:28,2026-08-28 09:08:28,Neurology,Acute Ischemic Stroke,3,Walk-In,High Smog / Poor AQI,78,95,126,83,16,36.5,0,83,6.9,0,,1,4.8,11,4,8,0
ADM-001909,PAT-00634,2026-08-21 11:32:28,2026-08-27 09:08:28,Pulmonology,COPD Exacerbation,5,Ambulance,High Smog / Poor AQI,71,97,148,77,13,36.4,0,103,5.9,0,,0,4.0,11,4,8,0
ADM-001910,PAT-00117,2026-08-21 11:32:28,2026-08-28 16:20:28,General Surgery,Gastrointestinal Hemorrhage,2,Walk-In,High Smog / Poor AQI,92,89,176,85,28,38.4,8,25,7.2,0,,0,5.0,11,4,8,0
ADM-001911,PAT-00635,2026-08-21 11:32:28,2026-08-25 06:44:28,Neurology,Acute Ischemic Stroke,2,Ambulance,High Smog / Poor AQI,139,82,179,100,28,39.7,12,41,3.8,0,,0,5.0,11,4,8,0
ADM-001912,PAT-00273,2026-08-21 11:32:28,2026-09-03 11:32:28,Cardiology,Congestive Heart Failure,2,Physician Referral,High Smog / Poor AQI,111,93,162,98,25,38.1,8,44,13.0,0,,1,4.2,11,4,8,0
ADM-001913,PAT-01554,2026-08-21 13:32:28,2026-08-27 06:20:28,Cardiology,Acute Myocardial Infarction,2,Walk-In,Clear / Mild,134,87,132,105,27,37.5,8,49,5.7,0,,0,4.4,13,4,8,0
ADM-001914,PAT-02389,2026-08-21 13:32:28,2026-08-30 01:32:28,Neurology,Acute Ischemic Stroke,2,Walk-In,Clear / Mild,134,88,151,98,15,37.2,5,54,8.5,0,,0,4.8,13,4,8,0
ADM-001915,PAT-00724,2026-08-21 13:32:28,2026-09-08 08:44:28,Cardiology,Congestive Heart Failure,3,Walk-In,Clear / Mild,58,98,102,74,13,37.6,0,55,17.8,0,,1,4.0,13,4,8,0
ADM-001916,PAT-01737,2026-08-21 13:32:28,2026-08-23 03:56:28,General Surgery,Acute Appendicitis / Laparotomy,4,Physician Referral,Clear / Mild,97,98,123,91,16,36.9,0,114,1.6,0,,0,4.0,13,4,8,0
ADM-001917,PAT-00820,2026-08-21 15:32:28,2026-08-30 10:44:28,ICU,Diabetic Ketoacidosis (DKA),2,Walk-In,Clear / Mild,140,87,130,86,37,39.6,10,36,8.8,0,,0,4.9,15,4,8,0
ADM-001918,PAT-00492,2026-08-21 15:32:28,2026-08-30 05:56:28,Cardiology,Congestive Heart Failure,3,Walk-In,Clear / Mild,89,95,126,87,15,37.0,0,108,8.6,0,,0,3.8,15,4,8,0
ADM-001919,PAT-02339,2026-08-21 15:32:28,2026-08-27 13:08:28,General Surgery,Gastrointestinal Hemorrhage,3,Walk-In,Clear / Mild,87,96,107,89,11,36.5,0,82,5.9,0,,1,4.3,15,4,8,0
ADM-001920,PAT-00350,2026-08-21 15:32:28,2026-08-27 08:20:28,ICU,Diabetic Ketoacidosis (DKA),2,Ambulance,Clear / Mild,97,94,177,88,17,38.6,5,39,5.7,0,,0,5.0,15,4,8,0
ADM-001921,PAT-01298,2026-08-21 17:32:28,2026-08-25 00:44:28,ICU,Diabetic Ketoacidosis (DKA),3,Walk-In,Clear / Mild,86,97,118,77,14,37.4,0,54,3.3,0,,1,5.0,17,4,8,0
ADM-001922,PAT-01511,2026-08-21 17:32:28,2026-08-31 00:44:28,Cardiology,Acute Myocardial Infarction,2,Walk-In,Clear / Mild,117,96,135,81,22,38.8,4,54,9.3,0,,0,4.3,17,4,8,0
ADM-001923,PAT-01274,2026-08-21 17:32:28,2026-08-25 00:44:28,Cardiology,Acute Myocardial Infarction,2,Walk-In,Clear / Mild,126,83,129,111,31,38.7,10,33,3.3,0,,0,5.0,17,4,8,0
ADM-001924,PAT-02274,2026-08-21 17:32:28,2026-08-25 22:20:28,Pulmonology,COPD Exacerbation,4,Ambulance,Clear / Mild,73,95,125,78,14,37.4,0,97,4.2,0,,0,4.5,17,4,8,0
ADM-001925,PAT-01366,2026-08-21 19:32:28,2026-08-29 02:44:28,ICU,Acute Renal Failure,2,Walk-In,Rain / Storm,134,84,167,84,28,39.1,12,42,7.3,0,,0,5.0,19,4,8,0
ADM-001926,PAT-02031,2026-08-21 19:32:28,2026-08-26 21:56:28,Pulmonology,COPD Exacerbation,3,Walk-In,Rain / Storm,69,95,137,78,13,37.4,0,43,5.1,0,,0,4.5,19,4,8,0
ADM-001927,PAT-00361,2026-08-21 19:32:28,2026-08-24 12:20:28,Pediatrics,Pediatric Bronchiolitis / Asthma,4,Helicopter EMS,Rain / Storm,53,95,115,86,16,36.9,0,130,2.7,0,,0,2.8,19,4,8,0
ADM-001928,PAT-00868,2026-08-21 19:32:28,2026-08-29 02:44:28,Pulmonology,COPD Exacerbation,3,Ambulance,Rain / Storm,76,99,139,88,15,36.4,0,108,7.3,0,,0,4.5,19,4,8,0
ADM-001929,PAT-00539,2026-08-21 19:32:28,2026-09-15 14:44:28,Pulmonology,COPD Exacerbation,3,Ambulance,Rain / Storm,78,96,104,66,16,36.8,0,39,24.8,0,,1,4.3,19,4,8,0
ADM-001930,PAT-02002,2026-08-21 19:32:28,2026-08-24 21:56:28,General Surgery,Acute Appendicitis / Laparotomy,3,Ambulance,Rain / Storm,85,97,116,66,15,36.6,0,65,3.1,0,,0,4.7,19,4,8,0
ADM-001931,PAT-01600,2026-08-21 19:32:28,2026-08-30 00:20:28,Pulmonology,Severe Pneumonia / ARDS,4,Walk-In,Rain / Storm,72,95,135,69,13,36.8,0,127,8.2,0,,0,4.0,19,4,8,0
ADM-001932,PAT-00217,2026-08-21 21:32:28,2026-08-31 19:08:28,Cardiology,Acute Myocardial Infarction,2,Walk-In,Clear / Mild,108,91,127,91,23,39.1,5,28,9.9,0,,0,5.0,21,4,8,0
ADM-001933,PAT-02094,2026-08-21 21:32:28,2026-08-29 11:56:28,ICU,Sepsis / Septic Shock,1,Ambulance,Clear / Mild,117,89,145,89,32,38.0,12,11,7.6,0,,0,5.0,21,4,8,0
ADM-001934,PAT-01874,2026-08-21 21:32:28,2026-08-27 02:20:28,Pulmonology,COPD Exacerbation,4,Ambulance,Clear / Mild,80,98,121,78,14,36.9,0,221,5.2,0,,0,1.7,21,4,8,0
ADM-001935,PAT-02432,2026-08-21 21:32:28,2026-09-04 07:08:28,Neurology,Acute Ischemic Stroke,3,Ambulance,Clear / Mild,74,99,117,78,14,37.1,0,122,13.4,0,,0,3.6,21,4,8,0
ADM-001936,PAT-01556,2026-08-22 03:32:28,2026-08-29 10:44:28,Cardiology,Acute Myocardial Infarction,2,Walk-In,Rain / Storm,105,90,138,95,18,38.2,3,44,7.3,0,,1,4.3,3,5,8,1
ADM-001937,PAT-01042,2026-08-22 03:32:28,2026-08-28 03:32:28,Cardiology,Acute Myocardial Infarction,2,Ambulance,Rain / Storm,89,86,165,74,34,39.4,10,27,6.0,0,,0,4.8,3,5,8,1
ADM-001938,PAT-00812,2026-08-22 05:32:28,2026-08-26 07:56:28,Pediatrics,Pediatric Bronchiolitis / Asthma,3,Walk-In,High Smog / Poor AQI,70,98,116,86,15,36.7,0,54,4.1,0,,0,4.4,5,5,8,1
ADM-001939,PAT-02350,2026-08-22 05:32:28,2026-08-30 12:44:28,Pediatrics,Pediatric Bronchiolitis / Asthma,5,Ambulance,High Smog / Poor AQI,74,97,121,80,15,36.6,0,145,8.3,0,,0,3.6,5,5,8,1
ADM-001940,PAT-01036,2026-08-22 07:32:28,2026-08-27 17:08:28,General Surgery,Acute Appendicitis / Laparotomy,3,Ambulance,Clear / Mild,75,97,124,71,18,36.1,0,29,5.4,0,,0,4.9,7,5,8,1
ADM-001941,PAT-00558,2026-08-22 07:32:28,2026-08-28 14:44:28,Pulmonology,COPD Exacerbation,4,Helicopter EMS,Clear / Mild,66,96,107,83,14,36.9,0,155,6.3,0,,1,3.6,7,5,8,1
ADM-001942,PAT-00825,2026-08-22 09:32:28,2026-08-28 16:44:28,Cardiology,Congestive Heart Failure,3,Ambulance,Clear / Mild,51,96,126,73,17,36.2,0,137,6.3,0,,1,4.0,9,5,8,1
ADM-001943,PAT-01523,2026-08-22 09:32:28,2026-08-30 11:56:28,Cardiology,Acute Myocardial Infarction,3,Walk-In,Clear / Mild,59,98,112,65,15,36.4,0,98,8.1,0,,0,4.6,9,5,8,1
ADM-001944,PAT-02395,2026-08-22 09:32:28,2026-08-26 19:08:28,Pulmonology,Severe Pneumonia / ARDS,3,Ambulance,Clear / Mild,69,97,120,87,17,36.8,0,88,4.4,0,,0,4.2,9,5,8,1
ADM-001945,PAT-01096,2026-08-22 11:32:28,2026-09-09 01:56:28,ICU,Sepsis / Septic Shock,2,Ambulance,Clear / Mild,116,91,164,96,24,37.8,7,53,17.6,0,,1,4.8,11,5,8,1
ADM-001946,PAT-00995,2026-08-22 11:32:28,2026-08-28 06:44:28,Orthopedics,Multiple Trauma / Fracture,3,Ambulance,Clear / Mild,90,97,119,79,21,36.4,0,71,5.8,0,,0,5.0,11,5,8,1
ADM-001947,PAT-01084,2026-08-22 11:32:28,2026-08-27 16:20:28,Pediatrics,Pediatric Bronchiolitis / Asthma,3,Walk-In,Clear / Mild,62,100,125,83,13,36.5,0,67,5.2,0,,0,4.8,11,5,8,1
ADM-001948,PAT-01255,2026-08-22 11:32:28,2026-08-27 13:56:28,Pediatrics,Pediatric Bronchiolitis / Asthma,4,Helicopter EMS,Clear / Mild,103,98,115,72,14,36.6,0,113,5.1,0,,0,3.8,11,5,8,1
ADM-001949,PAT-01451,2026-08-22 11:32:28,2026-08-27 06:44:28,General Surgery,Acute Appendicitis / Laparotomy,4,Ambulance,Clear / Mild,83,98,124,100,14,36.8,0,124,4.8,0,,0,3.0,11,5,8,1
ADM-001950,PAT-00791,2026-08-22 11:32:28,2026-08-29 04:20:28,General Surgery,Gastrointestinal Hemorrhage,2,Ambulance,Clear / Mild,104,85,119,95,29,37.8,6,30,6.7,0,,0,4.0,11,5,8,1
ADM-001951,PAT-00589,2026-08-22 13:32:28,2026-08-29 11:08:28,General Surgery,Acute Appendicitis / Laparotomy,4,Walk-In,Rain / Storm,80,98,148,61,13,36.4,0,104,6.9,0,,0,3.2,13,5,8,1
ADM-001952,PAT-00595,2026-08-22 13:32:28,2026-09-09 13:32:28,ICU,Acute Renal Failure,2,Walk-In,Rain / Storm,107,88,110,82,23,38.9,5,26,18.0,0,,1,4.2,13,5,8,1
ADM-001953,PAT-00855,2026-08-22 13:32:28,2026-09-11 06:20:28,Orthopedics,Multiple Trauma / Fracture,5,Physician Referral,Rain / Storm,72,94,139,84,17,36.1,1,100,19.7,0,,0,4.9,13,5,8,1
ADM-001954,PAT-00420,2026-08-22 13:32:28,2026-08-25 20:44:28,General Surgery,Acute Appendicitis / Laparotomy,3,Ambulance,Rain / Storm,69,99,119,82,16,36.8,0,54,3.3,0,,0,4.3,13,5,8,1
ADM-001955,PAT-01134,2026-08-22 13:32:28,2026-08-27 13:32:28,Cardiology,Acute Myocardial Infarction,2,Physician Referral,Rain / Storm,125,91,179,113,25,38.8,12,57,5.0,0,,0,5.0,13,5,8,1
ADM-001956,PAT-01502,2026-08-22 13:32:28,2026-08-28 15:56:28,Cardiology,Congestive Heart Failure,2,Ambulance,Rain / Storm,111,84,160,108,25,37.1,8,34,6.1,0,,1,5.0,13,5,8,1
ADM-001957,PAT-00503,2026-08-22 15:32:28,2026-08-25 20:20:28,Cardiology,Acute Myocardial Infarction,2,Physician Referral,Clear / Mild,118,86,174,108,24,39.7,9,30,3.2,0,,0,5.0,15,5,8,1
ADM-001958,PAT-00538,2026-08-22 15:32:28,2026-08-29 22:44:28,ICU,Diabetic Ketoacidosis (DKA),3,Walk-In,Clear / Mild,97,99,111,66,15,37.8,0,40,7.3,0,,0,4.3,15,5,8,1
ADM-001959,PAT-01387,2026-08-22 17:32:28,2026-08-27 15:08:28,Pediatrics,Pediatric Bronchiolitis / Asthma,3,Ambulance,Clear / Mild,83,95,150,80,15,36.7,0,113,4.9,0,,0,3.7,17,5,8,1
ADM-001960,PAT-00553,2026-08-22 17:32:28,2026-08-25 15:08:28,General Surgery,Acute Appendicitis / Laparotomy,4,Helicopter EMS,Clear / Mild,76,97,128,73,14,36.8,0,100,2.9,0,,0,3.3,17,5,8,1
ADM-001961,PAT-01118,2026-08-22 17:32:28,2026-08-29 00:44:28,ICU,Sepsis / Septic Shock,1,Ambulance,Clear / Mild,138,92,129,103,26,37.6,10,15,6.3,0,,1,4.2,17,5,8,1
ADM-001962,PAT-00939,2026-08-22 17:32:28,2026-08-31 15:08:28,ICU,Acute Renal Failure,3,Walk-In,Clear / Mild,91,98,112,94,17,35.3,2,83,8.9,0,,0,4.1,17,5,8,1
ADM-001963,PAT-01805,2026-08-22 19:32:28,2026-08-26 17:08:28,ICU,Diabetic Ketoacidosis (DKA),3,Ambulance,Clear / Mild,94,98,128,82,13,36.9,0,80,3.9,0,,0,4.5,19,5,8,1
ADM-001964,PAT-02370,2026-08-22 19:32:28,2026-09-12 21:56:28,ICU,Sepsis / Septic Shock,1,Ambulance,Clear / Mild,81,99,151,82,29,38.9,9,9,21.1,0,,1,5.0,19,5,8,1
ADM-001965,PAT-01554,2026-08-22 19:32:28,2026-08-26 07:32:28,Cardiology,Acute Myocardial Infarction,2,Ambulance,Clear / Mild,113,86,169,113,19,38.3,7,56,3.5,0,,1,4.4,19,5,8,1
ADM-001966,PAT-00794,2026-08-22 19:32:28,2026-08-31 12:20:28,ICU,Acute Renal Failure,3,Physician Referral,Clear / Mild,92,97,120,81,15,36.9,0,97,8.7,0,,0,4.8,19,5,8,1
ADM-001967,PAT-02332,2026-08-22 21:32:28,2026-09-05 02:20:28,ICU,Acute Renal Failure,3,Physician Referral,Clear / Mild,87,98,129,87,17,36.6,0,73,13.2,0,,0,4.7,21,5,8,1
ADM-001968,PAT-01407,2026-08-22 21:32:28,2026-08-30 02:20:28,Neurology,Acute Ischemic Stroke,3,Walk-In,Clear / Mild,72,97,133,75,16,36.7,0,114,7.2,0,,0,4.6,21,5,8,1
ADM-001969,PAT-01952,2026-08-22 21:32:28,2026-09-19 19:08:28,Neurology,Acute Ischemic Stroke,2,Walk-In,Clear / Mild,143,89,184,89,27,37.8,10,36,27.9,0,,1,5.0,21,5,8,1
ADM-001970,PAT-02296,2026-08-22 21:32:28,2026-08-27 19:08:28,Pediatrics,Pediatric Bronchiolitis / Asthma,4,Walk-In,Clear / Mild,61,95,106,82,17,37.3,0,132,4.9,0,,0,3.5,21,5,8,1
ADM-001971,PAT-00125,2026-08-22 21:32:28,2026-08-31 02:20:28,ICU,Acute Renal Failure,3,Physician Referral,Clear / Mild,94,96,138,75,19,36.9,0,80,8.2,0,,1,4.5,21,5,8,1
ADM-001972,PAT-00859,2026-08-22 21:32:28,2026-09-17 02:20:28,Neurology,Acute Ischemic Stroke,2,Ambulance,Clear / Mild,135,92,157,84,29,38.3,6,25,25.2,0,,0,5.0,21,5,8,1
ADM-001973,PAT-00432,2026-08-22 21:32:28,2026-09-01 07:08:28,ICU,Sepsis / Septic Shock,2,Physician Referral,Clear / Mild,118,95,132,70,22,38.5,2,45,9.4,0,,0,5.0,21,5,8,1
ADM-001974,PAT-00351,2026-08-22 23:32:28,2026-08-27 09:08:28,General Surgery,Gastrointestinal Hemorrhage,2,Walk-In,Clear / Mild,118,80,172,119,20,37.6,7,25,4.4,0,,0,5.0,23,5,8,1
ADM-001975,PAT-00655,2026-08-22 23:32:28,2026-09-09 06:44:28,ICU,Acute Renal Failure,3,Ambulance,Clear / Mild,63,97,107,71,15,36.4,0,113,17.3,0,,0,3.6,23,5,8,1
ADM-001976,PAT-00110,2026-08-23 01:32:28,2026-08-26 18:20:28,ICU,Diabetic Ketoacidosis (DKA),2,Walk-In,Clear / Mild,121,91,165,103,28,39.0,12,35,3.7,0,,1,4.5,1,6,8,1
ADM-001977,PAT-02489,2026-08-23 01:32:28,2026-08-29 03:56:28,Cardiology,Acute Myocardial Infarction,2,Walk-In,Clear / Mild,124,87,110,86,25,39.5,10,51,6.1,0,,0,5.0,1,6,8,1
ADM-001978,PAT-01957,2026-08-23 01:32:28,2026-08-27 18:20:28,Cardiology,Congestive Heart Failure,3,Physician Referral,Clear / Mild,62,99,131,72,13,37.2,0,71,4.7,0,,1,3.9,1,6,8,1
ADM-001979,PAT-02394,2026-08-23 01:32:28,2026-09-02 01:32:28,Pulmonology,Severe Pneumonia / ARDS,3,Walk-In,Clear / Mild,53,99,155,79,15,36.8,0,63,10.0,0,,0,4.7,1,6,8,1
ADM-001980,PAT-02336,2026-08-23 03:32:28,2026-09-05 10:44:28,Orthopedics,Multiple Trauma / Fracture,4,Walk-In,Rain / Storm,66,95,115,65,17,35.4,2,89,13.3,0,,0,3.7,3,6,8,1
ADM-001981,PAT-02114,2026-08-23 05:32:28,2026-08-28 03:08:28,General Surgery,Gastrointestinal Hemorrhage,2,Walk-In,Extreme Heat,99,87,129,76,23,38.5,3,35,4.9,0,,0,4.7,5,6,8,1
ADM-001982,PAT-01825,2026-08-23 05:32:28,2026-08-27 15:08:28,Pediatrics,Pediatric Bronchiolitis / Asthma,3,Walk-In,Extreme Heat,71,95,129,80,16,37.1,0,66,4.4,0,,1,4.8,5,6,8,1
ADM-001983,PAT-02154,2026-08-23 07:32:28,2026-08-30 14:44:28,ICU,Diabetic Ketoacidosis (DKA),2,Walk-In,Freezing / Snow,131,90,184,79,32,39.3,12,46,7.3,0,,1,4.2,7,6,8,1
ADM-001984,PAT-02479,2026-08-23 07:32:28,2026-08-29 02:44:28,Pulmonology,Severe Pneumonia / ARDS,5,Walk-In,Freezing / Snow,70,95,107,84,17,36.7,0,146,5.8,0,,1,4.0,7,6,8,1
ADM-001985,PAT-01146,2026-08-23 07:32:28,2026-08-30 14:44:28,Cardiology,Congestive Heart Failure,3,Physician Referral,Freezing / Snow,69,98,128,84,17,36.3,0,99,7.3,0,,1,3.9,7,6,8,1
ADM-001986,PAT-02238,2026-08-23 09:32:28,2026-09-01 09:32:28,Orthopedics,Multiple Trauma / Fracture,3,Walk-In,Clear / Mild,79,97,118,72,18,36.8,0,25,9.0,0,,0,4.5,9,6,8,1
ADM-001987,PAT-01985,2026-08-23 09:32:28,2026-09-03 04:44:28,Pulmonology,COPD Exacerbation,3,Walk-In,Clear / Mild,88,97,114,78,17,36.3,0,64,10.8,0,,0,4.9,9,6,8,1
ADM-001988,PAT-00021,2026-08-23 09:32:28,2026-08-27 09:32:28,Pediatrics,Pediatric Bronchiolitis / Asthma,3,Ambulance,Clear / Mild,102,97,132,84,13,36.1,0,62,4.0,0,,0,5.0,9,6,8,1
ADM-001989,PAT-00177,2026-08-23 09:32:28,2026-08-29 02:20:28,Pulmonology,Severe Pneumonia / ARDS,4,Helicopter EMS,Clear / Mild,90,96,111,95,12,36.3,0,74,5.7,0,,1,4.2,9,6,8,1
ADM-001990,PAT-01017,2026-08-23 09:32:28,2026-08-27 19:08:28,Orthopedics,Multiple Trauma / Fracture,3,Walk-In,Clear / Mild,64,100,125,83,15,36.9,0,68,4.4,0,,0,5.0,9,6,8,1
ADM-001991,PAT-02055,2026-08-23 11:32:28,2026-08-25 16:20:28,Orthopedics,Multiple Trauma / Fracture,5,Walk-In,Clear / Mild,96,96,118,81,15,36.9,0,167,2.2,0,,0,4.1,11,6,8,1
ADM-001992,PAT-01180,2026-08-23 11:32:28,2026-08-27 06:44:28,General Surgery,Gastrointestinal Hemorrhage,2,Walk-In,Clear / Mild,150,92,198,106,19,38.9,7,30,3.8,0,,0,4.5,11,6,8,1
ADM-001993,PAT-00926,2026-08-23 11:32:28,2026-08-30 16:20:28,ICU,Acute Renal Failure,2,Ambulance,Clear / Mild,88,86,204,97,25,39.9,10,35,7.2,0,,0,4.8,11,6,8,1
ADM-001994,PAT-00189,2026-08-23 11:32:28,2026-09-07 11:32:28,ICU,Acute Renal Failure,3,Walk-In,Clear / Mild,73,96,90,69,14,36.9,2,72,15.0,0,,0,4.2,11,6,8,1
ADM-001995,PAT-00435,2026-08-23 11:32:28,2026-08-26 23:32:28,General Surgery,Acute Appendicitis / Laparotomy,5,Walk-In,Clear / Mild,94,98,133,84,11,36.8,0,210,3.5,0,,0,2.6,11,6,8,1
ADM-001996,PAT-00825,2026-08-23 13:32:28,2026-08-26 20:44:28,Pediatrics,Pediatric Bronchiolitis / Asthma,5,Walk-In,Clear / Mild,98,94,114,66,16,36.7,1,72,3.3,0,,0,4.2,13,6,8,1
ADM-001997,PAT-01547,2026-08-23 15:32:28,2026-08-27 17:56:28,General Surgery,Acute Appendicitis / Laparotomy,3,Walk-In,Freezing / Snow,73,100,128,91,14,36.6,0,80,4.1,0,,0,4.5,15,6,8,1
ADM-001998,PAT-02293,2026-08-23 15:32:28,2026-09-04 22:44:28,ICU,Acute Renal Failure,3,Walk-In,Freezing / Snow,90,97,131,96,18,37.1,0,62,12.3,0,,0,5.0,15,6,8,1
ADM-001999,PAT-01475,2026-08-23 15:32:28,2026-08-31 15:32:28,ICU,Diabetic Ketoacidosis (DKA),2,Walk-In,Freezing / Snow,116,93,144,93,28,37.2,6,55,8.0,0,,1,4.9,15,6,8,1
ADM-002000,PAT-00353,2026-08-23 15:32:28,2026-09-01 10:44:28,Cardiology,Acute Myocardial Infarction,2,Ambulance,Freezing / Snow,132,88,157,90,22,38.5,5,26,8.8,0,,1,4.4,15,6,8,1
ADM-002001,PAT-00620,2026-08-23 15:32:28,2026-09-05 13:08:28,Orthopedics,Multiple Trauma / Fracture,3,Walk-In,Freezing / Snow,63,100,151,70,16,36.3,0,72,12.9,0,,0,3.8,15,6,8,1
ADM-002002,PAT-00968,2026-08-23 15:32:28,2026-09-20 03:32:28,ICU,Acute Renal Failure,2,Walk-In,Freezing / Snow,107,85,133,106,30,38.9,8,37,27.5,0,,0,4.7,15,6,8,1
ADM-002003,PAT-01937,2026-08-23 17:32:28,2026-09-02 15:08:28,Cardiology,Acute Myocardial Infarction,2,Walk-In,Clear / Mild,158,93,118,96,30,36.5,6,60,9.9,0,,0,5.0,17,6,8,1
ADM-002004,PAT-00449,2026-08-23 17:32:28,2026-08-30 17:32:28,Orthopedics,Multiple Trauma / Fracture,4,Walk-In,Clear / Mild,77,97,118,67,14,36.6,0,169,7.0,0,,0,3.3,17,6,8,1
ADM-002005,PAT-02137,2026-08-23 17:32:28,2026-08-31 10:20:28,ICU,Sepsis / Septic Shock,2,Walk-In,Clear / Mild,131,91,139,101,23,38.5,5,28,7.7,0,,0,5.0,17,6,8,1
ADM-002006,PAT-01797,2026-08-23 17:32:28,2026-08-28 03:08:28,ICU,Diabetic Ketoacidosis (DKA),2,Walk-In,Clear / Mild,115,84,145,90,13,38.8,7,27,4.4,0,,0,5.0,17,6,8,1
ADM-002007,PAT-02414,2026-08-23 19:32:28,2026-09-04 05:08:28,Neurology,Acute Ischemic Stroke,2,Walk-In,Clear / Mild,115,85,169,63,23,39.1,9,15,11.4,0,,0,5.0,19,6,8,1
ADM-002008,PAT-01832,2026-08-23 19:32:28,2026-08-28 17:08:28,Pulmonology,COPD Exacerbation,3,Ambulance,Clear / Mild,53,99,120,75,15,36.8,0,56,4.9,0,,0,5.0,19,6,8,1
ADM-002009,PAT-02415,2026-08-23 19:32:28,2026-09-03 12:20:28,ICU,Sepsis / Septic Shock,2,Ambulance,Clear / Mild,128,91,156,109,26,39.3,10,34,10.7,0,,0,5.0,19,6,8,1
ADM-002010,PAT-00904,2026-08-23 19:32:28,2026-09-10 09:56:28,ICU,Acute Renal Failure,3,Ambulance,Clear / Mild,76,99,101,74,15,36.5,0,90,17.6,0,,1,4.7,19,6,8,1
ADM-002011,PAT-00854,2026-08-23 19:32:28,2026-09-02 17:08:28,Pulmonology,COPD Exacerbation,4,Walk-In,Clear / Mild,85,97,109,71,16,37.2,0,135,9.9,0,,1,3.5,19,6,8,1
ADM-002012,PAT-00757,2026-08-23 21:32:28,2026-09-01 11:56:28,Cardiology,Congestive Heart Failure,2,Walk-In,Freezing / Snow,132,93,159,71,17,38.1,3,41,8.6,0,,1,4.9,21,6,8,1
ADM-002013,PAT-01399,2026-08-23 21:32:28,2026-08-29 09:32:28,General Surgery,Acute Appendicitis / Laparotomy,4,Ambulance,Freezing / Snow,85,97,126,83,12,37.1,0,41,5.5,0,,0,4.5,21,6,8,1
ADM-002014,PAT-02405,2026-08-23 21:32:28,2026-09-03 14:20:28,Cardiology,Congestive Heart Failure,2,Walk-In,Freezing / Snow,137,85,185,127,18,37.9,7,32,10.7,0,,1,5.0,21,6,8,1
ADM-002015,PAT-01395,2026-08-23 21:32:28,2026-08-29 11:56:28,Orthopedics,Multiple Trauma / Fracture,3,Walk-In,Freezing / Snow,80,96,123,86,15,36.4,0,48,5.6,0,,0,5.0,21,6,8,1
ADM-002016,PAT-00004,2026-08-23 21:32:28,2026-09-07 16:44:28,Pulmonology,COPD Exacerbation,5,Ambulance,Freezing / Snow,66,96,88,72,18,36.5,2,178,14.8,0,,1,2.7,21,6,8,1
ADM-002017,PAT-02482,2026-08-23 21:32:28,2026-09-14 02:20:28,Cardiology,Acute Myocardial Infarction,3,Walk-In,Freezing / Snow,71,98,109,74,12,36.9,0,101,21.2,0,,1,4.1,21,6,8,1
ADM-002018,PAT-01101,2026-08-23 21:32:28,2026-09-05 07:08:28,Cardiology,Congestive Heart Failure,3,Physician Referral,Freezing / Snow,75,96,127,75,15,36.2,0,57,12.4,0,,0,4.6,21,6,8,1
ADM-002019,PAT-01662,2026-08-23 21:32:28,2026-08-31 16:44:28,Pulmonology,COPD Exacerbation,4,Walk-In,Freezing / Snow,84,94,115,80,20,36.3,1,112,7.8,0,,0,4.0,21,6,8,1
ADM-002020,PAT-01094,2026-08-24 01:32:28,2026-08-25 20:44:28,Pediatrics,Pediatric Bronchiolitis / Asthma,5,Ambulance,Freezing / Snow,76,96,122,83,19,36.2,0,143,1.8,0,,0,4.1,1,0,8,0
ADM-002021,PAT-00114,2026-08-24 05:32:28,2026-09-03 22:20:28,General Surgery,Gastrointestinal Hemorrhage,2,Walk-In,Extreme Heat,131,91,146,88,25,36.9,8,23,10.7,0,,1,5.0,5,0,8,0
ADM-002022,PAT-02043,2026-08-24 05:32:28,2026-08-31 03:08:28,Pulmonology,Severe Pneumonia / ARDS,5,Walk-In,Extreme Heat,77,96,124,70,17,37.3,0,182,6.9,0,,0,3.8,5,0,8,0
ADM-002023,PAT-00982,2026-08-24 05:32:28,2026-09-05 22:20:28,Neurology,Acute Ischemic Stroke,3,Walk-In,Extreme Heat,85,97,138,81,18,36.3,0,37,12.7,0,,1,4.6,5,0,8,0
ADM-002024,PAT-02422,2026-08-24 07:32:28,2026-08-31 17:08:28,Cardiology,Congestive Heart Failure,3,Ambulance,Clear / Mild,99,97,109,71,13,35.9,0,77,7.4,0,,0,4.4,7,0,8,0
ADM-002025,PAT-01163,2026-08-24 07:32:28,2026-09-01 05:08:28,Neurology,Acute Ischemic Stroke,2,Walk-In,Clear / Mild,135,91,153,72,30,40.0,10,15,7.9,0,,0,5.0,7,0,8,0
ADM-002026,PAT-01563,2026-08-24 07:32:28,2026-08-30 12:20:28,Neurology,Acute Ischemic Stroke,2,Ambulance,Clear / Mild,112,88,152,124,26,38.0,8,18,6.2,0,,0,5.0,7,0,8,0
ADM-002027,PAT-01466,2026-08-24 09:32:28,2026-08-28 21:32:28,General Surgery,Acute Appendicitis / Laparotomy,4,Ambulance,Extreme Heat,66,100,115,67,16,37.1,0,56,4.5,0,,0,5.0,9,0,8,0
ADM-002028,PAT-01332,2026-08-24 09:32:28,2026-09-07 02:20:28,Pulmonology,Severe Pneumonia / ARDS,5,Ambulance,Extreme Heat,70,100,138,87,17,37.0,0,108,13.7,0,,0,3.4,9,0,8,0
ADM-002029,PAT-00500,2026-08-24 09:32:28,2026-08-28 23:56:28,ICU,Diabetic Ketoacidosis (DKA),2,Ambulance,Extreme Heat,140,93,165,70,25,38.0,8,42,4.6,0,,0,5.0,9,0,8,0
ADM-002030,PAT-01260,2026-08-24 09:32:28,2026-09-04 02:20:28,Cardiology,Congestive Heart Failure,2,Walk-In,Extreme Heat,126,88,154,72,21,38.9,7,29,10.7,0,,1,4.4,9,0,8,0
ADM-002031,PAT-00958,2026-08-24 09:32:28,2026-09-10 04:44:28,ICU,Acute Renal Failure,2,Walk-In,Extreme Heat,113,99,181,80,29,38.5,7,50,16.8,0,,0,4.4,9,0,8,0
ADM-002032,PAT-02061,2026-08-24 09:32:28,2026-09-06 11:56:28,ICU,Diabetic Ketoacidosis (DKA),2,Walk-In,Extreme Heat,107,89,129,83,25,38.7,8,21,13.1,0,,0,3.8,9,0,8,0
ADM-002033,PAT-02343,2026-08-24 09:32:28,2026-09-04 16:44:28,ICU,Sepsis / Septic Shock,1,Ambulance,Extreme Heat,143,99,143,69,26,38.2,9,15,11.3,0,,1,5.0,9,0,8,0
ADM-002034,PAT-02398,2026-08-24 09:32:28,2026-09-01 19:08:28,ICU,Diabetic Ketoacidosis (DKA),3,Ambulance,Extreme Heat,70,99,125,80,12,37.2,0,118,8.4,0,,1,4.0,9,0,8,0
ADM-002035,PAT-00098,2026-08-24 11:32:28,2026-09-04 21:08:28,Cardiology,Acute Myocardial Infarction,2,Ambulance,Clear / Mild,121,86,128,72,15,37.1,5,37,11.4,0,,1,5.0,11,0,8,0
ADM-002036,PAT-00568,2026-08-24 11:32:28,2026-09-06 04:20:28,ICU,Acute Renal Failure,3,Walk-In,Clear / Mild,75,97,118,63,17,37.1,0,93,12.7,0,,1,3.7,11,0,8,0
ADM-002037,PAT-01439,2026-08-24 13:32:28,2026-09-04 11:08:28,Orthopedics,Multiple Trauma / Fracture,3,Ambulance,Clear / Mild,76,97,127,68,14,37.0,0,41,10.9,0,,1,5.0,13,0,8,0
ADM-002038,PAT-01090,2026-08-24 13:32:28,2026-09-01 15:56:28,Cardiology,Congestive Heart Failure,3,Walk-In,Clear / Mild,87,99,108,71,14,37.6,0,74,8.1,0,,0,4.7,13,0,8,0
ADM-002039,PAT-01600,2026-08-24 13:32:28,2026-08-30 20:44:28,Cardiology,Acute Myocardial Infarction,2,Walk-In,Clear / Mild,94,97,163,104,17,39.0,4,40,6.3,0,,0,4.7,13,0,8,0
ADM-002040,PAT-00945,2026-08-24 13:32:28,2026-08-28 18:20:28,Pediatrics,Pediatric Bronchiolitis / Asthma,3,Walk-In,Clear / Mild,62,96,122,74,16,37.5,0,40,4.2,0,,0,4.8,13,0,8,0
ADM-002041,PAT-01271,2026-08-24 13:32:28,2026-09-03 03:56:28,Pulmonology,COPD Exacerbation,3,Walk-In,Clear / Mild,92,97,143,82,12,36.8,0,16,9.6,0,,0,5.0,13,0,8,0
ADM-002042,PAT-01844,2026-08-24 13:32:28,2026-09-14 08:44:28,Orthopedics,Multiple Trauma / Fracture,5,Ambulance,Clear / Mild,88,98,131,76,13,36.8,0,165,20.8,0,,0,3.5,13,0,8,0
ADM-002043,PAT-01031,2026-08-24 15:32:28,2026-08-28 20:20:28,General Surgery,Acute Appendicitis / Laparotomy,5,Walk-In,Clear / Mild,91,96,93,77,17,36.7,2,146,4.2,0,,0,2.9,15,0,8,0
ADM-002044,PAT-00035,2026-08-24 15:32:28,2026-08-28 20:20:28,ICU,Diabetic Ketoacidosis (DKA),3,Physician Referral,Clear / Mild,70,96,124,73,17,36.4,0,51,4.2,0,,0,4.9,15,0,8,0
ADM-002045,PAT-00573,2026-08-24 15:32:28,2026-08-29 22:44:28,Pediatrics,Pediatric Bronchiolitis / Asthma,3,Walk-In,Clear / Mild,84,98,133,82,16,36.5,0,74,5.3,0,,0,4.9,15,0,8,0
ADM-002046,PAT-00758,2026-08-24 15:32:28,2026-09-01 01:08:28,Cardiology,Congestive Heart Failure,2,Walk-In,Clear / Mild,102,86,144,90,21,38.4,3,26,7.4,0,,0,5.0,15,0,8,0
ADM-002047,PAT-02201,2026-08-24 15:32:28,2026-09-13 13:08:28,ICU,Diabetic Ketoacidosis (DKA),2,Walk-In,Clear / Mild,123,90,135,95,27,38.4,8,28,19.9,0,,0,5.0,15,0,8,0
ADM-002048,PAT-01998,2026-08-24 15:32:28,2026-09-01 22:44:28,ICU,Sepsis / Septic Shock,2,Walk-In,Clear / Mild,130,86,114,86,31,37.7,8,14,8.3,0,,0,5.0,15,0,8,0
ADM-002049,PAT-01766,2026-08-24 17:32:28,2026-08-29 17:32:28,Cardiology,Congestive Heart Failure,3,Ambulance,Clear / Mild,70,97,146,65,18,37.1,0,53,5.0,0,,0,5.0,17,0,8,0
ADM-002050,PAT-01697,2026-08-24 17:32:28,2026-08-29 03:08:28,Pediatrics,Pediatric Bronchiolitis / Asthma,3,Ambulance,Clear / Mild,89,96,105,81,12,37.0,0,157,4.4,0,,0,2.4,17,0,8,0
ADM-002051,PAT-02156,2026-08-24 19:32:28,2026-08-30 02:44:28,Orthopedics,Multiple Trauma / Fracture,4,Walk-In,Rain / Storm,85,97,126,84,17,37.3,0,176,5.3,0,,1,3.5,19,0,8,0
ADM-002052,PAT-01962,2026-08-24 19:32:28,2026-09-04 19:32:28,ICU,Sepsis / Septic Shock,1,Ambulance,Rain / Storm,109,93,115,109,24,37.7,5,15,11.0,0,,0,4.7,19,0,8,0
ADM-002053,PAT-01007,2026-08-24 19:32:28,2026-09-12 19:32:28,ICU,Sepsis / Septic Shock,2,Walk-In,Rain / Storm,146,84,138,92,22,38.4,5,43,19.0,0,,1,5.0,19,0,8,0
ADM-002054,PAT-00795,2026-08-24 19:32:28,2026-09-04 09:56:28,Cardiology,Congestive Heart Failure,2,Walk-In,Rain / Storm,94,91,136,100,28,37.6,6,40,10.6,0,,0,4.4,19,0,8,0
ADM-002055,PAT-00980,2026-08-24 19:32:28,2026-09-07 02:44:28,Neurology,Acute Ischemic Stroke,3,Helicopter EMS,Rain / Storm,75,98,132,73,14,36.3,0,88,13.3,0,,1,4.3,19,0,8,0
ADM-002056,PAT-02083,2026-08-24 21:32:28,2026-09-05 11:56:28,Pulmonology,Severe Pneumonia / ARDS,4,Walk-In,Clear / Mild,96,96,123,80,16,37.5,0,60,11.6,0,,0,4.7,21,0,8,0
ADM-002057,PAT-02179,2026-08-24 21:32:28,2026-09-06 16:44:28,Pulmonology,COPD Exacerbation,3,Walk-In,Clear / Mild,92,99,129,63,15,37.1,0,81,12.8,0,,1,4.5,21,0,8,0
ADM-002058,PAT-01186,2026-08-24 21:32:28,2026-09-09 16:44:28,Pulmonology,COPD Exacerbation,3,Walk-In,Clear / Mild,63,99,117,86,15,37.7,0,96,15.8,0,,0,4.3,21,0,8,0
ADM-002059,PAT-01688,2026-08-24 23:32:28,2026-08-29 16:20:28,Pediatrics,Pediatric Bronchiolitis / Asthma,3,Walk-In,Clear / Mild,81,99,128,100,15,36.8,0,58,4.7,0,,0,4.4,23,0,8,0
ADM-002060,PAT-00865,2026-08-25 01:32:28,2026-08-30 11:08:28,Pulmonology,COPD Exacerbation,3,Walk-In,High Smog / Poor AQI,70,96,116,88,18,36.8,0,77,5.4,0,,0,4.0,1,1,8,0
ADM-002061,PAT-02238,2026-08-25 01:32:28,2026-09-12 03:56:28,Neurology,Acute Ischemic Stroke,3,Walk-In,High Smog / Poor AQI,89,98,135,91,13,36.6,0,72,18.1,0,,0,4.2,1,1,8,0
ADM-002062,PAT-00990,2026-08-25 01:32:28,2026-09-03 03:56:28,Pulmonology,COPD Exacerbation,3,Walk-In,High Smog / Poor AQI,87,97,141,77,17,37.3,0,90,9.1,0,,0,4.8,1,1,8,0
ADM-002063,PAT-01014,2026-08-25 03:32:28,2026-09-04 17:56:28,ICU,Acute Renal Failure,3,Ambulance,Clear / Mild,75,97,155,77,15,36.9,0,101,10.6,0,,0,4.2,3,1,8,0
ADM-002064,PAT-02356,2026-08-25 03:32:28,2026-09-03 10:44:28,Pulmonology,COPD Exacerbation,4,Ambulance,Clear / Mild,62,97,122,87,12,37.0,0,186,9.3,0,,0,3.4,3,1,8,0
ADM-002065,PAT-01901,2026-08-25 05:32:28,2026-09-07 17:32:28,ICU,Acute Renal Failure,2,Walk-In,Clear / Mild,118,90,167,78,30,39.1,12,46,13.5,0,,0,4.7,5,1,8,0
ADM-002066,PAT-01586,2026-08-25 05:32:28,2026-08-30 17:32:28,Cardiology,Acute Myocardial Infarction,3,Ambulance,Clear / Mild,64,98,124,74,13,37.0,0,75,5.5,0,,0,4.3,5,1,8,0
ADM-002067,PAT-00455,2026-08-25 05:32:28,2026-09-03 05:32:28,General Surgery,Gastrointestinal Hemorrhage,2,Walk-In,Clear / Mild,100,92,116,73,28,38.1,4,25,9.0,0,,0,4.5,5,1,8,0
ADM-002068,PAT-01928,2026-08-25 07:32:28,2026-09-03 21:56:28,Orthopedics,Multiple Trauma / Fracture,4,Walk-In,Clear / Mild,52,99,107,62,14,36.8,0,159,9.6,0,,0,3.5,7,1,8,0
ADM-002069,PAT-02199,2026-08-25 09:32:28,2026-09-01 16:44:28,Pulmonology,Severe Pneumonia / ARDS,3,Walk-In,Extreme Heat,86,99,129,50,15,36.7,0,94,7.3,0,,0,4.2,9,1,8,0
ADM-002070,PAT-00479,2026-08-25 09:32:28,2026-08-29 23:56:28,General Surgery,Acute Appendicitis / Laparotomy,5,Walk-In,Extreme Heat,61,96,118,71,14,36.7,0,32,4.6,0,,0,4.8,9,1,8,0
ADM-002071,PAT-02313,2026-08-25 09:32:28,2026-08-29 21:32:28,General Surgery,Gastrointestinal Hemorrhage,3,Helicopter EMS,Extreme Heat,59,96,117,73,13,37.1,0,80,4.5,0,,1,4.6,9,1,8,0
ADM-002072,PAT-00017,2026-08-25 11:32:28,2026-09-06 09:08:28,ICU,Sepsis / Septic Shock,2,Physician Referral,Extreme Heat,117,88,133,92,19,37.9,5,27,11.9,0,,0,5.0,11,1,8,0
ADM-002073,PAT-00316,2026-08-25 11:32:28,2026-08-30 21:08:28,Pediatrics,Pediatric Bronchiolitis / Asthma,4,Ambulance,Extreme Heat,95,97,124,75,14,36.4,0,124,5.4,0,,0,4.3,11,1,8,0
ADM-002074,PAT-01282,2026-08-25 11:32:28,2026-09-11 04:20:28,General Surgery,Gastrointestinal Hemorrhage,3,Ambulance,Extreme Heat,89,96,133,75,18,36.6,0,80,16.7,0,,0,3.9,11,1,8,0
ADM-002075,PAT-00770,2026-08-25 11:32:28,2026-09-03 18:44:28,ICU,Diabetic Ketoacidosis (DKA),3,Walk-In,Extreme Heat,67,97,133,94,13,37.3,0,54,9.3,0,,1,4.5,11,1,8,0
ADM-002076,PAT-00527,2026-08-25 11:32:28,2026-08-28 18:44:28,Cardiology,Congestive Heart Failure,3,Ambulance,Extreme Heat,84,94,126,80,16,36.5,1,84,3.3,0,,0,4.6,11,1,8,0
ADM-002077,PAT-02344,2026-08-25 11:32:28,2026-08-30 18:44:28,Cardiology,Acute Myocardial Infarction,3,Helicopter EMS,Extreme Heat,86,97,129,76,16,37.0,0,85,5.3,0,,0,4.1,11,1,8,0
ADM-002078,PAT-01249,2026-08-25 13:32:28,2026-08-31 20:44:28,General Surgery,Gastrointestinal Hemorrhage,2,Ambulance,Clear / Mild,117,85,119,102,29,38.4,8,19,6.3,0,,1,5.0,13,1,8,0
ADM-002079,PAT-00385,2026-08-25 13:32:28,2026-08-31 20:44:28,Orthopedics,Multiple Trauma / Fracture,3,Walk-In,Clear / Mild,101,99,120,76,15,36.2,0,59,6.3,0,,0,4.4,13,1,8,0
ADM-002080,PAT-00966,2026-08-25 13:32:28,2026-08-29 15:56:28,Pediatrics,Pediatric Bronchiolitis / Asthma,3,Ambulance,Clear / Mild,74,96,132,66,17,37.2,0,92,4.1,0,,1,4.1,13,1,8,0
ADM-002081,PAT-00638,2026-08-25 13:32:28,2026-09-03 20:44:28,Pulmonology,Severe Pneumonia / ARDS,3,Walk-In,Clear / Mild,97,100,120,70,15,36.1,0,56,9.3,0,,1,4.4,13,1,8,0
ADM-002082,PAT-00986,2026-08-25 13:32:28,2026-09-01 06:20:28,ICU,Acute Renal Failure,2,Physician Referral,Clear / Mild,107,89,145,104,19,38.8,5,40,6.7,0,,1,4.9,13,1,8,0
ADM-002083,PAT-00220,2026-08-25 13:32:28,2026-09-01 15:56:28,ICU,Acute Renal Failure,2,Walk-In,Clear / Mild,133,92,192,82,23,37.0,5,40,7.1,0,,0,4.5,13,1,8,0
ADM-002084,PAT-01163,2026-08-25 15:32:28,2026-08-29 13:08:28,Cardiology,Congestive Heart Failure,3,Helicopter EMS,Rain / Storm,89,97,130,94,14,36.7,0,112,3.9,0,,1,4.8,15,1,8,0
ADM-002085,PAT-01160,2026-08-25 15:32:28,2026-08-29 10:44:28,ICU,Diabetic Ketoacidosis (DKA),2,Ambulance,Rain / Storm,100,87,134,97,26,38.6,8,43,3.8,0,,0,4.4,15,1,8,0
ADM-002086,PAT-01512,2026-08-25 17:32:28,2026-09-06 12:44:28,Cardiology,Acute Myocardial Infarction,3,Ambulance,Clear / Mild,95,97,131,78,16,37.1,0,73,11.8,0,,1,4.8,17,1,8,0
ADM-002087,PAT-01011,2026-08-25 17:32:28,2026-09-07 07:56:28,ICU,Sepsis / Septic Shock,2,Ambulance,Clear / Mild,122,95,156,88,30,37.3,5,36,12.6,0,,0,4.8,17,1,8,0
ADM-002088,PAT-02315,2026-08-25 17:32:28,2026-08-30 19:56:28,Pediatrics,Pediatric Bronchiolitis / Asthma,4,Walk-In,Clear / Mild,92,98,95,72,13,37.2,0,78,5.1,0,,0,4.1,17,1,8,0
ADM-002089,PAT-00017,2026-08-25 17:32:28,2026-09-02 03:08:28,Pulmonology,Severe Pneumonia / ARDS,5,Walk-In,Clear / Mild,80,94,127,73,17,36.9,1,123,7.4,0,,1,4.2,17,1,8,0
ADM-002090,PAT-01918,2026-08-25 19:32:28,2026-08-29 07:32:28,General Surgery,Acute Appendicitis / Laparotomy,3,Ambulance,Clear / Mild,88,96,113,70,17,36.8,0,55,3.5,0,,0,4.6,19,1,8,0
ADM-002091,PAT-01346,2026-08-25 19:32:28,2026-08-30 05:08:28,General Surgery,Gastrointestinal Hemorrhage,3,Physician Referral,Clear / Mild,71,98,105,79,15,36.3,0,41,4.4,0,,1,4.2,19,1,8,0
ADM-002092,PAT-02003,2026-08-25 19:32:28,2026-08-28 17:08:28,General Surgery,Acute Appendicitis / Laparotomy,4,Walk-In,Clear / Mild,79,98,126,71,18,36.6,0,70,2.9,0,,0,4.8,19,1,8,0
ADM-002093,PAT-01406,2026-08-25 19:32:28,2026-09-03 02:44:28,Pulmonology,Severe Pneumonia / ARDS,3,Walk-In,Clear / Mild,75,98,121,85,14,36.1,0,70,8.3,0,,1,4.0,19,1,8,0
ADM-002094,PAT-01463,2026-08-25 19:32:28,2026-08-28 21:56:28,General Surgery,Acute Appendicitis / Laparotomy,5,Walk-In,Clear / Mild,79,96,122,68,14,36.6,0,164,3.1,0,,0,3.6,19,1,8,0
ADM-002095,PAT-00438,2026-08-25 19:32:28,2026-09-01 21:56:28,Pulmonology,Severe Pneumonia / ARDS,3,Walk-In,Clear / Mild,58,97,119,64,16,36.7,0,89,7.1,0,,0,4.5,19,1,8,0
ADM-002096,PAT-00434,2026-08-25 21:32:28,2026-08-31 07:08:28,Pulmonology,COPD Exacerbation,5,Walk-In,Clear / Mild,70,99,150,69,15,36.6,0,123,5.4,0,,1,4.1,21,1,8,0
ADM-002097,PAT-02364,2026-08-25 21:32:28,2026-08-30 19:08:28,General Surgery,Gastrointestinal Hemorrhage,3,Ambulance,Clear / Mild,70,97,139,72,12,37.3,0,82,4.9,0,,1,4.6,21,1,8,0
ADM-002098,PAT-00209,2026-08-25 21:32:28,2026-09-13 07:08:28,ICU,Sepsis / Septic Shock,2,Walk-In,Clear / Mild,132,90,184,101,27,38.6,12,20,18.4,0,,0,5.0,21,1,8,0
ADM-002099,PAT-00403,2026-08-25 21:32:28,2026-09-06 16:44:28,Neurology,Acute Ischemic Stroke,3,Ambulance,Clear / Mild,89,98,123,75,15,36.9,0,98,11.8,0,,1,4.7,21,1,8,0
ADM-002100,PAT-01023,2026-08-25 21:32:28,2026-08-28 23:56:28,Pediatrics,Pediatric Bronchiolitis / Asthma,3,Walk-In,Clear / Mild,58,99,159,75,15,37.1,0,88,3.1,0,,0,3.9,21,1,8,0
ADM-002101,PAT-02211,2026-08-25 21:32:28,2026-08-29 09:32:28,Pediatrics,Pediatric Bronchiolitis / Asthma,4,Walk-In,Clear / Mild,77,96,134,74,17,37.0,0,182,3.5,0,,0,3.8,21,1,8,0
ADM-002102,PAT-01180,2026-08-25 21:32:28,2026-09-05 09:32:28,General Surgery,Acute Appendicitis / Laparotomy,3,Walk-In,Clear / Mild,84,98,116,85,15,36.5,0,79,10.5,0,,0,4.2,21,1,8,0
ADM-002103,PAT-02315,2026-08-25 21:32:28,2026-09-22 07:08:28,Cardiology,Congestive Heart Failure,3,Ambulance,Clear / Mild,81,97,137,79,18,37.6,0,69,27.4,0,,0,3.8,21,1,8,0
ADM-002104,PAT-01843,2026-08-25 23:32:28,2026-09-12 21:08:28,Cardiology,Congestive Heart Failure,3,Walk-In,Clear / Mild,69,95,114,69,14,37.1,0,12,17.9,0,,0,5.0,23,1,8,0
ADM-002105,PAT-00993,2026-08-26 01:32:28,2026-08-29 03:56:28,Pediatrics,Pediatric Bronchiolitis / Asthma,4,Walk-In,Clear / Mild,75,99,114,84,12,37.2,0,84,3.1,0,,0,5.0,1,2,8,0
ADM-002106,PAT-01179,2026-08-26 03:32:28,2026-09-07 20:20:28,ICU,Sepsis / Septic Shock,1,Ambulance,Freezing / Snow,139,88,178,77,24,38.4,11,13,12.7,0,,0,5.0,3,2,8,0
ADM-002107,PAT-00138,2026-08-26 05:32:28,2026-08-30 07:56:28,General Surgery,Gastrointestinal Hemorrhage,2,Ambulance,High Smog / Poor AQI,108,94,118,85,32,38.8,6,26,4.1,0,,0,5.0,5,2,8,0
ADM-002108,PAT-02450,2026-08-26 05:32:28,2026-09-04 03:08:28,Cardiology,Congestive Heart Failure,2,Ambulance,High Smog / Poor AQI,108,86,126,104,25,38.7,8,27,8.9,0,,0,5.0,5,2,8,0
ADM-002109,PAT-00777,2026-08-26 05:32:28,2026-09-01 15:08:28,Orthopedics,Multiple Trauma / Fracture,3,Walk-In,High Smog / Poor AQI,72,96,102,67,15,36.2,0,86,6.4,0,,0,3.6,5,2,8,0
ADM-002110,PAT-01029,2026-08-26 05:32:28,2026-09-09 07:56:28,Neurology,Acute Ischemic Stroke,3,Ambulance,High Smog / Poor AQI,72,100,98,86,15,37.1,0,102,14.1,0,,0,4.2,5,2,8,0
ADM-002111,PAT-02410,2026-08-26 07:32:28,2026-09-02 05:08:28,Cardiology,Congestive Heart Failure,2,Walk-In,Rain / Storm,130,85,168,109,27,38.4,10,58,6.9,0,,0,4.2,7,2,8,0
ADM-002112,PAT-00031,2026-08-26 07:32:28,2026-09-06 19:32:28,ICU,Acute Renal Failure,2,Ambulance,Rain / Storm,128,86,165,82,24,38.9,9,32,11.5,0,,1,4.6,7,2,8,0
ADM-002113,PAT-01809,2026-08-26 07:32:28,2026-09-01 21:56:28,Orthopedics,Multiple Trauma / Fracture,4,Walk-In,Rain / Storm,74,99,123,87,19,36.7,0,147,6.6,0,,0,3.9,7,2,8,0
ADM-002114,PAT-02078,2026-08-26 09:32:28,2026-09-01 16:44:28,General Surgery,Acute Appendicitis / Laparotomy,5,Walk-In,Clear / Mild,69,97,129,80,17,36.9,0,93,6.3,0,,0,4.7,9,2,8,0
ADM-002115,PAT-00231,2026-08-26 09:32:28,2026-09-03 09:32:28,Pediatrics,Pediatric Bronchiolitis / Asthma,5,Walk-In,Clear / Mild,82,98,146,88,17,36.2,0,159,8.0,0,,0,2.6,9,2,8,0
ADM-002116,PAT-00059,2026-08-26 11:32:28,2026-09-06 04:20:28,Cardiology,Acute Myocardial Infarction,2,Helicopter EMS,Clear / Mild,101,92,166,102,27,38.2,6,42,10.7,0,,0,4.8,11,2,8,0
ADM-002117,PAT-00868,2026-08-26 11:32:28,2026-09-07 09:08:28,ICU,Acute Renal Failure,3,Walk-In,Clear / Mild,83,98,131,86,14,37.0,0,105,11.9,0,,0,4.0,11,2,8,0
ADM-002118,PAT-01738,2026-08-26 11:32:28,2026-09-09 11:32:28,ICU,Acute Renal Failure,3,Physician Referral,Clear / Mild,60,96,112,71,15,37.5,0,83,14.0,0,,0,5.0,11,2,8,0
ADM-002119,PAT-01515,2026-08-26 13:32:28,2026-09-03 08:44:28,ICU,Diabetic Ketoacidosis (DKA),2,Walk-In,Clear / Mild,127,96,146,90,34,38.4,5,43,7.8,0,,0,4.5,13,2,8,0
ADM-002120,PAT-01266,2026-08-26 13:32:28,2026-08-29 06:20:28,General Surgery,Acute Appendicitis / Laparotomy,4,Walk-In,Clear / Mild,68,98,133,67,13,36.8,0,150,2.7,0,,0,3.0,13,2,8,0
ADM-002121,PAT-01726,2026-08-26 13:32:28,2026-09-13 03:56:28,ICU,Acute Renal Failure,2,Walk-In,Clear / Mild,137,93,149,111,34,38.8,8,19,17.6,0,,1,5.0,13,2,8,0
ADM-002122,PAT-01551,2026-08-26 13:32:28,2026-09-04 23:08:28,Pulmonology,COPD Exacerbation,4,Physician Referral,Clear / Mild,81,99,111,59,14,36.9,0,185,9.4,0,,0,3.1,13,2,8,0
ADM-002123,PAT-02165,2026-08-26 13:32:28,2026-09-03 06:20:28,Pulmonology,Severe Pneumonia / ARDS,5,Ambulance,Clear / Mild,60,99,101,75,16,36.5,0,160,7.7,0,,0,3.7,13,2,8,0
ADM-002124,PAT-00823,2026-08-26 15:32:28,2026-09-06 17:56:28,Pulmonology,COPD Exacerbation,3,Walk-In,Rain / Storm,68,98,145,58,15,36.4,0,20,11.1,0,,1,4.4,15,2,8,0
ADM-002125,PAT-00279,2026-08-26 15:32:28,2026-09-03 13:08:28,ICU,Diabetic Ketoacidosis (DKA),2,Ambulance,Rain / Storm,125,95,152,69,24,37.3,2,21,7.9,0,,0,4.5,15,2,8,0
ADM-002126,PAT-02331,2026-08-26 17:32:28,2026-09-03 19:56:28,ICU,Acute Renal Failure,2,Ambulance,Clear / Mild,130,90,157,118,25,38.0,8,42,8.1,0,,0,5.0,17,2,8,0
ADM-002127,PAT-02376,2026-08-26 17:32:28,2026-09-02 10:20:28,Orthopedics,Multiple Trauma / Fracture,3,Walk-In,Clear / Mild,76,96,113,86,17,36.8,0,29,6.7,0,,1,5.0,17,2,8,0
ADM-002128,PAT-00937,2026-08-26 17:32:28,2026-09-04 07:56:28,General Surgery,Gastrointestinal Hemorrhage,2,Ambulance,Clear / Mild,132,93,174,94,22,38.3,5,29,8.6,0,,1,5.0,17,2,8,0
ADM-002129,PAT-02333,2026-08-26 17:32:28,2026-09-05 12:44:28,Orthopedics,Multiple Trauma / Fracture,4,Walk-In,Clear / Mild,97,97,136,83,15,37.0,0,91,9.8,0,,0,3.9,17,2,8,0
ADM-002130,PAT-00362,2026-08-26 17:32:28,2026-09-06 12:44:28,Cardiology,Acute Myocardial Infarction,2,Walk-In,Clear / Mild,126,99,148,86,30,38.4,5,24,10.8,0,,0,4.8,17,2,8,0
ADM-002131,PAT-01336,2026-08-26 17:32:28,2026-09-02 00:44:28,Cardiology,Congestive Heart Failure,3,Walk-In,Clear / Mild,90,98,110,94,14,36.5,0,59,6.3,0,,0,5.0,17,2,8,0
ADM-002132,PAT-01509,2026-08-26 19:32:28,2026-09-04 19:32:28,General Surgery,Gastrointestinal Hemorrhage,2,Ambulance,Clear / Mild,94,90,119,128,27,39.0,8,53,9.0,0,,0,4.6,19,2,8,0
ADM-002133,PAT-00185,2026-08-26 21:32:28,2026-09-14 09:32:28,Pulmonology,Severe Pneumonia / ARDS,3,Walk-In,Clear / Mild,97,99,112,71,14,36.7,0,98,18.5,0,,0,3.2,21,2,8,0
ADM-002134,PAT-00877,2026-08-26 21:32:28,2026-08-30 21:32:28,Cardiology,Acute Myocardial Infarction,2,Ambulance,Clear / Mild,97,88,119,103,21,38.8,5,51,4.0,0,,1,5.0,21,2,8,0
ADM-002135,PAT-00318,2026-08-26 21:32:28,2026-09-03 02:20:28,Neurology,Acute Ischemic Stroke,3,Walk-In,Clear / Mild,68,96,116,78,13,36.5,0,60,7.2,0,,0,4.7,21,2,8,0
ADM-002136,PAT-00067,2026-08-26 23:32:28,2026-08-31 11:32:28,Pediatrics,Pediatric Bronchiolitis / Asthma,4,Walk-In,Clear / Mild,71,95,111,70,18,36.4,0,121,4.5,0,,0,3.7,23,2,8,0
ADM-002137,PAT-00780,2026-08-27 01:32:28,2026-08-30 01:32:28,Pediatrics,Pediatric Bronchiolitis / Asthma,3,Ambulance,Clear / Mild,69,98,124,67,12,37.6,0,79,3.0,0,,0,3.8,1,3,8,0
ADM-002138,PAT-00357,2026-08-27 01:32:28,2026-09-09 11:08:28,General Surgery,Gastrointestinal Hemorrhage,3,Ambulance,Clear / Mild,79,97,102,65,16,37.4,0,88,13.4,0,,0,4.1,1,3,8,0
ADM-002139,PAT-00546,2026-08-27 03:32:28,2026-09-01 05:56:28,ICU,Diabetic Ketoacidosis (DKA),2,Walk-In,Clear / Mild,118,88,151,118,29,39.3,10,26,5.1,0,,0,4.6,3,3,8,0
ADM-002140,PAT-02424,2026-08-27 05:32:28,2026-09-04 00:44:28,Pulmonology,COPD Exacerbation,3,Walk-In,Clear / Mild,94,98,103,73,11,36.9,0,103,7.8,0,,0,5.0,5,3,8,0
ADM-002141,PAT-02206,2026-08-27 05:32:28,2026-09-11 15:08:28,Neurology,Acute Ischemic Stroke,3,Ambulance,Clear / Mild,77,98,119,83,14,36.5,0,78,15.4,0,,0,3.8,5,3,8,0
ADM-002142,PAT-00099,2026-08-27 07:32:28,2026-09-09 02:44:28,Cardiology,Acute Myocardial Infarction,3,Walk-In,Clear / Mild,54,98,111,74,17,37.0,0,74,12.8,0,,1,4.1,7,3,8,0
ADM-002143,PAT-01243,2026-08-27 07:32:28,2026-09-03 19:32:28,Orthopedics,Multiple Trauma / Fracture,3,Walk-In,Clear / Mild,84,97,128,73,14,36.8,0,39,7.5,0,,0,5.0,7,3,8,0
ADM-002144,PAT-00910,2026-08-27 09:32:28,2026-09-08 19:08:28,Orthopedics,Multiple Trauma / Fracture,5,Ambulance,Rain / Storm,62,97,129,84,19,37.0,0,132,12.4,0,,0,3.9,9,3,8,0
ADM-002145,PAT-02315,2026-08-27 09:32:28,2026-09-08 14:20:28,ICU,Acute Renal Failure,2,Walk-In,Rain / Storm,135,93,126,104,29,37.5,6,29,12.2,0,,0,5.0,9,3,8,0
ADM-002146,PAT-01459,2026-08-27 09:32:28,2026-09-01 11:56:28,General Surgery,Gastrointestinal Hemorrhage,2,Walk-In,Rain / Storm,115,91,149,134,27,38.5,8,22,5.1,0,,0,5.0,9,3,8,0
ADM-002147,PAT-01369,2026-08-27 09:32:28,2026-09-13 16:44:28,ICU,Acute Renal Failure,2,Ambulance,Rain / Storm,124,91,137,72,23,38.6,7,29,17.3,0,,0,4.8,9,3,8,0
ADM-002148,PAT-01545,2026-08-27 09:32:28,2026-09-02 21:32:28,Orthopedics,Multiple Trauma / Fracture,4,Ambulance,Rain / Storm,83,96,124,72,12,36.7,0,132,6.5,0,,0,4.5,9,3,8,0
ADM-002149,PAT-00585,2026-08-27 11:32:28,2026-09-04 21:08:28,Pulmonology,COPD Exacerbation,3,Ambulance,Freezing / Snow,67,97,96,85,18,37.1,0,44,8.4,0,,0,4.0,11,3,8,0
ADM-002150,PAT-01246,2026-08-27 11:32:28,2026-08-30 01:56:28,General Surgery,Gastrointestinal Hemorrhage,3,Walk-In,Freezing / Snow,78,98,126,82,15,36.0,0,90,2.6,0,,0,4.5,11,3,8,0
ADM-002151,PAT-02482,2026-08-27 11:32:28,2026-09-05 11:32:28,General Surgery,Gastrointestinal Hemorrhage,2,Physician Referral,Freezing / Snow,89,96,181,103,22,36.4,2,36,9.0,0,,0,5.0,11,3,8,0
ADM-002152,PAT-01108,2026-08-27 11:32:28,2026-08-30 01:56:28,General Surgery,Acute Appendicitis / Laparotomy,3,Ambulance,Freezing / Snow,91,99,124,78,16,37.1,0,84,2.6,0,,0,3.9,11,3,8,0
ADM-002153,PAT-01038,2026-08-27 11:32:28,2026-09-01 21:08:28,ICU,Acute Renal Failure,2,Ambulance,Freezing / Snow,142,92,135,95,21,39.6,5,40,5.4,0,,0,5.0,11,3,8,0
ADM-002154,PAT-00189,2026-08-27 13:32:28,2026-09-03 03:56:28,Pulmonology,COPD Exacerbation,3,Physician Referral,Clear / Mild,52,96,109,72,17,37.2,0,93,6.6,0,,0,4.5,13,3,8,0
ADM-002155,PAT-01583,2026-08-27 13:32:28,2026-09-04 11:08:28,Cardiology,Congestive Heart Failure,2,Physician Referral,Clear / Mild,73,90,108,101,15,38.3,3,42,7.9,0,,0,5.0,13,3,8,0
ADM-002156,PAT-01622,2026-08-27 13:32:28,2026-09-09 03:56:28,ICU,Sepsis / Septic Shock,2,Walk-In,Clear / Mild,127,91,168,88,26,38.4,10,21,12.6,0,,0,5.0,13,3,8,0
ADM-002157,PAT-02130,2026-08-27 13:32:28,2026-09-01 08:44:28,General Surgery,Gastrointestinal Hemorrhage,2,Walk-In,Clear / Mild,111,88,134,105,20,38.3,5,26,4.8,0,,0,5.0,13,3,8,0
ADM-002158,PAT-00694,2026-08-27 13:32:28,2026-09-11 01:32:28,Pulmonology,Severe Pneumonia / ARDS,5,Ambulance,Clear / Mild,70,99,107,75,15,36.6,0,158,14.5,0,,0,3.2,13,3,8,0
ADM-002159,PAT-00078,2026-08-27 13:32:28,2026-09-05 03:56:28,Neurology,Acute Ischemic Stroke,3,Ambulance,Clear / Mild,88,97,124,79,16,36.8,0,62,8.6,0,,0,4.5,13,3,8,0
ADM-002160,PAT-01476,2026-08-27 13:32:28,2026-09-12 20:44:28,Cardiology,Congestive Heart Failure,2,Walk-In,Clear / Mild,118,88,149,99,33,37.3,8,52,16.3,0,,0,5.0,13,3,8,0
ADM-002161,PAT-01709,2026-08-27 13:32:28,2026-09-02 18:20:28,Cardiology,Congestive Heart Failure,2,Walk-In,Clear / Mild,114,85,162,88,25,38.1,10,48,6.2,0,,1,5.0,13,3,8,0
ADM-002162,PAT-02213,2026-08-27 15:32:28,2026-09-06 05:56:28,Neurology,Acute Ischemic Stroke,3,Walk-In,Clear / Mild,87,96,148,90,11,37.3,0,81,9.6,0,,1,4.1,15,3,8,0
ADM-002163,PAT-01015,2026-08-27 15:32:28,2026-09-06 08:20:28,ICU,Diabetic Ketoacidosis (DKA),2,Walk-In,Clear / Mild,98,92,135,101,26,37.8,4,52,9.7,0,,0,4.1,15,3,8,0
ADM-002164,PAT-01098,2026-08-27 15:32:28,2026-08-30 20:20:28,General Surgery,Acute Appendicitis / Laparotomy,3,Walk-In,Clear / Mild,76,96,115,68,17,35.9,0,81,3.2,0,,0,4.9,15,3,8,0
ADM-002165,PAT-00834,2026-08-27 15:32:28,2026-08-31 08:20:28,General Surgery,Acute Appendicitis / Laparotomy,5,Ambulance,Clear / Mild,85,98,116,87,12,37.3,0,116,3.7,0,,0,3.4,15,3,8,0
ADM-002166,PAT-02499,2026-08-27 15:32:28,2026-09-10 08:20:28,ICU,Diabetic Ketoacidosis (DKA),3,Walk-In,Clear / Mild,104,98,103,85,15,36.4,0,66,13.7,0,,0,4.7,15,3,8,0
ADM-002167,PAT-00647,2026-08-27 15:32:28,2026-09-05 03:32:28,ICU,Sepsis / Septic Shock,2,Walk-In,Clear / Mild,101,82,112,85,28,39.4,8,18,8.5,0,,0,5.0,15,3,8,0
ADM-002168,PAT-01504,2026-08-27 17:32:28,2026-09-12 00:44:28,ICU,Sepsis / Septic Shock,1,Ambulance,Clear / Mild,143,90,172,124,18,38.0,11,7,15.3,0,,1,5.0,17,3,8,0
ADM-002169,PAT-00300,2026-08-27 19:32:28,2026-09-09 19:32:28,Neurology,Acute Ischemic Stroke,2,Ambulance,Clear / Mild,85,90,180,116,25,38.4,8,46,13.0,0,,0,5.0,19,3,8,0
ADM-002170,PAT-00889,2026-08-27 19:32:28,2026-09-15 02:44:28,ICU,Acute Renal Failure,2,Ambulance,Clear / Mild,116,94,169,105,24,39.9,7,31,18.3,0,,0,5.0,19,3,8,0
ADM-002171,PAT-00727,2026-08-27 19:32:28,2026-09-04 00:20:28,Cardiology,Congestive Heart Failure,2,Walk-In,Clear / Mild,116,90,133,89,25,38.4,8,38,7.2,0,,1,4.0,19,3,8,0
ADM-002172,PAT-02250,2026-08-27 19:32:28,2026-08-31 12:20:28,Pediatrics,Pediatric Bronchiolitis / Asthma,5,Walk-In,Clear / Mild,77,99,150,84,13,36.7,0,114,3.7,0,,1,4.3,19,3,8,0
ADM-002173,PAT-01425,2026-08-27 21:32:28,2026-08-29 02:20:28,Pediatrics,Pediatric Bronchiolitis / Asthma,3,Ambulance,Clear / Mild,66,99,111,75,15,36.3,0,78,1.2,0,,0,5.0,21,3,8,0
ADM-002174,PAT-01870,2026-08-27 21:32:28,2026-08-30 07:08:28,General Surgery,Acute Appendicitis / Laparotomy,4,Walk-In,Clear / Mild,85,97,122,90,14,37.3,0,118,2.4,0,,0,3.8,21,3,8,0
ADM-002175,PAT-00032,2026-08-27 23:32:28,2026-09-07 11:32:28,General Surgery,Gastrointestinal Hemorrhage,2,Walk-In,Rain / Storm,140,92,162,99,29,38.1,8,49,10.5,0,,0,4.1,23,3,8,0
ADM-002176,PAT-00325,2026-08-27 23:32:28,2026-09-01 11:32:28,General Surgery,Acute Appendicitis / Laparotomy,3,Walk-In,Rain / Storm,81,97,100,78,13,36.2,0,100,4.5,0,,0,4.1,23,3,8,0
ADM-002177,PAT-00714,2026-08-28 01:32:28,2026-09-06 13:32:28,Pulmonology,Severe Pneumonia / ARDS,4,Walk-In,Clear / Mild,57,96,110,66,15,36.3,0,113,9.5,0,,1,3.9,1,4,8,0
ADM-002178,PAT-02091,2026-08-28 03:32:28,2026-08-31 01:08:28,General Surgery,Acute Appendicitis / Laparotomy,3,Physician Referral,Clear / Mild,64,97,131,85,19,36.6,0,81,2.9,0,,0,4.3,3,4,8,0
ADM-002179,PAT-01248,2026-08-28 05:32:28,2026-09-06 05:32:28,Orthopedics,Multiple Trauma / Fracture,4,Walk-In,Rain / Storm,93,99,115,72,16,36.4,0,55,9.0,0,,0,5.0,5,4,8,0
ADM-002180,PAT-00240,2026-08-28 05:32:28,2026-09-04 12:44:28,General Surgery,Gastrointestinal Hemorrhage,3,Walk-In,Rain / Storm,65,99,137,83,19,36.8,0,12,7.3,0,,1,5.0,5,4,8,0
ADM-002181,PAT-00764,2026-08-28 07:32:28,2026-09-04 07:32:28,Cardiology,Acute Myocardial Infarction,3,Walk-In,Clear / Mild,60,98,134,73,18,36.5,0,25,7.0,0,,0,5.0,7,4,8,0
ADM-002182,PAT-02129,2026-08-28 07:32:28,2026-09-12 21:56:28,Cardiology,Acute Myocardial Infarction,3,Walk-In,Clear / Mild,88,98,116,65,15,37.2,0,40,15.6,0,,0,5.0,7,4,8,0
ADM-002183,PAT-02327,2026-08-28 09:32:28,2026-09-03 02:20:28,ICU,Acute Renal Failure,2,Ambulance,Clear / Mild,104,88,158,106,23,39.4,5,32,5.7,0,,1,4.1,9,4,8,0
ADM-002184,PAT-01559,2026-08-28 09:32:28,2026-09-29 09:32:28,ICU,Acute Renal Failure,3,Walk-In,Clear / Mild,64,99,121,77,17,37.1,0,53,32.0,0,,0,5.0,9,4,8,0
ADM-002185,PAT-00880,2026-08-28 11:32:28,2026-09-17 23:32:28,ICU,Sepsis / Septic Shock,1,Ambulance,Extreme Heat,97,88,157,109,22,38.2,7,14,20.5,0,,0,4.8,11,4,8,0
ADM-002186,PAT-01435,2026-08-28 11:32:28,2026-09-10 18:44:28,ICU,Sepsis / Septic Shock,2,Walk-In,Extreme Heat,129,85,155,84,31,38.3,8,37,13.3,0,,0,4.2,11,4,8,0
ADM-002187,PAT-00176,2026-08-28 13:32:28,2026-09-16 01:32:28,ICU,Sepsis / Septic Shock,1,Ambulance,Rain / Storm,103,88,122,80,30,39.2,12,10,18.5,0,,0,5.0,13,4,8,0
ADM-002188,PAT-01189,2026-08-28 13:32:28,2026-09-13 23:08:28,ICU,Sepsis / Septic Shock,2,Helicopter EMS,Rain / Storm,129,94,131,96,25,36.9,6,48,16.4,0,,1,5.0,13,4,8,0
ADM-002189,PAT-01583,2026-08-28 13:32:28,2026-09-01 20:44:28,General Surgery,Acute Appendicitis / Laparotomy,4,Walk-In,Rain / Storm,68,98,123,62,15,36.9,0,89,4.3,0,,0,4.8,13,4,8,0
ADM-002190,PAT-01643,2026-08-28 13:32:28,2026-09-02 01:32:28,General Surgery,Acute Appendicitis / Laparotomy,4,Walk-In,Rain / Storm,84,98,130,75,14,37.4,0,120,4.5,0,,0,4.3,13,4,8,0
ADM-002191,PAT-02200,2026-08-28 15:32:28,2026-09-05 10:44:28,Orthopedics,Multiple Trauma / Fracture,4,Physician Referral,Freezing / Snow,77,98,124,89,16,36.5,0,106,7.8,0,,1,3.8,15,4,8,0
ADM-002192,PAT-01311,2026-08-28 15:32:28,2026-09-02 05:56:28,Cardiology,Congestive Heart Failure,2,Walk-In,Freezing / Snow,93,90,174,112,24,39.2,7,42,4.6,0,,0,4.9,15,4,8,0
ADM-002193,PAT-00694,2026-08-28 15:32:28,2026-09-06 15:32:28,Orthopedics,Multiple Trauma / Fracture,3,Ambulance,Freezing / Snow,70,99,121,66,13,36.8,0,34,9.0,0,,0,3.8,15,4,8,0
ADM-002194,PAT-00168,2026-08-28 15:32:28,2026-09-02 15:32:28,Pediatrics,Pediatric Bronchiolitis / Asthma,4,Walk-In,Freezing / Snow,65,99,138,68,15,37.2,0,98,5.0,0,,0,4.2,15,4,8,0
ADM-002195,PAT-01385,2026-08-28 15:32:28,2026-09-08 17:56:28,Neurology,Acute Ischemic Stroke,3,Walk-In,Freezing / Snow,67,99,130,75,16,36.3,0,38,11.1,0,,0,4.5,15,4,8,0
ADM-002196,PAT-00049,2026-08-28 15:32:28,2026-09-03 10:44:28,Pulmonology,COPD Exacerbation,4,Walk-In,Freezing / Snow,89,98,140,60,15,37.5,0,185,5.8,0,,0,3.6,15,4,8,0
ADM-002197,PAT-00305,2026-08-28 15:32:28,2026-09-04 15:32:28,Cardiology,Acute Myocardial Infarction,3,Walk-In,Freezing / Snow,71,96,106,85,17,36.8,0,109,7.0,0,,0,4.3,15,4,8,0
ADM-002198,PAT-01310,2026-08-28 15:32:28,2026-09-09 10:44:28,Cardiology,Acute Myocardial Infarction,2,Walk-In,Freezing / Snow,135,85,158,70,26,38.9,10,36,11.8,0,,1,4.3,15,4,8,0
ADM-002199,PAT-02005,2026-08-28 17:32:28,2026-08-31 05:32:28,General Surgery,Acute Appendicitis / Laparotomy,3,Ambulance,Clear / Mild,63,97,98,75,15,36.7,0,81,2.5,0,,0,4.1,17,4,8,0
ADM-002200,PAT-02499,2026-08-28 19:32:28,2026-09-03 02:44:28,General Surgery,Acute Appendicitis / Laparotomy,3,Walk-In,Clear / Mild,78,100,106,71,19,36.6,0,35,5.3,0,,0,5.0,19,4,8,0
ADM-002201,PAT-00931,2026-08-28 19:32:28,2026-09-05 17:08:28,Cardiology,Acute Myocardial Infarction,3,Walk-In,Clear / Mild,80,99,109,73,17,36.0,0,102,7.9,0,,0,4.8,19,4,8,0
ADM-002202,PAT-00166,2026-08-28 19:32:28,2026-09-08 05:08:28,Pulmonology,COPD Exacerbation,5,Walk-In,Clear / Mild,58,96,116,85,11,37.1,0,132,10.4,0,,1,3.6,19,4,8,0
ADM-002203,PAT-00032,2026-08-28 19:32:28,2026-09-11 05:08:28,Cardiology,Congestive Heart Failure,2,Walk-In,Clear / Mild,122,87,166,61,23,38.5,7,32,13.4,0,,1,4.8,19,4,8,0
ADM-002204,PAT-02437,2026-08-28 19:32:28,2026-09-02 19:32:28,General Surgery,Acute Appendicitis / Laparotomy,3,Ambulance,Clear / Mild,63,97,124,78,18,36.8,0,27,5.0,0,,0,5.0,19,4,8,0
ADM-002205,PAT-02314,2026-08-28 19:32:28,2026-09-11 00:20:28,Cardiology,Acute Myocardial Infarction,2,Ambulance,Clear / Mild,143,90,170,114,32,38.1,10,34,13.2,0,,0,5.0,19,4,8,0
ADM-002206,PAT-00535,2026-08-28 19:32:28,2026-09-06 02:44:28,Cardiology,Acute Myocardial Infarction,2,Walk-In,Clear / Mild,128,91,162,97,27,38.3,10,38,8.3,0,,1,4.8,19,4,8,0
ADM-002207,PAT-01048,2026-08-28 21:32:28,2026-09-04 16:44:28,Cardiology,Acute Myocardial Infarction,2,Walk-In,Extreme Heat,114,92,121,69,33,37.5,6,40,6.8,0,,0,4.2,21,4,8,0
ADM-002208,PAT-00128,2026-08-28 21:32:28,2026-09-04 09:32:28,Cardiology,Congestive Heart Failure,3,Ambulance,Extreme Heat,72,97,102,84,12,36.8,0,66,6.5,0,,0,4.7,21,4,8,0
ADM-002209,PAT-00733,2026-08-28 21:32:28,2026-09-09 07:08:28,Pulmonology,Severe Pneumonia / ARDS,3,Walk-In,Extreme Heat,64,97,112,63,16,36.5,0,92,11.4,0,,1,4.3,21,4,8,0
ADM-002210,PAT-01922,2026-08-28 21:32:28,2026-09-07 04:44:28,ICU,Acute Renal Failure,3,Walk-In,Extreme Heat,63,97,103,86,18,37.1,0,72,9.3,0,,0,4.7,21,4,8,0
ADM-002211,PAT-01888,2026-08-29 01:32:28,2026-09-06 20:44:28,Cardiology,Acute Myocardial Infarction,3,Walk-In,Rain / Storm,75,96,129,72,15,37.2,0,66,8.8,0,,1,4.9,1,5,8,1
ADM-002212,PAT-01802,2026-08-29 01:32:28,2026-09-02 06:20:28,Pediatrics,Pediatric Bronchiolitis / Asthma,3,Walk-In,Rain / Storm,78,97,121,82,15,37.0,0,75,4.2,0,,0,4.0,1,5,8,1
ADM-002213,PAT-00800,2026-08-29 01:32:28,2026-09-04 15:56:28,ICU,Acute Renal Failure,3,Walk-In,Rain / Storm,71,99,132,68,16,36.6,0,59,6.6,0,,0,4.3,1,5,8,1
ADM-002214,PAT-00230,2026-08-29 03:32:28,2026-09-02 20:20:28,General Surgery,Acute Appendicitis / Laparotomy,4,Ambulance,Rain / Storm,66,99,117,76,15,36.9,0,57,4.7,0,,0,4.7,3,5,8,1
ADM-002215,PAT-01010,2026-08-29 07:32:28,2026-09-07 00:20:28,ICU,Diabetic Ketoacidosis (DKA),3,Walk-In,Rain / Storm,62,95,113,75,15,36.5,0,55,8.7,0,,0,4.6,7,5,8,1
ADM-002216,PAT-00510,2026-08-29 07:32:28,2026-09-03 00:20:28,Cardiology,Congestive Heart Failure,3,Physician Referral,Rain / Storm,90,97,135,80,13,36.0,0,80,4.7,0,,0,4.9,7,5,8,1
ADM-002217,PAT-01374,2026-08-29 07:32:28,2026-09-02 14:44:28,General Surgery,Gastrointestinal Hemorrhage,2,Ambulance,Rain / Storm,107,95,150,74,24,39.3,2,23,4.3,0,,0,4.7,7,5,8,1
ADM-002218,PAT-00292,2026-08-29 09:32:28,2026-09-03 07:08:28,Pediatrics,Pediatric Bronchiolitis / Asthma,5,Walk-In,Clear / Mild,66,95,108,79,16,36.9,0,54,4.9,0,,0,4.2,9,5,8,1
ADM-002219,PAT-00395,2026-08-29 11:32:28,2026-09-05 01:56:28,General Surgery,Acute Appendicitis / Laparotomy,3,Walk-In,Rain / Storm,79,98,117,96,14,37.2,0,45,6.6,0,,1,4.3,11,5,8,1
ADM-002220,PAT-01730,2026-08-29 11:32:28,2026-09-11 04:20:28,Pulmonology,Severe Pneumonia / ARDS,3,Physician Referral,Rain / Storm,78,97,123,80,19,36.5,0,88,12.7,0,,0,4.0,11,5,8,1
ADM-002221,PAT-01912,2026-08-29 11:32:28,2026-09-07 06:44:28,Cardiology,Acute Myocardial Infarction,2,Walk-In,Rain / Storm,116,94,84,85,17,37.4,5,38,8.8,0,,1,5.0,11,5,8,1
ADM-002222,PAT-00018,2026-08-29 11:32:28,2026-09-09 13:56:28,Pulmonology,Severe Pneumonia / ARDS,4,Walk-In,Rain / Storm,77,99,97,87,14,36.6,0,145,11.1,0,,0,3.8,11,5,8,1
ADM-002223,PAT-00665,2026-08-29 13:32:28,2026-09-02 13:32:28,General Surgery,Acute Appendicitis / Laparotomy,3,Walk-In,Clear / Mild,96,98,124,60,14,37.0,0,98,4.0,0,,0,4.6,13,5,8,1
ADM-002224,PAT-00610,2026-08-29 13:32:28,2026-09-06 06:20:28,Cardiology,Acute Myocardial Infarction,3,Walk-In,Clear / Mild,103,97,142,81,17,36.4,0,41,7.7,0,,0,4.1,13,5,8,1
ADM-002225,PAT-00748,2026-08-29 13:32:28,2026-09-03 18:20:28,ICU,Diabetic Ketoacidosis (DKA),2,Ambulance,Clear / Mild,119,84,143,85,23,38.6,7,43,5.2,0,,0,5.0,13,5,8,1
ADM-002226,PAT-00966,2026-08-29 13:32:28,2026-09-10 01:32:28,Pulmonology,COPD Exacerbation,4,Walk-In,Clear / Mild,79,97,110,78,17,36.8,0,132,11.5,0,,0,3.3,13,5,8,1
ADM-002227,PAT-00703,2026-08-29 13:32:28,2026-09-01 06:20:28,Pediatrics,Pediatric Bronchiolitis / Asthma,4,Physician Referral,Clear / Mild,64,100,109,77,15,37.4,0,69,2.7,0,,0,4.8,13,5,8,1
ADM-002228,PAT-01391,2026-08-29 13:32:28,2026-09-08 08:44:28,General Surgery,Gastrointestinal Hemorrhage,2,Ambulance,Clear / Mild,122,91,136,81,26,38.0,8,40,9.8,0,,1,5.0,13,5,8,1
ADM-002229,PAT-01045,2026-08-29 15:32:28,2026-09-07 08:20:28,Cardiology,Acute Myocardial Infarction,3,Ambulance,Rain / Storm,79,99,109,81,16,36.7,0,91,8.7,0,,0,3.8,15,5,8,1
ADM-002230,PAT-01643,2026-08-29 15:32:28,2026-09-09 08:20:28,ICU,Acute Renal Failure,2,Ambulance,Rain / Storm,120,85,139,93,29,37.1,8,42,10.7,0,,0,4.6,15,5,8,1
ADM-002231,PAT-01263,2026-08-29 15:32:28,2026-09-08 13:08:28,Orthopedics,Multiple Trauma / Fracture,3,Walk-In,Rain / Storm,62,97,117,68,15,36.6,0,64,9.9,0,,0,4.8,15,5,8,1
ADM-002232,PAT-01864,2026-08-29 15:32:28,2026-09-05 17:56:28,Neurology,Acute Ischemic Stroke,2,Walk-In,Rain / Storm,103,87,159,97,23,38.2,3,24,7.1,0,,0,4.4,15,5,8,1
ADM-002233,PAT-01421,2026-08-29 17:32:28,2026-09-19 17:32:28,ICU,Sepsis / Septic Shock,2,Ambulance,Clear / Mild,121,86,176,68,34,40.2,12,15,21.0,0,,0,5.0,17,5,8,1
ADM-002234,PAT-02265,2026-08-29 17:32:28,2026-09-05 05:32:28,Orthopedics,Multiple Trauma / Fracture,4,Walk-In,Clear / Mild,89,97,80,81,17,37.0,2,76,6.5,0,,0,4.8,17,5,8,1
ADM-002235,PAT-00638,2026-08-29 17:32:28,2026-09-02 07:56:28,General Surgery,Acute Appendicitis / Laparotomy,3,Physician Referral,Clear / Mild,98,97,137,76,20,37.1,0,117,3.6,0,,0,3.9,17,5,8,1
ADM-002236,PAT-00962,2026-08-29 17:32:28,2026-09-10 22:20:28,Pulmonology,Severe Pneumonia / ARDS,5,Physician Referral,Clear / Mild,68,98,131,87,17,36.8,0,69,12.2,0,,0,5.0,17,5,8,1
ADM-002237,PAT-00232,2026-08-29 17:32:28,2026-09-05 07:56:28,Cardiology,Congestive Heart Failure,2,Walk-In,Clear / Mild,149,94,131,67,32,38.6,8,52,6.6,0,,1,4.5,17,5,8,1
ADM-002238,PAT-00243,2026-08-29 17:32:28,2026-09-11 12:44:28,Cardiology,Congestive Heart Failure,2,Ambulance,Clear / Mild,81,90,153,114,30,39.1,8,38,12.8,0,,1,4.7,17,5,8,1
ADM-002239,PAT-01632,2026-08-29 17:32:28,2026-09-02 17:32:28,General Surgery,Gastrointestinal Hemorrhage,2,Helicopter EMS,Clear / Mild,116,92,154,98,32,38.1,6,43,4.0,0,,0,4.3,17,5,8,1
ADM-002240,PAT-00726,2026-08-29 17:32:28,2026-09-02 22:20:28,Orthopedics,Multiple Trauma / Fracture,3,Walk-In,Clear / Mild,97,98,136,86,15,37.5,0,51,4.2,0,,0,4.4,17,5,8,1
ADM-002241,PAT-00746,2026-08-29 19:32:28,2026-09-10 00:20:28,Neurology,Acute Ischemic Stroke,2,Walk-In,Clear / Mild,154,88,184,95,25,38.2,10,47,11.2,0,,0,4.4,19,5,8,1
ADM-002242,PAT-01091,2026-08-29 19:32:28,2026-09-04 17:08:28,Pulmonology,COPD Exacerbation,3,Ambulance,Clear / Mild,59,94,117,88,16,36.3,1,84,5.9,0,,0,3.5,19,5,8,1
ADM-002243,PAT-01256,2026-08-29 19:32:28,2026-09-04 07:32:28,Neurology,Acute Ischemic Stroke,2,Walk-In,Clear / Mild,131,92,191,85,30,39.5,10,49,5.5,0,,1,4.1,19,5,8,1
ADM-002244,PAT-00318,2026-08-29 19:32:28,2026-09-06 14:44:28,Cardiology,Congestive Heart Failure,2,Walk-In,Clear / Mild,98,91,123,99,36,38.2,6,36,7.8,0,,0,4.9,19,5,8,1
ADM-002245,PAT-01201,2026-08-29 19:32:28,2026-09-05 00:20:28,Pediatrics,Pediatric Bronchiolitis / Asthma,3,Ambulance,Clear / Mild,70,99,80,68,18,36.6,2,112,6.2,0,,0,3.9,19,5,8,1
ADM-002246,PAT-00332,2026-08-29 19:32:28,2026-09-05 02:44:28,ICU,Acute Renal Failure,2,Ambulance,Clear / Mild,73,88,163,97,21,37.3,5,23,6.3,0,,1,4.9,19,5,8,1
ADM-002247,PAT-01230,2026-08-29 19:32:28,2026-09-05 14:44:28,Orthopedics,Multiple Trauma / Fracture,3,Walk-In,Clear / Mild,79,96,140,68,14,37.1,0,40,6.8,0,,0,5.0,19,5,8,1
ADM-002248,PAT-00456,2026-08-29 21:32:28,2026-09-06 23:56:28,Cardiology,Congestive Heart Failure,3,Walk-In,Clear / Mild,69,98,108,82,15,36.2,0,88,8.1,0,,0,4.1,21,5,8,1
ADM-002249,PAT-00712,2026-08-29 21:32:28,2026-09-08 11:56:28,Pulmonology,Severe Pneumonia / ARDS,4,Walk-In,Clear / Mild,105,95,132,55,15,37.1,0,211,9.6,0,,0,3.2,21,5,8,1
ADM-002250,PAT-01812,2026-08-29 23:32:28,2026-09-08 16:20:28,ICU,Sepsis / Septic Shock,1,Ambulance,Extreme Heat,113,90,136,107,24,36.9,9,10,9.7,0,,0,5.0,23,5,8,1
ADM-002251,PAT-02164,2026-08-29 23:32:28,2026-09-10 09:08:28,General Surgery,Acute Appendicitis / Laparotomy,3,Ambulance,Extreme Heat,84,99,128,69,14,35.9,0,96,11.4,0,,0,4.1,23,5,8,1
ADM-002252,PAT-00009,2026-08-30 01:32:28,2026-09-06 13:32:28,Cardiology,Acute Myocardial Infarction,2,Ambulance,Clear / Mild,101,83,191,110,23,39.1,7,42,7.5,0,,0,4.8,1,6,8,1
ADM-002253,PAT-02167,2026-08-30 05:32:28,2026-09-04 22:20:28,Neurology,Acute Ischemic Stroke,3,Walk-In,Rain / Storm,41,99,134,79,16,36.6,2,97,5.7,0,,0,4.4,5,6,8,1
ADM-002254,PAT-00961,2026-08-30 05:32:28,2026-09-11 10:20:28,Cardiology,Acute Myocardial Infarction,2,Walk-In,Rain / Storm,162,83,155,77,30,37.1,8,45,12.2,0,,0,4.2,5,6,8,1
ADM-002255,PAT-00703,2026-08-30 05:32:28,2026-09-08 12:44:28,Pulmonology,Severe Pneumonia / ARDS,3,Walk-In,Rain / Storm,70,97,119,75,18,37.1,0,58,9.3,0,,1,4.5,5,6,8,1
ADM-002256,PAT-00376,2026-08-30 07:32:28,2026-09-15 14:44:28,ICU,Sepsis / Septic Shock,1,Helicopter EMS,Rain / Storm,122,86,168,115,33,38.9,16,26,16.3,0,,1,5.0,7,6,8,1
ADM-002257,PAT-01960,2026-08-30 07:32:28,2026-09-05 00:20:28,ICU,Diabetic Ketoacidosis (DKA),3,Ambulance,Rain / Storm,77,100,114,81,16,36.7,0,64,5.7,0,,0,5.0,7,6,8,1
ADM-002258,PAT-00843,2026-08-30 09:32:28,2026-09-04 07:08:28,General Surgery,Gastrointestinal Hemorrhage,2,Ambulance,Clear / Mild,109,86,154,78,23,38.7,5,54,4.9,0,,1,4.7,9,6,8,1
ADM-002259,PAT-01101,2026-08-30 09:32:28,2026-09-29 02:20:28,ICU,Acute Renal Failure,2,Walk-In,Clear / Mild,143,90,127,105,38,39.5,10,31,29.7,0,,0,4.4,9,6,8,1
ADM-002260,PAT-02419,2026-08-30 09:32:28,2026-09-07 04:44:28,Orthopedics,Multiple Trauma / Fracture,3,Walk-In,Clear / Mild,66,99,137,93,17,36.8,0,69,7.8,0,,0,4.6,9,6,8,1
ADM-002261,PAT-02437,2026-08-30 09:32:28,2026-09-15 07:08:28,ICU,Acute Renal Failure,2,Ambulance,Clear / Mild,104,88,144,51,30,37.6,6,23,15.9,0,,0,5.0,9,6,8,1
ADM-002262,PAT-02487,2026-08-30 09:32:28,2026-09-06 02:20:28,Cardiology,Congestive Heart Failure,3,Walk-In,Clear / Mild,64,100,144,86,16,36.9,0,63,6.7,0,,0,5.0,9,6,8,1
ADM-002263,PAT-02012,2026-08-30 11:32:28,2026-09-01 06:44:28,Pediatrics,Pediatric Bronchiolitis / Asthma,5,Ambulance,Clear / Mild,67,97,127,72,16,36.0,0,173,1.8,0,,0,3.6,11,6,8,1
ADM-002264,PAT-00037,2026-08-30 11:32:28,2026-09-18 09:08:28,Orthopedics,Multiple Trauma / Fracture,3,Ambulance,Clear / Mild,84,97,107,70,15,36.5,0,96,18.9,0,,0,3.8,11,6,8,1
ADM-002265,PAT-01434,2026-08-30 11:32:28,2026-09-01 06:44:28,Pediatrics,Pediatric Bronchiolitis / Asthma,3,Walk-In,Clear / Mild,66,98,125,85,16,36.8,0,74,1.8,0,,0,4.8,11,6,8,1
ADM-002266,PAT-00010,2026-08-30 11:32:28,2026-09-12 16:20:28,ICU,Sepsis / Septic Shock,2,Walk-In,Clear / Mild,103,96,229,104,20,39.9,4,37,13.2,0,,1,4.7,11,6,8,1
ADM-002267,PAT-00007,2026-08-30 11:32:28,2026-09-09 16:20:28,Pulmonology,Severe Pneumonia / ARDS,4,Walk-In,Clear / Mild,80,97,140,76,17,37.0,0,137,10.2,0,,0,3.6,11,6,8,1
ADM-002268,PAT-00677,2026-08-30 11:32:28,2026-09-02 21:08:28,ICU,Diabetic Ketoacidosis (DKA),3,Ambulance,Clear / Mild,86,98,110,78,16,37.0,0,35,3.4,0,,0,5.0,11,6,8,1
ADM-002269,PAT-02095,2026-08-30 11:32:28,2026-09-27 09:08:28,Neurology,Acute Ischemic Stroke,3,Walk-In,Clear / Mild,80,96,124,91,19,36.4,0,15,27.9,0,,1,4.8,11,6,8,1
ADM-002270,PAT-02270,2026-08-30 11:32:28,2026-09-08 18:44:28,Orthopedics,Multiple Trauma / Fracture,5,Walk-In,Clear / Mild,81,99,128,86,13,37.5,0,65,9.3,0,,0,5.0,11,6,8,1
ADM-002271,PAT-00578,2026-08-30 13:32:28,2026-09-08 03:56:28,Pulmonology,COPD Exacerbation,3,Walk-In,Clear / Mild,76,97,111,70,14,36.3,0,55,8.6,0,,1,5.0,13,6,8,1
ADM-002272,PAT-01560,2026-08-30 13:32:28,2026-09-04 13:32:28,Pediatrics,Pediatric Bronchiolitis / Asthma,4,Ambulance,Clear / Mild,94,96,111,81,17,36.8,0,167,5.0,0,,0,3.3,13,6,8,1
ADM-002273,PAT-02070,2026-08-30 13:32:28,2026-09-04 08:44:28,Pulmonology,Severe Pneumonia / ARDS,3,Physician Referral,Clear / Mild,84,99,115,73,14,36.6,0,47,4.8,0,,0,5.0,13,6,8,1
ADM-002274,PAT-01140,2026-08-30 15:32:28,2026-09-08 08:20:28,Pulmonology,Severe Pneumonia / ARDS,3,Walk-In,Clear / Mild,100,98,167,80,16,35.9,2,50,8.7,0,,0,5.0,15,6,8,1
ADM-002275,PAT-00913,2026-08-30 15:32:28,2026-09-03 15:32:28,General Surgery,Acute Appendicitis / Laparotomy,3,Ambulance,Clear / Mild,76,97,119,96,15,36.9,0,79,4.0,0,,0,4.2,15,6,8,1
ADM-002276,PAT-01734,2026-08-30 15:32:28,2026-09-10 15:32:28,Cardiology,Congestive Heart Failure,3,Walk-In,Clear / Mild,74,95,125,75,15,36.3,0,95,11.0,0,,0,4.9,15,6,8,1
ADM-002277,PAT-02126,2026-08-30 15:32:28,2026-09-13 08:20:28,General Surgery,Gastrointestinal Hemorrhage,3,Walk-In,Clear / Mild,91,98,106,94,14,36.7,0,97,13.7,0,,0,4.5,15,6,8,1
ADM-002278,PAT-01120,2026-08-30 17:32:28,2026-09-09 05:32:28,General Surgery,Acute Appendicitis / Laparotomy,5,Ambulance,Extreme Heat,62,97,109,93,20,36.9,0,151,9.5,0,,0,3.8,17,6,8,1
ADM-002279,PAT-00874,2026-08-30 17:32:28,2026-09-02 15:08:28,General Surgery,Acute Appendicitis / Laparotomy,4,Ambulance,Extreme Heat,79,95,131,69,15,36.8,0,115,2.9,0,,0,3.6,17,6,8,1
ADM-002280,PAT-00941,2026-08-30 17:32:28,2026-09-05 19:56:28,Cardiology,Acute Myocardial Infarction,2,Walk-In,Extreme Heat,137,86,147,78,30,38.2,8,42,6.1,0,,0,4.6,17,6,8,1
ADM-002281,PAT-02461,2026-08-30 17:32:28,2026-09-07 22:20:28,ICU,Acute Renal Failure,2,Ambulance,Extreme Heat,125,92,148,93,10,38.0,3,32,8.2,0,,0,5.0,17,6,8,1
ADM-002282,PAT-01922,2026-08-30 19:32:28,2026-09-15 00:20:28,Pulmonology,Severe Pneumonia / ARDS,4,Walk-In,Clear / Mild,68,98,106,72,14,36.5,0,138,15.2,0,,0,3.9,19,6,8,1
ADM-002283,PAT-00895,2026-08-30 19:32:28,2026-09-04 02:44:28,Pediatrics,Pediatric Bronchiolitis / Asthma,3,Ambulance,Clear / Mild,65,98,124,76,19,36.9,0,110,4.3,0,,1,4.3,19,6,8,1
ADM-002284,PAT-00019,2026-08-30 19:32:28,2026-09-04 02:44:28,Pulmonology,Severe Pneumonia / ARDS,4,Walk-In,Clear / Mild,84,98,116,82,17,36.6,0,25,4.3,0,,1,4.8,19,6,8,1
ADM-002285,PAT-01777,2026-08-30 21:32:28,2026-09-09 21:32:28,General Surgery,Gastrointestinal Hemorrhage,2,Walk-In,Clear / Mild,114,84,108,105,19,38.6,7,27,10.0,0,,0,5.0,21,6,8,1
ADM-002286,PAT-02260,2026-08-30 21:32:28,2026-09-23 02:20:28,ICU,Acute Renal Failure,2,Ambulance,Clear / Mild,121,93,158,90,25,39.6,8,30,23.2,0,,0,5.0,21,6,8,1
ADM-002287,PAT-00062,2026-08-30 21:32:28,2026-09-06 07:08:28,Pediatrics,Pediatric Bronchiolitis / Asthma,3,Walk-In,Clear / Mild,67,97,105,84,14,35.6,0,126,6.4,0,,0,5.0,21,6,8,1
ADM-002288,PAT-01609,2026-08-30 21:32:28,2026-09-04 21:32:28,Cardiology,Acute Myocardial Infarction,3,Walk-In,Clear / Mild,98,96,137,72,13,37.5,0,60,5.0,0,,1,5.0,21,6,8,1
ADM-002289,PAT-00703,2026-08-30 21:32:28,2026-09-09 21:32:28,Cardiology,Congestive Heart Failure,2,Walk-In,Clear / Mild,128,85,154,80,19,38.7,7,46,10.0,0,,1,5.0,21,6,8,1
ADM-002290,PAT-00677,2026-08-30 21:32:28,2026-09-06 23:56:28,ICU,Acute Renal Failure,2,Walk-In,Clear / Mild,97,90,170,105,28,37.9,8,30,7.1,0,,0,4.7,21,6,8,1
ADM-002291,PAT-02157,2026-08-30 23:32:28,2026-09-03 04:20:28,Cardiology,Acute Myocardial Infarction,3,Walk-In,Freezing / Snow,74,99,131,88,14,36.7,0,50,3.2,0,,0,3.8,23,6,8,1
ADM-002292,PAT-02386,2026-08-30 23:32:28,2026-09-09 21:08:28,Pulmonology,Severe Pneumonia / ARDS,3,Walk-In,Freezing / Snow,65,100,118,68,15,37.1,0,101,9.9,0,,0,4.1,23,6,8,1
ADM-002293,PAT-01318,2026-08-31 01:32:28,2026-09-06 23:08:28,Orthopedics,Multiple Trauma / Fracture,3,Walk-In,Clear / Mild,73,97,128,63,14,36.7,0,92,6.9,0,,0,3.9,1,0,8,0
ADM-002294,PAT-01928,2026-08-31 03:32:28,2026-09-03 13:08:28,General Surgery,Acute Appendicitis / Laparotomy,4,Physician Referral,Clear / Mild,77,96,149,93,12,36.7,0,130,3.4,0,,0,3.8,3,0,8,0
ADM-002295,PAT-01710,2026-08-31 05:32:28,2026-09-19 22:20:28,ICU,Acute Renal Failure,3,Ambulance,Extreme Heat,87,99,117,87,18,36.6,0,95,19.7,0,,0,4.1,5,0,8,0
ADM-002296,PAT-01991,2026-08-31 07:32:28,2026-09-06 00:20:28,Pulmonology,Severe Pneumonia / ARDS,4,Ambulance,Freezing / Snow,87,97,129,67,18,37.0,0,53,5.7,0,,0,4.9,7,0,8,0
ADM-002297,PAT-00634,2026-08-31 07:32:28,2026-09-07 07:32:28,Pulmonology,COPD Exacerbation,3,Walk-In,Freezing / Snow,65,98,110,79,14,37.5,0,99,7.0,0,,0,4.5,7,0,8,0
ADM-002298,PAT-02257,2026-08-31 07:32:28,2026-09-07 17:08:28,Pulmonology,Severe Pneumonia / ARDS,3,Ambulance,Freezing / Snow,81,98,123,60,19,36.8,0,101,7.4,0,,0,4.4,7,0,8,0
ADM-002299,PAT-02015,2026-08-31 09:32:28,2026-09-11 14:20:28,Pulmonology,COPD Exacerbation,4,Ambulance,Clear / Mild,79,98,142,76,15,36.4,0,129,11.2,0,,0,2.9,9,0,8,0
ADM-002300,PAT-02413,2026-08-31 09:32:28,2026-09-08 14:20:28,ICU,Acute Renal Failure,3,Ambulance,Clear / Mild,75,97,106,73,17,36.6,0,66,8.2,0,,0,4.5,9,0,8,0
ADM-002301,PAT-01754,2026-08-31 09:32:28,2026-09-07 04:44:28,Pulmonology,COPD Exacerbation,5,Walk-In,Clear / Mild,80,98,112,74,15,36.8,0,207,6.8,0,,0,2.8,9,0,8,0
ADM-002302,PAT-02034,2026-08-31 09:32:28,2026-09-10 09:32:28,Pulmonology,Severe Pneumonia / ARDS,4,Ambulance,Clear / Mild,71,100,139,63,15,37.4,0,72,10.0,0,,0,4.8,9,0,8,0
ADM-002303,PAT-00217,2026-08-31 09:32:28,2026-09-06 04:44:28,ICU,Sepsis / Septic Shock,1,Ambulance,Clear / Mild,114,90,102,102,22,38.6,11,15,5.8,0,,1,5.0,9,0,8,0
ADM-002304,PAT-01793,2026-08-31 09:32:28,2026-09-08 02:20:28,Cardiology,Acute Myocardial Infarction,2,Walk-In,Clear / Mild,123,99,194,79,31,37.8,7,31,7.7,0,,1,4.4,9,0,8,0
ADM-002305,PAT-02337,2026-08-31 09:32:28,2026-09-09 09:32:28,General Surgery,Gastrointestinal Hemorrhage,2,Walk-In,Clear / Mild,136,90,164,48,24,37.6,7,16,9.0,0,,1,4.4,9,0,8,0
ADM-002306,PAT-01311,2026-08-31 11:32:28,2026-09-04 11:32:28,General Surgery,Acute Appendicitis / Laparotomy,5,Walk-In,Clear / Mild,85,96,130,85,16,36.5,0,69,4.0,0,,0,4.3,11,0,8,0
ADM-002307,PAT-01396,2026-08-31 11:32:28,2026-09-08 21:08:28,Cardiology,Congestive Heart Failure,3,Walk-In,Clear / Mild,85,96,127,86,16,36.4,0,83,8.4,0,,0,3.5,11,0,8,0
ADM-002308,PAT-01975,2026-08-31 11:32:28,2026-09-10 16:20:28,Orthopedics,Multiple Trauma / Fracture,4,Walk-In,Clear / Mild,75,97,127,60,15,36.4,0,73,10.2,0,,0,3.8,11,0,8,0
ADM-002309,PAT-01280,2026-08-31 13:32:28,2026-09-11 23:08:28,ICU,Sepsis / Septic Shock,2,Ambulance,Clear / Mild,119,98,143,119,25,38.3,5,53,11.4,0,,1,4.3,13,0,8,0
ADM-002310,PAT-00244,2026-08-31 13:32:28,2026-09-08 08:44:28,ICU,Diabetic Ketoacidosis (DKA),2,Walk-In,Clear / Mild,152,87,141,108,25,38.6,10,52,7.8,0,,0,4.1,13,0,8,0
ADM-002311,PAT-00838,2026-08-31 13:32:28,2026-09-08 15:56:28,Pulmonology,Severe Pneumonia / ARDS,5,Walk-In,Clear / Mild,98,97,126,88,16,37.2,0,124,8.1,0,,0,5.0,13,0,8,0
ADM-002312,PAT-02041,2026-08-31 13:32:28,2026-09-10 18:20:28,ICU,Diabetic Ketoacidosis (DKA),2,Walk-In,Clear / Mild,127,93,168,108,31,38.3,8,35,10.2,0,,0,4.7,13,0,8,0
ADM-002313,PAT-01567,2026-08-31 13:32:28,2026-09-03 23:08:28,Pulmonology,COPD Exacerbation,5,Helicopter EMS,Clear / Mild,85,99,119,78,17,37.1,0,137,3.4,0,,1,4.2,13,0,8,0
ADM-002314,PAT-02080,2026-08-31 15:32:28,2026-09-06 13:08:28,Cardiology,Acute Myocardial Infarction,2,Ambulance,Clear / Mild,88,83,163,95,29,36.3,8,44,5.9,0,,0,5.0,15,0,8,0
ADM-002315,PAT-01971,2026-08-31 15:32:28,2026-09-05 22:44:28,Cardiology,Congestive Heart Failure,3,Ambulance,Clear / Mild,94,100,103,78,16,36.1,0,103,5.3,0,,1,3.9,15,0,8,0
ADM-002316,PAT-01005,2026-08-31 15:32:28,2026-09-13 20:20:28,Neurology,Acute Ischemic Stroke,3,Ambulance,Clear / Mild,99,98,110,78,13,37.0,0,111,13.2,0,,0,3.9,15,0,8,0
ADM-002317,PAT-00251,2026-08-31 15:32:28,2026-09-03 20:20:28,ICU,Diabetic Ketoacidosis (DKA),3,Walk-In,Clear / Mild,77,98,102,87,16,36.5,0,63,3.2,0,,1,4.6,15,0,8,0
ADM-002318,PAT-01235,2026-08-31 15:32:28,2026-09-12 17:56:28,Neurology,Acute Ischemic Stroke,2,Ambulance,Clear / Mild,146,97,120,84,18,39.3,4,45,12.1,0,,0,4.8,15,0,8,0
ADM-002319,PAT-00741,2026-08-31 15:32:28,2026-09-04 22:44:28,ICU,Acute Renal Failure,2,Ambulance,Clear / Mild,105,86,181,103,15,38.0,5,50,4.3,0,,0,5.0,15,0,8,0
ADM-002320,PAT-00912,2026-08-31 15:32:28,2026-09-04 13:08:28,General Surgery,Acute Appendicitis / Laparotomy,5,Walk-In,Clear / Mild,80,96,136,67,12,36.9,0,166,3.9,0,,0,3.1,15,0,8,0
ADM-002321,PAT-00274,2026-08-31 15:32:28,2026-09-12 17:56:28,Cardiology,Acute Myocardial Infarction,2,Physician Referral,Clear / Mild,148,91,177,82,29,38.2,10,43,12.1,0,,0,4.6,15,0,8,0
ADM-002322,PAT-01693,2026-08-31 17:32:28,2026-09-07 03:08:28,General Surgery,Acute Appendicitis / Laparotomy,5,Ambulance,High Smog / Poor AQI,54,94,140,70,19,37.3,1,82,6.4,0,,0,5.0,17,0,8,0
ADM-002323,PAT-01705,2026-08-31 17:32:28,2026-09-04 15:08:28,Pulmonology,COPD Exacerbation,4,Walk-In,High Smog / Poor AQI,64,97,88,73,15,36.3,2,92,3.9,0,,0,3.7,17,0,8,0
ADM-002324,PAT-01428,2026-08-31 17:32:28,2026-09-07 12:44:28,Pulmonology,Severe Pneumonia / ARDS,3,Helicopter EMS,High Smog / Poor AQI,67,98,123,78,14,36.3,0,69,6.8,0,,0,5.0,17,0,8,0
ADM-002325,PAT-02066,2026-08-31 17:32:28,2026-09-10 00:44:28,Cardiology,Congestive Heart Failure,3,Ambulance,High Smog / Poor AQI,76,97,128,61,13,36.5,0,91,9.3,0,,0,4.0,17,0,8,0
ADM-002326,PAT-00455,2026-08-31 19:32:28,2026-09-08 19:32:28,Cardiology,Congestive Heart Failure,3,Walk-In,Clear / Mild,88,97,104,72,15,36.5,0,51,8.0,0,,0,4.9,19,0,8,0
ADM-002327,PAT-02352,2026-08-31 19:32:28,2026-09-07 21:56:28,Pulmonology,COPD Exacerbation,3,Walk-In,Clear / Mild,67,98,140,80,18,36.8,0,78,7.1,0,,1,4.1,19,0,8,0
ADM-002328,PAT-00555,2026-08-31 19:32:28,2026-09-07 17:08:28,Neurology,Acute Ischemic Stroke,3,Walk-In,Clear / Mild,71,97,131,89,17,37.1,0,97,6.9,0,,0,4.6,19,0,8,0
ADM-002329,PAT-00337,2026-08-31 19:32:28,2026-09-05 19:32:28,Neurology,Acute Ischemic Stroke,2,Ambulance,Clear / Mild,157,94,147,99,19,38.2,3,47,5.0,0,,1,4.6,19,0,8,0
ADM-002330,PAT-02131,2026-08-31 21:32:28,2026-09-09 02:20:28,Pulmonology,COPD Exacerbation,3,Ambulance,High Smog / Poor AQI,87,100,109,80,18,36.6,0,63,8.2,0,,0,4.4,21,0,8,0
ADM-002331,PAT-00587,2026-08-31 21:32:28,2026-09-18 09:32:28,Orthopedics,Multiple Trauma / Fracture,3,Walk-In,High Smog / Poor AQI,85,96,111,73,12,36.7,0,88,17.5,0,,0,4.3,21,0,8,0
ADM-002332,PAT-01731,2026-08-31 21:32:28,2026-09-05 16:44:28,Cardiology,Acute Myocardial Infarction,2,Walk-In,High Smog / Poor AQI,124,86,146,83,31,37.9,8,35,4.8,0,,1,5.0,21,0,8,0
ADM-002333,PAT-00506,2026-08-31 21:32:28,2026-09-06 14:20:28,General Surgery,Gastrointestinal Hemorrhage,3,Walk-In,High Smog / Poor AQI,78,96,127,74,16,37.0,0,78,5.7,0,,0,5.0,21,0,8,0
ADM-002334,PAT-01790,2026-08-31 21:32:28,2026-10-01 09:32:28,ICU,Sepsis / Septic Shock,1,Helicopter EMS,High Smog / Poor AQI,129,89,168,92,23,37.5,11,17,30.5,0,,0,5.0,21,0,8,0
ADM-002335,PAT-01003,2026-08-31 23:32:28,2026-09-05 16:20:28,General Surgery,Gastrointestinal Hemorrhage,3,Ambulance,Clear / Mild,67,99,116,92,14,37.4,0,75,4.7,0,,0,4.5,23,0,8,0
ADM-002336,PAT-02372,2026-09-01 01:32:28,2026-09-04 11:08:28,General Surgery,Acute Appendicitis / Laparotomy,3,Walk-In,Extreme Heat,65,99,127,72,14,36.7,0,97,3.4,0,,0,3.9,1,1,9,0
ADM-002337,PAT-01341,2026-09-01 03:32:28,2026-09-08 17:56:28,General Surgery,Acute Appendicitis / Laparotomy,5,Walk-In,Clear / Mild,72,97,129,64,17,36.6,0,91,7.6,0,,0,4.8,3,1,9,0
ADM-002338,PAT-00646,2026-09-01 03:32:28,2026-09-14 13:08:28,Neurology,Acute Ischemic Stroke,3,Ambulance,Clear / Mild,68,96,101,87,15,36.6,0,108,13.4,0,,0,4.0,3,1,9,0
ADM-002339,PAT-01860,2026-09-01 05:32:28,2026-09-04 15:08:28,General Surgery,Acute Appendicitis / Laparotomy,4,Walk-In,Clear / Mild,87,98,109,82,16,37.0,0,129,3.4,0,,0,3.7,5,1,9,0
ADM-002340,PAT-02200,2026-09-01 05:32:28,2026-09-09 05:32:28,Pulmonology,Severe Pneumonia / ARDS,4,Ambulance,Clear / Mild,86,97,116,83,15,37.7,0,154,8.0,0,,0,3.8,5,1,9,0
ADM-002341,PAT-00347,2026-09-01 05:32:28,2026-09-04 15:08:28,Pediatrics,Pediatric Bronchiolitis / Asthma,4,Ambulance,Clear / Mild,72,99,134,89,15,36.3,0,121,3.4,0,,0,3.6,5,1,9,0
ADM-002342,PAT-01230,2026-09-01 05:32:28,2026-09-08 12:44:28,Pediatrics,Pediatric Bronchiolitis / Asthma,3,Walk-In,Clear / Mild,104,98,122,74,17,37.7,0,67,7.3,0,,0,5.0,5,1,9,0
ADM-002343,PAT-01368,2026-09-01 05:32:28,2026-09-06 15:08:28,Pediatrics,Pediatric Bronchiolitis / Asthma,4,Ambulance,Clear / Mild,87,97,111,77,16,36.2,0,167,5.4,0,,0,3.2,5,1,9,0
ADM-002344,PAT-01132,2026-09-01 05:32:28,2026-09-15 07:56:28,Pulmonology,COPD Exacerbation,4,Walk-In,Clear / Mild,71,98,112,92,12,37.0,0,85,14.1,0,,0,3.7,5,1,9,0
ADM-002345,PAT-01223,2026-09-01 05:32:28,2026-09-09 17:32:28,Orthopedics,Multiple Trauma / Fracture,3,Walk-In,Clear / Mild,81,98,124,72,15,36.8,0,61,8.5,0,,0,4.7,5,1,9,0
ADM-002346,PAT-00124,2026-09-01 07:32:28,2026-09-07 12:20:28,Pulmonology,Severe Pneumonia / ARDS,3,Walk-In,Clear / Mild,73,96,124,88,16,36.5,0,73,6.2,0,,0,4.9,7,1,9,0
ADM-002347,PAT-00640,2026-09-01 07:32:28,2026-09-09 07:32:28,General Surgery,Gastrointestinal Hemorrhage,2,Walk-In,Clear / Mild,111,91,139,87,18,38.8,7,30,8.0,0,,0,5.0,7,1,9,0
ADM-002348,PAT-01048,2026-09-01 07:32:28,2026-09-05 00:20:28,General Surgery,Acute Appendicitis / Laparotomy,5,Ambulance,Clear / Mild,68,99,135,70,17,37.1,0,137,3.7,0,,0,3.5,7,1,9,0
ADM-002349,PAT-02000,2026-09-01 09:32:28,2026-09-05 04:44:28,Pediatrics,Pediatric Bronchiolitis / Asthma,4,Ambulance,Clear / Mild,63,96,96,66,14,36.8,0,105,3.8,0,,0,3.5,9,1,9,0
ADM-002350,PAT-01234,2026-09-01 09:32:28,2026-09-14 14:20:28,Orthopedics,Multiple Trauma / Fracture,3,Walk-In,Clear / Mild,53,97,123,95,16,36.1,0,92,13.2,0,,0,4.4,9,1,9,0
ADM-002351,PAT-00936,2026-09-01 11:32:28,2026-09-07 18:44:28,Orthopedics,Multiple Trauma / Fracture,3,Ambulance,Rain / Storm,65,98,126,90,15,37.0,0,122,6.3,0,,0,4.7,11,1,9,0
ADM-002352,PAT-00183,2026-09-01 11:32:28,2026-09-05 13:56:28,General Surgery,Gastrointestinal Hemorrhage,2,Walk-In,Rain / Storm,128,88,160,91,25,38.1,8,37,4.1,0,,1,4.7,11,1,9,0
ADM-002353,PAT-01269,2026-09-01 11:32:28,2026-09-11 11:32:28,ICU,Acute Renal Failure,2,Walk-In,Rain / Storm,140,80,139,83,24,37.6,5,47,10.0,0,,0,4.0,11,1,9,0
ADM-002354,PAT-02029,2026-09-01 11:32:28,2026-09-08 04:20:28,Neurology,Acute Ischemic Stroke,2,Ambulance,Rain / Storm,128,85,112,97,29,37.9,8,43,6.7,0,,1,4.4,11,1,9,0
ADM-002355,PAT-01017,2026-09-01 11:32:28,2026-09-07 21:08:28,Cardiology,Congestive Heart Failure,2,Walk-In,Rain / Storm,100,84,135,88,29,38.4,6,50,6.4,0,,0,4.7,11,1,9,0
ADM-002356,PAT-01997,2026-09-01 11:32:28,2026-09-07 21:08:28,Pediatrics,Pediatric Bronchiolitis / Asthma,4,Ambulance,Rain / Storm,89,99,121,81,10,36.9,0,81,6.4,0,,0,5.0,11,1,9,0
ADM-002357,PAT-01579,2026-09-01 11:32:28,2026-09-05 21:08:28,Pulmonology,Severe Pneumonia / ARDS,3,Walk-In,Rain / Storm,76,96,109,80,17,36.9,0,59,4.4,0,,0,4.1,11,1,9,0
ADM-002358,PAT-01415,2026-09-01 11:32:28,2026-09-10 23:32:28,Pulmonology,Severe Pneumonia / ARDS,4,Ambulance,Rain / Storm,85,97,109,84,19,37.2,0,91,9.5,0,,0,5.0,11,1,9,0
ADM-002359,PAT-00825,2026-09-01 13:32:28,2026-09-07 08:44:28,ICU,Sepsis / Septic Shock,2,Ambulance,Rain / Storm,148,84,162,62,36,39.4,12,33,5.8,0,,0,4.2,13,1,9,0
ADM-002360,PAT-02057,2026-09-01 13:32:28,2026-09-09 01:32:28,Pulmonology,COPD Exacerbation,5,Physician Referral,Rain / Storm,79,98,110,77,12,36.8,0,132,7.5,0,,0,2.7,13,1,9,0
ADM-002361,PAT-01733,2026-09-01 13:32:28,2026-09-06 01:32:28,Orthopedics,Multiple Trauma / Fracture,4,Walk-In,Rain / Storm,81,99,148,93,18,36.8,0,174,4.5,0,,0,3.8,13,1,9,0
ADM-002362,PAT-01918,2026-09-01 13:32:28,2026-09-08 23:08:28,Cardiology,Congestive Heart Failure,3,Walk-In,Rain / Storm,70,100,110,68,16,36.1,0,82,7.4,0,,0,4.4,13,1,9,0
ADM-002363,PAT-01706,2026-09-01 13:32:28,2026-09-09 08:44:28,Cardiology,Congestive Heart Failure,3,Walk-In,Rain / Storm,78,96,100,85,16,37.0,0,117,7.8,0,,0,2.8,13,1,9,0
ADM-002364,PAT-01236,2026-09-01 13:32:28,2026-09-24 23:08:28,Cardiology,Acute Myocardial Infarction,2,Walk-In,Rain / Storm,142,91,126,95,26,38.0,8,43,23.4,0,,0,4.7,13,1,9,0
ADM-002365,PAT-01590,2026-09-01 13:32:28,2026-09-07 03:56:28,Pulmonology,Severe Pneumonia / ARDS,3,Walk-In,Rain / Storm,72,98,152,75,12,35.9,0,130,5.6,0,,0,5.0,13,1,9,0
ADM-002366,PAT-01518,2026-09-01 13:32:28,2026-09-08 15:56:28,Pulmonology,COPD Exacerbation,3,Walk-In,Rain / Storm,59,96,112,60,18,37.0,0,24,7.1,0,,0,4.9,13,1,9,0
ADM-002367,PAT-00849,2026-09-01 15:32:28,2026-09-05 22:44:28,Pediatrics,Pediatric Bronchiolitis / Asthma,3,Physician Referral,Clear / Mild,63,97,136,88,19,37.0,0,63,4.3,0,,0,5.0,15,1,9,0
ADM-002368,PAT-01069,2026-09-01 15:32:28,2026-09-07 22:44:28,Pulmonology,COPD Exacerbation,5,Walk-In,Clear / Mild,59,97,105,87,18,36.4,0,146,6.3,0,,0,4.1,15,1,9,0
ADM-002369,PAT-02487,2026-09-01 15:32:28,2026-09-13 15:32:28,Orthopedics,Multiple Trauma / Fracture,3,Walk-In,Clear / Mild,76,98,142,83,15,37.1,0,44,12.0,0,,0,4.4,15,1,9,0
ADM-002370,PAT-01760,2026-09-01 15:32:28,2026-09-11 15:32:28,Pediatrics,Pediatric Bronchiolitis / Asthma,3,Ambulance,Clear / Mild,62,99,123,77,14,36.6,0,24,10.0,0,,0,5.0,15,1,9,0
ADM-002371,PAT-01589,2026-09-01 15:32:28,2026-09-04 08:20:28,Pediatrics,Pediatric Bronchiolitis / Asthma,3,Walk-In,Clear / Mild,86,99,128,74,17,37.0,0,80,2.7,0,,0,3.4,15,1,9,0
ADM-002372,PAT-02079,2026-09-01 17:32:28,2026-09-10 03:08:28,ICU,Acute Renal Failure,3,Walk-In,Rain / Storm,71,96,122,70,17,36.8,0,80,8.4,0,,0,3.4,17,1,9,0
ADM-002373,PAT-02342,2026-09-01 17:32:28,2026-09-16 05:32:28,Orthopedics,Multiple Trauma / Fracture,5,Walk-In,Rain / Storm,72,97,104,77,17,37.5,0,178,14.5,0,,1,3.1,17,1,9,0
ADM-002374,PAT-00209,2026-09-01 17:32:28,2026-09-17 19:56:28,Pulmonology,Severe Pneumonia / ARDS,4,Walk-In,Rain / Storm,64,98,111,79,17,36.1,0,122,16.1,0,,0,4.4,17,1,9,0
ADM-002375,PAT-00751,2026-09-01 17:32:28,2026-09-11 17:32:28,ICU,Sepsis / Septic Shock,2,Ambulance,Rain / Storm,142,86,119,79,28,38.0,8,39,10.0,0,,0,4.5,17,1,9,0
ADM-002376,PAT-01729,2026-09-01 17:32:28,2026-09-10 05:32:28,Pulmonology,Severe Pneumonia / ARDS,3,Walk-In,Rain / Storm,77,95,102,73,17,36.6,0,49,8.5,0,,1,4.0,17,1,9,0
ADM-002377,PAT-01661,2026-09-01 19:32:28,2026-09-05 17:08:28,Pediatrics,Pediatric Bronchiolitis / Asthma,5,Ambulance,Clear / Mild,62,99,123,100,14,36.5,0,68,3.9,0,,1,5.0,19,1,9,0
ADM-002378,PAT-01600,2026-09-01 19:32:28,2026-09-10 12:20:28,Neurology,Acute Ischemic Stroke,3,Ambulance,Clear / Mild,64,100,120,74,18,36.8,0,102,8.7,0,,1,3.5,19,1,9,0
ADM-002379,PAT-01742,2026-09-01 21:32:28,2026-09-27 04:44:28,Neurology,Acute Ischemic Stroke,2,Ambulance,Extreme Heat,93,89,125,87,21,38.9,5,33,25.3,0,,1,4.3,21,1,9,0
ADM-002380,PAT-02147,2026-09-01 21:32:28,2026-09-07 16:44:28,Pulmonology,COPD Exacerbation,4,Walk-In,Extreme Heat,102,100,110,89,15,36.9,0,152,5.8,0,,0,4.4,21,1,9,0
ADM-002381,PAT-00615,2026-09-01 23:32:28,2026-09-30 16:20:28,ICU,Sepsis / Septic Shock,1,Ambulance,Clear / Mild,155,92,184,109,22,38.7,11,4,28.7,0,,1,5.0,23,1,9,0
ADM-002382,PAT-01446,2026-09-01 23:32:28,2026-09-09 23:32:28,General Surgery,Acute Appendicitis / Laparotomy,3,Walk-In,Clear / Mild,71,97,118,78,21,36.6,0,44,8.0,0,,0,4.1,23,1,9,0
ADM-002383,PAT-00681,2026-09-01 23:32:28,2026-09-05 01:56:28,Pediatrics,Pediatric Bronchiolitis / Asthma,4,Ambulance,Clear / Mild,73,98,106,74,16,36.5,0,126,3.1,0,,1,3.8,23,1,9,0
ADM-002384,PAT-00035,2026-09-02 01:32:28,2026-09-09 11:08:28,General Surgery,Gastrointestinal Hemorrhage,2,Ambulance,Clear / Mild,105,84,127,77,32,37.0,6,38,7.4,0,,1,5.0,1,2,9,0
ADM-002385,PAT-00893,2026-09-02 03:32:28,2026-09-21 17:56:28,ICU,Sepsis / Septic Shock,1,Ambulance,Clear / Mild,127,95,138,85,28,37.1,9,12,19.6,0,,1,4.4,3,2,9,0
ADM-002386,PAT-01561,2026-09-02 05:32:28,2026-09-22 12:44:28,Neurology,Acute Ischemic Stroke,3,Walk-In,Rain / Storm,59,97,122,95,17,36.6,0,84,20.3,0,,0,3.9,5,2,9,0
ADM-002387,PAT-00940,2026-09-02 05:32:28,2026-09-09 00:44:28,Pulmonology,COPD Exacerbation,4,Walk-In,Rain / Storm,80,95,129,82,13,37.2,0,162,6.8,0,,0,3.7,5,2,9,0
ADM-002388,PAT-00620,2026-09-02 07:32:28,2026-09-09 02:44:28,Cardiology,Acute Myocardial Infarction,3,Ambulance,Rain / Storm,79,98,128,61,16,37.3,0,94,6.8,0,,0,4.7,7,2,9,0
ADM-002389,PAT-01759,2026-09-02 07:32:28,2026-09-23 09:56:28,ICU,Acute Renal Failure,3,Ambulance,Rain / Storm,73,97,132,81,17,36.6,0,84,21.1,0,,1,4.9,7,2,9,0
ADM-002390,PAT-00569,2026-09-02 09:32:28,2026-09-06 07:08:28,ICU,Acute Renal Failure,2,Walk-In,High Smog / Poor AQI,121,84,128,104,25,39.0,10,27,3.9,0,,0,5.0,9,2,9,0
ADM-002391,PAT-00263,2026-09-02 09:32:28,2026-09-05 23:56:28,General Surgery,Gastrointestinal Hemorrhage,2,Ambulance,High Smog / Poor AQI,82,90,99,73,21,37.6,3,48,3.6,0,,0,4.5,9,2,9,0
ADM-002392,PAT-00322,2026-09-02 09:32:28,2026-09-05 16:44:28,General Surgery,Acute Appendicitis / Laparotomy,3,Ambulance,High Smog / Poor AQI,96,96,90,74,13,36.4,2,47,3.3,0,,0,5.0,9,2,9,0
ADM-002393,PAT-00857,2026-09-02 09:32:28,2026-09-07 16:44:28,ICU,Acute Renal Failure,2,Walk-In,High Smog / Poor AQI,126,94,164,59,20,38.4,5,29,5.3,0,,0,4.9,9,2,9,0
ADM-002394,PAT-01245,2026-09-02 09:32:28,2026-09-04 14:20:28,General Surgery,Acute Appendicitis / Laparotomy,3,Walk-In,High Smog / Poor AQI,61,100,122,83,16,36.8,0,66,2.2,0,,0,4.5,9,2,9,0
ADM-002395,PAT-01697,2026-09-02 09:32:28,2026-09-05 09:32:28,Pulmonology,COPD Exacerbation,4,Walk-In,High Smog / Poor AQI,82,98,135,84,14,37.3,0,72,3.0,0,,1,4.9,9,2,9,0
ADM-002396,PAT-00824,2026-09-02 09:32:28,,ICU,Acute Renal Failure,2,Walk-In,High Smog / Poor AQI,154,92,165,109,23,37.9,5,43,31.0,1,BED-145,0,5.0,9,2,9,0
ADM-002397,PAT-02463,2026-09-02 09:32:28,2026-09-15 11:56:28,Pulmonology,Severe Pneumonia / ARDS,5,Walk-In,High Smog / Poor AQI,79,96,122,89,16,36.8,0,84,13.1,0,,1,4.5,9,2,9,0
ADM-002398,PAT-01414,2026-09-02 11:32:28,2026-09-11 21:08:28,ICU,Acute Renal Failure,3,Ambulance,Clear / Mild,83,98,120,84,16,36.7,0,87,9.4,0,,1,3.8,11,2,9,0
ADM-002399,PAT-00823,2026-09-02 11:32:28,2026-09-15 01:56:28,ICU,Sepsis / Septic Shock,2,Ambulance,Clear / Mild,120,86,140,92,31,39.1,10,24,12.6,0,,1,5.0,11,2,9,0
ADM-002400,PAT-01836,2026-09-02 11:32:28,2026-09-05 01:56:28,General Surgery,Gastrointestinal Hemorrhage,2,Walk-In,Clear / Mild,151,92,154,81,23,38.9,5,50,2.6,0,,1,5.0,11,2,9,0
ADM-002401,PAT-00195,2026-09-02 13:32:28,2026-09-09 15:56:28,General Surgery,Gastrointestinal Hemorrhage,2,Walk-In,Clear / Mild,144,90,151,103,32,37.3,8,44,7.1,0,,0,4.3,13,2,9,0
ADM-002402,PAT-02276,2026-09-02 13:32:28,2026-09-18 20:44:28,Cardiology,Acute Myocardial Infarction,2,Walk-In,Clear / Mild,113,89,166,107,26,39.3,12,31,16.3,0,,0,4.4,13,2,9,0
ADM-002403,PAT-01631,2026-09-02 13:32:28,2026-09-12 20:44:28,Pulmonology,COPD Exacerbation,3,Ambulance,Clear / Mild,78,96,103,70,16,37.0,0,54,10.3,0,,0,4.6,13,2,9,0
ADM-002404,PAT-02473,2026-09-02 15:32:28,2026-09-06 17:56:28,Cardiology,Congestive Heart Failure,2,Walk-In,Rain / Storm,124,90,183,100,28,38.6,12,39,4.1,0,,0,4.5,15,2,9,0
ADM-002405,PAT-02070,2026-09-02 15:32:28,2026-09-17 10:44:28,Neurology,Acute Ischemic Stroke,2,Helicopter EMS,Rain / Storm,100,87,124,108,35,39.3,8,43,14.8,0,,0,5.0,15,2,9,0
ADM-002406,PAT-00303,2026-09-02 15:32:28,2026-09-11 20:20:28,Pulmonology,COPD Exacerbation,3,Ambulance,Rain / Storm,66,100,107,70,15,36.8,0,73,9.2,0,,0,4.8,15,2,9,0
ADM-002407,PAT-01695,2026-09-02 15:32:28,2026-09-07 03:32:28,Pulmonology,Severe Pneumonia / ARDS,4,Walk-In,Rain / Storm,75,97,118,75,15,36.3,0,91,4.5,0,,0,5.0,15,2,9,0
ADM-002408,PAT-01673,2026-09-02 15:32:28,2026-09-11 08:20:28,Pulmonology,COPD Exacerbation,3,Ambulance,Rain / Storm,63,98,116,73,14,37.8,0,111,8.7,0,,1,3.9,15,2,9,0
ADM-002409,PAT-00683,2026-09-02 15:32:28,2026-09-12 22:44:28,ICU,Sepsis / Septic Shock,2,Ambulance,Rain / Storm,131,89,157,108,21,38.5,5,23,10.3,0,,0,4.8,15,2,9,0
ADM-002410,PAT-02325,2026-09-02 15:32:28,2026-09-18 05:56:28,ICU,Acute Renal Failure,2,Walk-In,Rain / Storm,116,85,149,77,24,37.9,5,25,15.6,0,,0,5.0,15,2,9,0
ADM-002411,PAT-00098,2026-09-02 15:32:28,2026-09-17 20:20:28,ICU,Sepsis / Septic Shock,2,Ambulance,Rain / Storm,106,90,187,101,25,36.7,8,58,15.2,0,,1,4.6,15,2,9,0
ADM-002412,PAT-00778,2026-09-02 17:32:28,2026-09-09 05:32:28,ICU,Acute Renal Failure,3,Ambulance,Rain / Storm,73,97,131,75,17,36.6,0,95,6.5,0,,0,3.9,17,2,9,0
ADM-002413,PAT-01311,2026-09-02 17:32:28,2026-09-07 00:44:28,General Surgery,Acute Appendicitis / Laparotomy,3,Ambulance,Rain / Storm,86,97,133,68,14,37.2,0,104,4.3,0,,0,4.1,17,2,9,0
ADM-002414,PAT-01619,2026-09-02 17:32:28,2026-09-09 05:32:28,Cardiology,Congestive Heart Failure,3,Walk-In,Rain / Storm,87,100,130,73,18,36.9,0,68,6.5,0,,0,4.3,17,2,9,0
ADM-002415,PAT-01790,2026-09-02 17:32:28,2026-09-13 17:32:28,Pulmonology,COPD Exacerbation,4,Walk-In,Rain / Storm,60,97,129,71,12,37.4,0,173,11.0,0,,0,4.7,17,2,9,0
ADM-002416,PAT-00140,2026-09-02 17:32:28,2026-09-06 10:20:28,General Surgery,Gastrointestinal Hemorrhage,3,Ambulance,Rain / Storm,61,96,100,66,16,36.2,0,62,3.7,0,,0,3.9,17,2,9,0
ADM-002417,PAT-01640,2026-09-02 19:32:28,2026-09-10 07:32:28,General Surgery,Gastrointestinal Hemorrhage,2,Walk-In,Clear / Mild,139,88,137,88,20,37.4,5,21,7.5,0,,0,4.3,19,2,9,0
ADM-002418,PAT-02312,2026-09-02 19:32:28,2026-09-28 12:20:28,General Surgery,Gastrointestinal Hemorrhage,3,Ambulance,Clear / Mild,69,94,113,63,16,36.8,1,40,25.7,0,,0,4.9,19,2,9,0
ADM-002419,PAT-02422,2026-09-02 21:32:28,2026-09-14 16:44:28,Neurology,Acute Ischemic Stroke,2,Walk-In,High Smog / Poor AQI,136,97,146,92,28,39.6,7,17,11.8,0,,1,4.9,21,2,9,0
ADM-002420,PAT-00357,2026-09-02 23:32:28,2026-09-25 04:20:28,ICU,Sepsis / Septic Shock,2,Walk-In,Rain / Storm,94,87,174,102,31,39.1,10,43,22.2,0,,1,4.7,23,2,9,0
ADM-002421,PAT-01341,2026-09-03 01:32:28,2026-09-15 01:32:28,ICU,Acute Renal Failure,2,Walk-In,Clear / Mild,109,93,141,109,28,37.6,4,4,12.0,0,,0,5.0,1,3,9,0
ADM-002422,PAT-01796,2026-09-03 05:32:28,2026-09-19 07:56:28,ICU,Sepsis / Septic Shock,1,Helicopter EMS,High Smog / Poor AQI,137,84,150,89,22,40.1,11,10,16.1,0,,0,5.0,5,3,9,0
ADM-002423,PAT-02256,2026-09-03 09:32:28,2026-09-05 14:20:28,ICU,Diabetic Ketoacidosis (DKA),2,Walk-In,Rain / Storm,154,86,156,91,30,38.5,8,23,2.2,0,,1,5.0,9,3,9,0
ADM-002424,PAT-02367,2026-09-03 09:32:28,2026-09-06 04:44:28,Pediatrics,Pediatric Bronchiolitis / Asthma,3,Ambulance,Rain / Storm,86,98,108,63,16,35.6,0,5,2.8,0,,0,4.8,9,3,9,0
ADM-002425,PAT-00901,2026-09-03 09:32:28,2026-09-11 02:20:28,General Surgery,Acute Appendicitis / Laparotomy,3,Walk-In,Rain / Storm,83,98,94,71,15,36.5,2,121,7.7,0,,0,3.7,9,3,9,0
ADM-002426,PAT-00916,2026-09-03 09:32:28,2026-09-11 23:56:28,Pulmonology,Severe Pneumonia / ARDS,4,Walk-In,Rain / Storm,73,99,102,70,14,36.8,0,174,8.6,0,,0,3.1,9,3,9,0
ADM-002427,PAT-01538,2026-09-03 09:32:28,2026-09-07 14:20:28,Pulmonology,COPD Exacerbation,3,Walk-In,Rain / Storm,65,98,117,83,13,36.5,0,66,4.2,0,,0,4.5,9,3,9,0
ADM-002428,PAT-02373,2026-09-03 09:32:28,2026-09-14 14:20:28,ICU,Acute Renal Failure,3,Walk-In,Rain / Storm,72,99,127,77,14,37.1,0,71,11.2,0,,0,4.0,9,3,9,0
ADM-002429,PAT-01336,2026-09-03 09:32:28,2026-09-06 11:56:28,General Surgery,Acute Appendicitis / Laparotomy,4,Ambulance,Rain / Storm,75,97,110,63,18,36.6,0,119,3.1,0,,0,3.8,9,3,9,0
ADM-002430,PAT-02413,2026-09-03 09:32:28,2026-09-14 19:08:28,Orthopedics,Multiple Trauma / Fracture,3,Walk-In,Rain / Storm,101,98,119,67,13,36.1,0,71,11.4,0,,0,4.1,9,3,9,0
ADM-002431,PAT-00825,2026-09-03 11:32:28,2026-09-04 21:08:28,Pediatrics,Pediatric Bronchiolitis / Asthma,3,Walk-In,Extreme Heat,87,96,122,87,18,36.8,0,53,1.4,0,,0,4.9,11,3,9,0
ADM-002432,PAT-00024,2026-09-03 11:32:28,2026-09-08 01:56:28,Pediatrics,Pediatric Bronchiolitis / Asthma,5,Physician Referral,Extreme Heat,76,98,116,88,16,37.1,0,82,4.6,0,,0,4.6,11,3,9,0
ADM-002433,PAT-01744,2026-09-03 11:32:28,2026-09-13 21:08:28,ICU,Diabetic Ketoacidosis (DKA),3,Walk-In,Extreme Heat,82,96,108,79,17,37.5,0,69,10.4,0,,0,3.6,11,3,9,0
ADM-002434,PAT-00206,2026-09-03 11:32:28,2026-09-09 13:56:28,Pulmonology,COPD Exacerbation,4,Walk-In,Extreme Heat,81,99,131,69,13,36.9,0,121,6.1,0,,0,4.4,11,3,9,0
ADM-002435,PAT-00239,2026-09-03 11:32:28,2026-09-11 01:56:28,ICU,Sepsis / Septic Shock,1,Ambulance,Extreme Heat,99,92,143,95,31,37.4,8,15,7.6,0,,0,5.0,11,3,9,0
ADM-002436,PAT-01719,2026-09-03 13:32:28,2026-09-23 20:44:28,ICU,Sepsis / Septic Shock,1,Helicopter EMS,Clear / Mild,96,87,91,113,24,37.8,9,12,20.3,0,,0,5.0,13,3,9,0
ADM-002437,PAT-00134,2026-09-03 13:32:28,2026-09-06 08:44:28,Pediatrics,Pediatric Bronchiolitis / Asthma,3,Walk-In,Clear / Mild,96,100,113,87,16,36.2,0,47,2.8,0,,1,4.3,13,3,9,0
ADM-002438,PAT-00372,2026-09-03 13:32:28,2026-09-10 18:20:28,Pulmonology,Severe Pneumonia / ARDS,3,Ambulance,Clear / Mild,105,97,144,75,17,37.4,0,115,7.2,0,,0,4.7,13,3,9,0
ADM-002439,PAT-01913,2026-09-03 13:32:28,2026-09-11 23:08:28,General Surgery,Gastrointestinal Hemorrhage,2,Walk-In,Clear / Mild,116,84,157,82,31,37.9,8,27,8.4,0,,0,4.2,13,3,9,0
ADM-002440,PAT-00228,2026-09-03 13:32:28,2026-09-10 08:44:28,Cardiology,Acute Myocardial Infarction,2,Walk-In,Clear / Mild,118,94,172,83,23,37.5,5,52,6.8,0,,0,4.0,13,3,9,0
ADM-002441,PAT-01807,2026-09-03 15:32:28,2026-09-09 01:08:28,General Surgery,Gastrointestinal Hemorrhage,2,Walk-In,Clear / Mild,132,90,160,107,26,38.9,10,37,5.4,0,,0,4.6,15,3,9,0
ADM-002442,PAT-01000,2026-09-03 15:32:28,2026-09-19 05:56:28,Orthopedics,Multiple Trauma / Fracture,4,Walk-In,Clear / Mild,79,98,112,74,16,36.7,0,91,15.6,0,,0,3.8,15,3,9,0
ADM-002443,PAT-00133,2026-09-03 15:32:28,2026-09-07 22:44:28,ICU,Diabetic Ketoacidosis (DKA),3,Walk-In,Clear / Mild,73,97,143,86,16,37.5,0,52,4.3,0,,1,4.7,15,3,9,0
ADM-002444,PAT-02176,2026-09-03 15:32:28,2026-09-16 05:56:28,Pulmonology,COPD Exacerbation,5,Walk-In,Clear / Mild,83,96,117,70,16,36.8,0,139,12.6,0,,1,2.7,15,3,9,0
ADM-002445,PAT-00898,2026-09-03 15:32:28,2026-09-22 22:44:28,ICU,Sepsis / Septic Shock,1,Ambulance,Clear / Mild,148,93,178,78,31,38.2,12,17,19.3,0,,1,4.8,15,3,9,0
ADM-002446,PAT-02219,2026-09-03 15:32:28,2026-09-27 22:44:28,ICU,Acute Renal Failure,2,Ambulance,Clear / Mild,112,89,159,120,24,38.4,5,6,24.3,0,,1,5.0,15,3,9,0
ADM-002447,PAT-00278,2026-09-03 15:32:28,2026-09-09 08:20:28,Cardiology,Congestive Heart Failure,2,Helicopter EMS,Clear / Mild,78,95,157,101,23,38.9,2,31,5.7,0,,0,4.7,15,3,9,0
ADM-002448,PAT-00805,2026-09-03 15:32:28,2026-09-09 03:32:28,Pulmonology,COPD Exacerbation,4,Ambulance,Clear / Mild,91,98,113,83,15,36.5,0,126,5.5,0,,1,4.1,15,3,9,0
ADM-002449,PAT-02366,2026-09-03 17:32:28,2026-09-18 17:32:28,Pulmonology,Severe Pneumonia / ARDS,3,Walk-In,Clear / Mild,100,99,120,74,14,36.6,0,85,15.0,0,,0,3.5,17,3,9,0
ADM-002450,PAT-02416,2026-09-03 17:32:28,2026-09-11 10:20:28,Cardiology,Acute Myocardial Infarction,3,Walk-In,Clear / Mild,96,98,112,47,19,36.3,0,43,7.7,0,,0,4.1,17,3,9,0
ADM-002451,PAT-01012,2026-09-03 17:32:28,2026-09-11 10:20:28,ICU,Diabetic Ketoacidosis (DKA),2,Walk-In,Clear / Mild,118,86,161,86,23,38.2,7,31,7.7,0,,0,4.7,17,3,9,0
ADM-002452,PAT-01763,2026-09-03 19:32:28,2026-09-09 05:08:28,Cardiology,Acute Myocardial Infarction,3,Walk-In,Clear / Mild,64,98,127,75,15,37.3,0,42,5.4,0,,1,5.0,19,3,9,0
ADM-002453,PAT-02365,2026-09-03 21:32:28,2026-09-11 07:08:28,Pulmonology,COPD Exacerbation,5,Ambulance,Rain / Storm,64,99,121,70,16,36.5,0,185,7.4,0,,0,3.4,21,3,9,0
ADM-002454,PAT-01269,2026-09-03 23:32:28,2026-09-10 01:56:28,Cardiology,Acute Myocardial Infarction,3,Ambulance,Rain / Storm,57,96,143,93,21,37.0,0,87,6.1,0,,0,3.8,23,3,9,0
ADM-002455,PAT-00893,2026-09-04 01:32:28,2026-09-10 15:56:28,ICU,Diabetic Ketoacidosis (DKA),2,Walk-In,Clear / Mild,108,91,136,103,29,38.4,6,34,6.6,0,,0,4.1,1,4,9,0
ADM-002456,PAT-00797,2026-09-04 01:32:28,2026-09-12 13:32:28,Cardiology,Acute Myocardial Infarction,2,Walk-In,Clear / Mild,166,92,146,100,15,39.2,5,56,8.5,0,,0,5.0,1,4,9,0
ADM-002457,PAT-02329,2026-09-04 03:32:28,2026-09-22 22:44:28,ICU,Acute Renal Failure,2,Ambulance,Clear / Mild,155,91,203,96,28,38.7,12,33,18.8,0,,0,5.0,3,4,9,0
ADM-002458,PAT-00035,2026-09-04 05:32:28,2026-09-12 00:44:28,ICU,Sepsis / Septic Shock,1,Ambulance,Clear / Mild,136,88,119,80,24,37.7,9,12,7.8,0,,0,5.0,5,4,9,0
ADM-002459,PAT-01933,2026-09-04 05:32:28,2026-09-15 00:44:28,Cardiology,Congestive Heart Failure,2,Walk-In,Clear / Mild,112,92,152,90,20,38.5,3,31,10.8,0,,1,5.0,5,4,9,0
ADM-002460,PAT-00432,2026-09-04 09:32:28,2026-09-10 02:20:28,Cardiology,Congestive Heart Failure,3,Walk-In,Clear / Mild,57,98,108,90,13,36.8,0,56,5.7,0,,1,3.6,9,4,9,0
ADM-002461,PAT-01793,2026-09-04 09:32:28,2026-09-06 19:08:28,General Surgery,Acute Appendicitis / Laparotomy,3,Walk-In,Clear / Mild,69,100,121,89,15,37.0,0,18,2.4,0,,0,4.8,9,4,9,0
ADM-002462,PAT-00560,2026-09-04 09:32:28,2026-09-07 23:56:28,General Surgery,Gastrointestinal Hemorrhage,3,Ambulance,Clear / Mild,82,98,132,79,20,36.9,0,54,3.6,0,,0,5.0,9,4,9,0
ADM-002463,PAT-00137,2026-09-04 11:32:28,2026-09-13 11:32:28,Neurology,Acute Ischemic Stroke,2,Walk-In,Clear / Mild,138,86,142,75,28,39.4,10,39,9.0,0,,0,4.6,11,4,9,0
ADM-002464,PAT-01819,2026-09-04 11:32:28,2026-09-08 16:20:28,Pulmonology,COPD Exacerbation,4,Walk-In,Clear / Mild,85,94,143,68,16,37.4,1,150,4.2,0,,0,2.9,11,4,9,0
ADM-002465,PAT-00761,2026-09-04 11:32:28,2026-09-23 09:08:28,Neurology,Acute Ischemic Stroke,3,Walk-In,Clear / Mild,86,98,119,83,17,36.0,0,121,18.9,0,,0,3.7,11,4,9,0
ADM-002466,PAT-01549,2026-09-04 11:32:28,2026-09-09 16:20:28,General Surgery,Acute Appendicitis / Laparotomy,3,Walk-In,Clear / Mild,69,96,143,72,15,36.7,0,59,5.2,0,,0,4.4,11,4,9,0
ADM-002467,PAT-01091,2026-09-04 13:32:28,2026-09-06 11:08:28,Pediatrics,Pediatric Bronchiolitis / Asthma,3,Physician Referral,Clear / Mild,85,97,144,86,15,36.7,0,82,1.9,0,,0,5.0,13,4,9,0
ADM-002468,PAT-01400,2026-09-04 13:32:28,2026-09-07 23:08:28,General Surgery,Acute Appendicitis / Laparotomy,3,Physician Referral,Clear / Mild,77,99,139,82,14,36.7,0,59,3.4,0,,0,4.0,13,4,9,0
ADM-002469,PAT-01697,2026-09-04 13:32:28,2026-09-06 20:44:28,General Surgery,Acute Appendicitis / Laparotomy,5,Ambulance,Clear / Mild,104,97,136,91,17,36.6,0,130,2.3,0,,0,3.5,13,4,9,0
ADM-002470,PAT-01267,2026-09-04 13:32:28,2026-09-15 11:08:28,Pulmonology,COPD Exacerbation,3,Walk-In,Clear / Mild,81,97,109,72,17,37.7,0,152,10.9,0,,1,3.4,13,4,9,0
ADM-002471,PAT-01817,2026-09-04 13:32:28,2026-09-10 08:44:28,General Surgery,Gastrointestinal Hemorrhage,2,Ambulance,Clear / Mild,112,93,176,106,23,39.0,7,49,5.8,0,,0,5.0,13,4,9,0
ADM-002472,PAT-02123,2026-09-04 13:32:28,2026-09-15 18:20:28,ICU,Diabetic Ketoacidosis (DKA),2,Ambulance,Clear / Mild,114,94,182,87,19,39.7,7,46,11.2,0,,1,4.6,13,4,9,0
ADM-002473,PAT-01718,2026-09-04 13:32:28,2026-09-17 03:56:28,ICU,Acute Renal Failure,3,Ambulance,Clear / Mild,74,95,134,85,13,36.8,0,55,12.6,0,,0,4.2,13,4,9,0
ADM-002474,PAT-00461,2026-09-04 13:32:28,2026-09-14 11:08:28,ICU,Diabetic Ketoacidosis (DKA),2,Walk-In,Clear / Mild,127,98,142,105,29,36.7,5,24,9.9,0,,0,4.4,13,4,9,0
ADM-002475,PAT-01289,2026-09-04 15:32:28,2026-09-08 01:08:28,General Surgery,Gastrointestinal Hemorrhage,2,Helicopter EMS,Extreme Heat,111,85,131,86,16,39.3,7,43,3.4,0,,0,4.2,15,4,9,0
ADM-002476,PAT-02226,2026-09-04 15:32:28,2026-09-11 03:32:28,Pulmonology,COPD Exacerbation,3,Walk-In,Extreme Heat,90,96,111,65,11,37.0,0,70,6.5,0,,1,4.5,15,4,9,0
ADM-002477,PAT-01723,2026-09-04 15:32:28,2026-09-11 01:08:28,General Surgery,Acute Appendicitis / Laparotomy,5,Ambulance,Extreme Heat,79,97,125,73,18,36.7,0,129,6.4,0,,1,3.7,15,4,9,0
ADM-002478,PAT-01695,2026-09-04 15:32:28,2026-09-20 05:56:28,ICU,Diabetic Ketoacidosis (DKA),2,Ambulance,Extreme Heat,99,85,146,83,29,38.6,8,42,15.6,0,,1,4.3,15,4,9,0
ADM-002479,PAT-00859,2026-09-04 15:32:28,2026-09-23 20:20:28,Cardiology,Congestive Heart Failure,3,Walk-In,Extreme Heat,68,98,91,74,16,36.7,2,94,19.2,0,,0,4.3,15,4,9,0
ADM-002480,PAT-00248,2026-09-04 15:32:28,2026-09-22 10:44:28,ICU,Sepsis / Septic Shock,2,Walk-In,Extreme Heat,110,85,151,106,28,38.0,6,25,17.8,0,,0,5.0,15,4,9,0
ADM-002481,PAT-00212,2026-09-04 15:32:28,2026-09-13 20:20:28,Neurology,Acute Ischemic Stroke,3,Walk-In,Extreme Heat,85,97,120,85,15,36.7,0,73,9.2,0,,0,3.9,15,4,9,0
ADM-002482,PAT-00831,2026-09-04 17:32:28,2026-09-10 12:44:28,General Surgery,Gastrointestinal Hemorrhage,2,Walk-In,Clear / Mild,130,86,151,97,28,38.9,10,28,5.8,0,,0,4.3,17,4,9,0
ADM-002483,PAT-00618,2026-09-04 17:32:28,2026-09-13 07:56:28,Neurology,Acute Ischemic Stroke,2,Physician Referral,Clear / Mild,88,78,168,114,22,37.0,5,56,8.6,0,,0,5.0,17,4,9,0
ADM-002484,PAT-01143,2026-09-04 17:32:28,2026-09-11 12:44:28,Pulmonology,COPD Exacerbation,3,Walk-In,Clear / Mild,66,97,126,80,16,37.4,0,40,6.8,0,,0,5.0,17,4,9,0
ADM-002485,PAT-01382,2026-09-04 19:32:28,2026-09-10 07:32:28,General Surgery,Gastrointestinal Hemorrhage,2,Walk-In,Freezing / Snow,89,85,150,109,23,38.1,3,33,5.5,0,,0,5.0,19,4,9,0
ADM-002486,PAT-00547,2026-09-04 19:32:28,2026-09-15 17:08:28,Orthopedics,Multiple Trauma / Fracture,3,Walk-In,Freezing / Snow,76,95,130,72,15,37.0,0,67,10.9,0,,0,5.0,19,4,9,0
ADM-002487,PAT-00830,2026-09-04 19:32:28,2026-09-18 09:56:28,ICU,Sepsis / Septic Shock,2,Physician Referral,Freezing / Snow,133,87,166,117,22,38.6,9,18,13.6,0,,0,5.0,19,4,9,0
ADM-002488,PAT-00596,2026-09-04 19:32:28,2026-09-09 17:08:28,General Surgery,Acute Appendicitis / Laparotomy,3,Walk-In,Freezing / Snow,79,98,109,79,15,36.3,0,89,4.9,0,,0,4.0,19,4,9,0
ADM-002489,PAT-01597,2026-09-04 19:32:28,2026-09-26 12:20:28,ICU,Sepsis / Septic Shock,2,Ambulance,Freezing / Snow,95,86,169,101,30,39.5,10,38,21.7,0,,0,5.0,19,4,9,0
ADM-002490,PAT-01548,2026-09-04 19:32:28,2026-09-10 02:44:28,Pediatrics,Pediatric Bronchiolitis / Asthma,5,Physician Referral,Freezing / Snow,97,100,128,82,17,36.8,0,102,5.3,0,,0,4.7,19,4,9,0
ADM-002491,PAT-00737,2026-09-04 21:32:28,2026-09-15 21:32:28,Neurology,Acute Ischemic Stroke,3,Walk-In,Clear / Mild,63,96,135,79,13,37.1,0,57,11.0,0,,0,4.9,21,4,9,0
ADM-002492,PAT-01412,2026-09-04 21:32:28,2026-09-19 19:08:28,ICU,Acute Renal Failure,3,Walk-In,Clear / Mild,63,99,133,68,16,36.6,0,99,14.9,0,,0,4.6,21,4,9,0
ADM-002493,PAT-00760,2026-09-04 21:32:28,2026-09-22 14:20:28,Orthopedics,Multiple Trauma / Fracture,4,Ambulance,Clear / Mild,67,96,116,73,16,36.4,0,147,17.7,0,,0,4.3,21,4,9,0
ADM-002494,PAT-00504,2026-09-04 21:32:28,2026-09-12 14:20:28,Pediatrics,Pediatric Bronchiolitis / Asthma,3,Ambulance,Clear / Mild,84,97,124,71,16,36.9,0,120,7.7,0,,0,3.5,21,4,9,0
ADM-002495,PAT-00370,2026-09-04 21:32:28,2026-09-09 14:20:28,General Surgery,Gastrointestinal Hemorrhage,3,Physician Referral,Clear / Mild,65,97,113,70,19,36.8,0,117,4.7,0,,0,4.5,21,4,9,0
ADM-002496,PAT-00572,2026-09-04 21:32:28,2026-09-14 02:20:28,ICU,Diabetic Ketoacidosis (DKA),3,Walk-In,Clear / Mild,77,97,140,83,15,37.2,0,85,9.2,0,,0,5.0,21,4,9,0
ADM-002497,PAT-01605,2026-09-04 23:32:28,2026-09-10 23:32:28,ICU,Sepsis / Septic Shock,1,Ambulance,High Smog / Poor AQI,117,88,136,100,20,38.7,11,18,6.0,0,,0,5.0,23,4,9,0
ADM-002498,PAT-02056,2026-09-04 23:32:28,2026-09-08 11:32:28,Pulmonology,COPD Exacerbation,3,Walk-In,High Smog / Poor AQI,59,98,117,104,16,36.8,0,103,3.5,0,,1,4.0,23,4,9,0
ADM-002499,PAT-00673,2026-09-05 01:32:28,2026-09-10 06:20:28,Pulmonology,COPD Exacerbation,4,Walk-In,Clear / Mild,79,98,97,85,14,36.7,0,116,5.2,0,,0,4.6,1,5,9,1
ADM-002500,PAT-01071,2026-09-05 03:32:28,2026-09-11 15:32:28,Cardiology,Acute Myocardial Infarction,2,Walk-In,Clear / Mild,90,93,154,96,21,38.7,3,56,6.5,0,,0,5.0,3,5,9,1
ADM-002501,PAT-00650,2026-09-05 05:32:28,2026-09-12 22:20:28,ICU,Diabetic Ketoacidosis (DKA),2,Walk-In,Clear / Mild,110,90,153,106,23,37.4,3,36,7.7,0,,0,5.0,5,5,9,1
ADM-002502,PAT-00038,2026-09-05 07:32:28,2026-09-13 02:44:28,Pulmonology,Severe Pneumonia / ARDS,5,Ambulance,Clear / Mild,69,96,109,73,18,36.6,0,99,7.8,0,,0,3.5,7,5,9,1
ADM-002503,PAT-01558,2026-09-05 07:32:28,2026-09-10 12:20:28,Pulmonology,COPD Exacerbation,3,Walk-In,Clear / Mild,72,97,135,84,17,36.3,0,78,5.2,0,,0,5.0,7,5,9,1
ADM-002504,PAT-02393,2026-09-05 07:32:28,2026-09-10 17:08:28,General Surgery,Gastrointestinal Hemorrhage,2,Walk-In,Clear / Mild,97,93,139,91,17,37.4,1,47,5.4,0,,0,5.0,7,5,9,1
ADM-002505,PAT-01502,2026-09-05 09:32:28,2026-09-13 02:20:28,Cardiology,Acute Myocardial Infarction,2,Walk-In,Rain / Storm,139,89,128,93,26,38.3,8,45,7.7,0,,0,5.0,9,5,9,1
ADM-002506,PAT-02197,2026-09-05 09:32:28,2026-09-09 11:56:28,Pulmonology,COPD Exacerbation,3,Physician Referral,Rain / Storm,96,94,152,75,15,36.8,1,96,4.1,0,,1,4.4,9,5,9,1
ADM-002507,PAT-01796,2026-09-05 09:32:28,2026-09-11 02:20:28,Orthopedics,Multiple Trauma / Fracture,3,Ambulance,Rain / Storm,93,98,108,84,17,36.6,0,74,5.7,0,,0,4.9,9,5,9,1
ADM-002508,PAT-02205,2026-09-05 09:32:28,2026-09-14 02:20:28,ICU,Sepsis / Septic Shock,1,Helicopter EMS,Rain / Storm,113,80,139,103,25,37.4,12,14,8.7,0,,0,5.0,9,5,9,1
ADM-002509,PAT-00726,2026-09-05 09:32:28,2026-09-08 14:20:28,ICU,Diabetic Ketoacidosis (DKA),2,Ambulance,Rain / Storm,157,85,173,83,26,37.7,10,31,3.2,0,,0,4.4,9,5,9,1
ADM-002510,PAT-01913,2026-09-05 09:32:28,2026-09-26 19:08:28,ICU,Acute Renal Failure,2,Walk-In,Rain / Storm,138,89,205,97,28,37.3,10,41,21.4,0,,1,4.6,9,5,9,1
ADM-002511,PAT-01000,2026-09-05 09:32:28,2026-09-15 19:08:28,Cardiology,Acute Myocardial Infarction,3,Walk-In,Rain / Storm,80,96,123,79,13,37.1,0,88,10.4,0,,1,3.4,9,5,9,1
ADM-002512,PAT-01615,2026-09-05 11:32:28,2026-09-17 01:56:28,ICU,Sepsis / Septic Shock,2,Walk-In,Clear / Mild,99,82,174,80,19,38.8,7,37,11.6,0,,0,4.9,11,5,9,1
ADM-002513,PAT-01660,2026-09-05 11:32:28,2026-09-22 23:32:28,Pulmonology,Severe Pneumonia / ARDS,4,Walk-In,Clear / Mild,118,99,131,70,19,36.6,2,144,17.5,0,,0,3.1,11,5,9,1
ADM-002514,PAT-02047,2026-09-05 11:32:28,2026-09-14 13:56:28,Pulmonology,Severe Pneumonia / ARDS,4,Ambulance,Clear / Mild,72,96,109,79,17,37.1,0,111,9.1,0,,0,3.2,11,5,9,1
ADM-002515,PAT-00982,2026-09-05 11:32:28,2026-09-16 16:20:28,Pulmonology,Severe Pneumonia / ARDS,5,Ambulance,Clear / Mild,72,98,158,57,15,37.1,0,85,11.2,0,,0,3.8,11,5,9,1
ADM-002516,PAT-00142,2026-09-05 11:32:28,2026-09-15 13:56:28,Neurology,Acute Ischemic Stroke,3,Walk-In,Clear / Mild,84,96,115,86,17,37.2,0,71,10.1,0,,0,5.0,11,5,9,1
ADM-002517,PAT-00402,2026-09-05 11:32:28,2026-09-22 13:56:28,Orthopedics,Multiple Trauma / Fracture,3,Ambulance,Clear / Mild,80,99,121,85,15,37.3,0,76,17.1,0,,0,5.0,11,5,9,1
ADM-002518,PAT-00589,2026-09-05 13:32:28,2026-09-13 03:56:28,ICU,Diabetic Ketoacidosis (DKA),2,Ambulance,High Smog / Poor AQI,131,87,123,77,31,37.8,8,32,7.6,0,,0,4.7,13,5,9,1
ADM-002519,PAT-01189,2026-09-05 13:32:28,2026-09-13 23:08:28,Cardiology,Acute Myocardial Infarction,2,Walk-In,High Smog / Poor AQI,87,83,150,100,24,38.7,5,42,8.4,0,,0,4.1,13,5,9,1
ADM-002520,PAT-01550,2026-09-05 13:32:28,,ICU,Sepsis / Septic Shock,1,Ambulance,High Smog / Poor AQI,140,93,136,90,25,39.5,12,6,32.0,1,BED-315,0,5.0,13,5,9,1
ADM-002521,PAT-00427,2026-09-05 13:32:28,2026-09-15 11:08:28,ICU,Acute Renal Failure,2,Walk-In,High Smog / Poor AQI,132,91,153,83,25,37.5,8,41,9.9,0,,0,4.9,13,5,9,1
ADM-002522,PAT-00150,2026-09-05 13:32:28,2026-09-09 08:44:28,Orthopedics,Multiple Trauma / Fracture,4,Ambulance,High Smog / Poor AQI,75,96,128,83,15,37.0,0,123,3.8,0,,0,4.2,13,5,9,1
ADM-002523,PAT-00247,2026-09-05 13:32:28,,ICU,Sepsis / Septic Shock,2,Helicopter EMS,High Smog / Poor AQI,104,95,146,82,24,37.5,0,32,29.0,1,BED-176,0,5.0,13,5,9,1
ADM-002524,PAT-00073,2026-09-05 15:32:28,2026-09-18 01:08:28,ICU,Acute Renal Failure,2,Walk-In,Clear / Mild,139,89,163,81,23,38.4,7,15,12.4,0,,0,4.3,15,5,9,1
ADM-002525,PAT-00817,2026-09-05 15:32:28,2026-09-16 03:32:28,ICU,Diabetic Ketoacidosis (DKA),3,Ambulance,Clear / Mild,72,96,116,84,16,36.7,0,61,10.5,0,,0,4.6,15,5,9,1
ADM-002526,PAT-01556,2026-09-05 15:32:28,2026-09-28 10:44:28,ICU,Sepsis / Septic Shock,2,Walk-In,Clear / Mild,109,89,181,101,18,37.7,5,45,22.8,0,,0,4.4,15,5,9,1
ADM-002527,PAT-01706,2026-09-05 15:32:28,2026-09-12 17:56:28,Orthopedics,Multiple Trauma / Fracture,4,Walk-In,Clear / Mild,100,97,131,88,18,37.3,0,102,7.1,0,,0,3.8,15,5,9,1
ADM-002528,PAT-00905,2026-09-05 17:32:28,,ICU,Sepsis / Septic Shock,2,Walk-In,High Smog / Poor AQI,74,97,149,106,25,38.8,5,17,31.9,1,BED-115,0,4.0,17,5,9,1
ADM-002529,PAT-00728,2026-09-05 17:32:28,2026-09-17 10:20:28,ICU,Acute Renal Failure,2,Helicopter EMS,High Smog / Poor AQI,123,83,153,82,21,37.2,5,30,11.7,0,,0,5.0,17,5,9,1
ADM-002530,PAT-01420,2026-09-05 19:32:28,2026-09-11 09:56:28,Pulmonology,Severe Pneumonia / ARDS,4,Ambulance,Clear / Mild,71,98,141,87,12,36.5,0,166,5.6,0,,1,4.0,19,5,9,1
ADM-002531,PAT-00313,2026-09-05 19:32:28,2026-09-16 21:56:28,Cardiology,Congestive Heart Failure,3,Walk-In,Clear / Mild,57,99,95,63,18,37.6,0,55,11.1,0,,0,4.6,19,5,9,1
ADM-002532,PAT-00703,2026-09-05 19:32:28,2026-09-10 21:56:28,Pediatrics,Pediatric Bronchiolitis / Asthma,4,Walk-In,Clear / Mild,81,97,115,63,16,36.8,0,118,5.1,0,,0,3.7,19,5,9,1
ADM-002533,PAT-00105,2026-09-05 19:32:28,2026-09-09 19:32:28,Pulmonology,COPD Exacerbation,4,Ambulance,Clear / Mild,85,99,117,74,14,37.2,0,77,4.0,0,,0,4.5,19,5,9,1
ADM-002534,PAT-01777,2026-09-05 19:32:28,2026-09-11 21:56:28,General Surgery,Acute Appendicitis / Laparotomy,3,Walk-In,Clear / Mild,74,96,108,88,14,36.6,0,84,6.1,0,,0,3.8,19,5,9,1
ADM-002535,PAT-00816,2026-09-05 21:32:28,2026-09-09 09:32:28,Cardiology,Congestive Heart Failure,2,Walk-In,Clear / Mild,134,92,178,86,21,38.3,5,40,3.5,0,,0,5.0,21,5,9,1
ADM-002536,PAT-01298,2026-09-05 21:32:28,2026-09-12 16:44:28,Pulmonology,COPD Exacerbation,3,Ambulance,Clear / Mild,79,97,122,74,17,36.2,0,106,6.8,0,,1,4.1,21,5,9,1
ADM-002537,PAT-02263,2026-09-05 23:32:28,2026-09-13 21:08:28,General Surgery,Gastrointestinal Hemorrhage,2,Ambulance,Freezing / Snow,132,82,169,107,14,39.0,9,48,7.9,0,,0,4.1,23,5,9,1
ADM-002538,PAT-00642,2026-09-05 23:32:28,2026-09-24 13:56:28,Cardiology,Acute Myocardial Infarction,3,Walk-In,Freezing / Snow,65,96,135,75,15,36.7,0,23,18.6,0,,0,5.0,23,5,9,1
ADM-002539,PAT-00296,2026-09-06 01:32:28,2026-09-11 23:08:28,Pulmonology,COPD Exacerbation,4,Walk-In,Freezing / Snow,81,100,116,76,16,37.2,0,98,5.9,0,,0,3.6,1,6,9,1
ADM-002540,PAT-01451,2026-09-06 03:32:28,2026-09-24 05:56:28,ICU,Sepsis / Septic Shock,1,Ambulance,Extreme Heat,104,90,139,81,30,37.6,10,15,18.1,0,,1,5.0,3,6,9,1
ADM-002541,PAT-00647,2026-09-06 05:32:28,2026-09-09 17:32:28,Orthopedics,Multiple Trauma / Fracture,4,Walk-In,High Smog / Poor AQI,84,96,117,75,18,36.9,0,126,3.5,0,,0,4.3,5,6,9,1
ADM-002542,PAT-01342,2026-09-06 05:32:28,2026-09-13 10:20:28,Cardiology,Acute Myocardial Infarction,2,Walk-In,High Smog / Poor AQI,112,94,143,69,24,38.8,5,41,7.2,0,,0,4.1,5,6,9,1
ADM-002543,PAT-01141,2026-09-06 05:32:28,2026-09-10 15:08:28,General Surgery,Gastrointestinal Hemorrhage,3,Walk-In,High Smog / Poor AQI,87,100,119,82,17,37.4,0,51,4.4,0,,0,4.4,5,6,9,1
ADM-002544,PAT-00222,2026-09-06 07:32:28,2026-09-25 12:20:28,Neurology,Acute Ischemic Stroke,3,Ambulance,Clear / Mild,78,96,105,89,14,37.1,0,69,19.2,0,,1,4.2,7,6,9,1
ADM-002545,PAT-00690,2026-09-06 09:32:28,2026-09-08 21:32:28,General Surgery,Acute Appendicitis / Laparotomy,3,Walk-In,Clear / Mild,104,97,120,79,16,35.8,0,50,2.5,0,,0,4.7,9,6,9,1
ADM-002546,PAT-00982,2026-09-06 09:32:28,2026-09-12 02:20:28,ICU,Diabetic Ketoacidosis (DKA),2,Physician Referral,Clear / Mild,147,90,143,96,26,38.4,8,56,5.7,0,,0,4.4,9,6,9,1
ADM-002547,PAT-00951,2026-09-06 09:32:28,2026-09-10 07:08:28,General Surgery,Acute Appendicitis / Laparotomy,4,Walk-In,Clear / Mild,79,100,121,64,16,36.8,0,62,3.9,0,,0,4.4,9,6,9,1
ADM-002548,PAT-02393,2026-09-06 09:32:28,2026-09-09 09:32:28,Pediatrics,Pediatric Bronchiolitis / Asthma,3,Ambulance,Clear / Mild,63,97,137,69,15,36.9,0,91,3.0,0,,0,3.7,9,6,9,1
ADM-002549,PAT-02149,2026-09-06 11:32:28,2026-09-12 06:44:28,Cardiology,Acute Myocardial Infarction,2,Physician Referral,Clear / Mild,132,89,153,90,23,39.1,7,27,5.8,0,,0,5.0,11,6,9,1
ADM-002550,PAT-01044,2026-09-06 11:32:28,2026-09-14 23:32:28,Cardiology,Congestive Heart Failure,2,Walk-In,Clear / Mild,109,86,174,82,30,37.8,8,60,8.5,0,,0,4.8,11,6,9,1
ADM-002551,PAT-00192,2026-09-06 13:32:28,2026-09-17 03:56:28,ICU,Diabetic Ketoacidosis (DKA),2,Walk-In,Clear / Mild,124,90,123,114,25,38.3,8,40,10.6,0,,0,5.0,13,6,9,1
ADM-002552,PAT-01116,2026-09-06 13:32:28,2026-09-15 03:56:28,ICU,Acute Renal Failure,2,Walk-In,Clear / Mild,121,89,158,85,25,38.5,8,24,8.6,0,,1,5.0,13,6,9,1
ADM-002553,PAT-02395,2026-09-06 13:32:28,2026-09-12 20:44:28,Cardiology,Acute Myocardial Infarction,3,Walk-In,Clear / Mild,92,96,153,75,15,37.0,0,118,6.3,0,,1,4.4,13,6,9,1
ADM-002554,PAT-00866,2026-09-06 13:32:28,2026-09-08 11:08:28,General Surgery,Acute Appendicitis / Laparotomy,3,Walk-In,Clear / Mild,85,96,132,84,16,37.2,0,70,1.9,0,,0,4.3,13,6,9,1
ADM-002555,PAT-01184,2026-09-06 15:32:28,2026-09-19 13:08:28,Pulmonology,Severe Pneumonia / ARDS,3,Ambulance,Clear / Mild,80,98,134,80,15,36.6,0,42,12.9,0,,0,4.3,15,6,9,1
ADM-002556,PAT-00294,2026-09-06 15:32:28,2026-09-11 17:56:28,General Surgery,Acute Appendicitis / Laparotomy,3,Physician Referral,Clear / Mild,76,98,120,68,16,36.9,0,46,5.1,0,,0,4.8,15,6,9,1
ADM-002557,PAT-00041,2026-09-06 15:32:28,2026-09-23 17:56:28,Cardiology,Acute Myocardial Infarction,2,Walk-In,Clear / Mild,96,86,111,95,16,38.6,5,36,17.1,0,,0,4.9,15,6,9,1
ADM-002558,PAT-02065,2026-09-06 15:32:28,2026-09-15 03:32:28,General Surgery,Gastrointestinal Hemorrhage,2,Physician Referral,Clear / Mild,123,96,166,93,14,39.1,6,27,8.5,0,,0,5.0,15,6,9,1
ADM-002559,PAT-01994,2026-09-06 15:32:28,2026-09-14 15:32:28,Neurology,Acute Ischemic Stroke,2,Ambulance,Clear / Mild,121,92,180,102,26,37.6,8,51,8.0,0,,0,4.7,15,6,9,1
ADM-002560,PAT-00021,2026-09-06 17:32:28,2026-09-12 05:32:28,General Surgery,Acute Appendicitis / Laparotomy,3,Walk-In,Clear / Mild,64,95,147,65,14,36.8,0,85,5.5,0,,0,3.3,17,6,9,1
ADM-002561,PAT-01197,2026-09-06 17:32:28,2026-09-09 17:32:28,General Surgery,Acute Appendicitis / Laparotomy,3,Walk-In,Clear / Mild,65,99,103,82,16,36.8,0,95,3.0,0,,0,4.2,17,6,9,1
ADM-002562,PAT-02226,2026-09-06 17:32:28,2026-09-10 19:56:28,Cardiology,Acute Myocardial Infarction,2,Walk-In,Clear / Mild,102,86,178,96,26,39.9,10,36,4.1,0,,1,3.9,17,6,9,1
ADM-002563,PAT-01457,2026-09-06 19:32:28,,ICU,Sepsis / Septic Shock,2,Ambulance,Clear / Mild,122,92,134,95,30,39.3,8,28,32.0,1,BED-250,0,4.4,19,6,9,1
ADM-002564,PAT-01156,2026-09-06 19:32:28,2026-09-16 07:32:28,Cardiology,Acute Myocardial Infarction,2,Ambulance,Clear / Mild,124,87,188,97,23,38.0,7,44,9.5,0,,0,5.0,19,6,9,1
ADM-002565,PAT-00480,2026-09-06 19:32:28,2026-09-21 17:08:28,Orthopedics,Multiple Trauma / Fracture,3,Walk-In,Clear / Mild,73,99,114,72,21,37.0,0,93,14.9,0,,0,4.2,19,6,9,1
ADM-002566,PAT-01807,2026-09-06 21:32:28,2026-09-11 14:20:28,Pulmonology,COPD Exacerbation,3,Physician Referral,Clear / Mild,84,97,84,111,16,36.8,2,63,4.7,0,,0,3.8,21,6,9,1
ADM-002567,PAT-01187,2026-09-06 21:32:28,2026-09-11 09:32:28,ICU,Diabetic Ketoacidosis (DKA),3,Walk-In,Clear / Mild,82,99,125,67,10,36.8,0,36,4.5,0,,0,4.7,21,6,9,1
ADM-002568,PAT-01751,2026-09-06 21:32:28,2026-09-15 02:20:28,Neurology,Acute Ischemic Stroke,2,Walk-In,Clear / Mild,89,92,118,95,30,38.1,4,19,8.2,0,,0,5.0,21,6,9,1
ADM-002569,PAT-00613,2026-09-06 21:32:28,2026-09-16 21:32:28,Pulmonology,Severe Pneumonia / ARDS,4,Ambulance,Clear / Mild,84,99,129,81,14,36.1,0,200,10.0,0,,0,2.2,21,6,9,1
ADM-002570,PAT-01579,2026-09-06 23:32:28,2026-09-13 21:08:28,Pulmonology,Severe Pneumonia / ARDS,3,Ambulance,Clear / Mild,75,99,111,83,16,37.0,0,137,6.9,0,,0,3.5,23,6,9,1
ADM-002571,PAT-01466,2026-09-07 05:32:28,2026-09-16 15:08:28,Neurology,Acute Ischemic Stroke,2,Walk-In,Clear / Mild,120,89,156,93,38,38.5,8,15,9.4,0,,0,5.0,5,0,9,0
ADM-002572,PAT-00172,2026-09-07 07:32:28,2026-09-15 12:20:28,ICU,Diabetic Ketoacidosis (DKA),3,Physician Referral,Extreme Heat,80,96,117,58,16,37.3,0,77,8.2,0,,0,3.8,7,0,9,0
ADM-002573,PAT-02458,2026-09-07 07:32:28,2026-09-17 02:44:28,ICU,Diabetic Ketoacidosis (DKA),3,Ambulance,Extreme Heat,91,99,95,82,12,36.4,0,78,9.8,0,,0,4.8,7,0,9,0
ADM-002574,PAT-00124,2026-09-07 07:32:28,2026-09-15 02:44:28,Cardiology,Congestive Heart Failure,2,Ambulance,Extreme Heat,101,95,168,106,20,39.3,4,36,7.8,0,,0,4.8,7,0,9,0
ADM-002575,PAT-01248,2026-09-07 07:32:28,2026-09-11 02:44:28,General Surgery,Acute Appendicitis / Laparotomy,5,Walk-In,Extreme Heat,84,96,150,94,17,37.0,0,94,3.8,0,,0,4.4,7,0,9,0
ADM-002576,PAT-01842,2026-09-07 07:32:28,2026-09-10 17:08:28,General Surgery,Acute Appendicitis / Laparotomy,3,Ambulance,Extreme Heat,79,97,117,56,13,37.2,0,34,3.4,0,,0,5.0,7,0,9,0
ADM-002577,PAT-01709,2026-09-07 09:32:28,2026-09-10 14:20:28,General Surgery,Acute Appendicitis / Laparotomy,4,Ambulance,Clear / Mild,76,98,135,93,15,36.6,0,116,3.2,0,,0,3.8,9,0,9,0
ADM-002578,PAT-01595,2026-09-07 09:32:28,2026-09-10 21:32:28,Pulmonology,COPD Exacerbation,4,Physician Referral,Clear / Mild,69,98,110,85,18,36.3,0,80,3.5,0,,0,3.7,9,0,9,0
ADM-002579,PAT-01577,2026-09-07 09:32:28,2026-09-12 11:56:28,Cardiology,Congestive Heart Failure,3,Walk-In,Clear / Mild,93,97,127,81,14,36.7,0,60,5.1,0,,1,4.6,9,0,9,0
ADM-002580,PAT-01028,2026-09-07 09:32:28,2026-09-12 07:08:28,Cardiology,Acute Myocardial Infarction,2,Walk-In,Clear / Mild,107,90,141,74,22,37.3,3,39,4.9,0,,0,5.0,9,0,9,0
ADM-002581,PAT-02378,2026-09-07 11:32:28,2026-09-12 18:44:28,Cardiology,Congestive Heart Failure,3,Walk-In,Clear / Mild,66,99,125,67,14,36.5,0,67,5.3,0,,0,5.0,11,0,9,0
ADM-002582,PAT-01202,2026-09-07 11:32:28,2026-09-14 23:32:28,Cardiology,Congestive Heart Failure,3,Walk-In,Clear / Mild,98,100,118,74,15,36.4,0,93,7.5,0,,0,5.0,11,0,9,0
ADM-002583,PAT-01139,2026-09-07 13:32:28,2026-09-15 23:08:28,Neurology,Acute Ischemic Stroke,2,Ambulance,Clear / Mild,135,91,110,111,28,37.6,8,34,8.4,0,,0,4.8,13,0,9,0
ADM-002584,PAT-00427,2026-09-07 13:32:28,2026-09-17 11:08:28,ICU,Acute Renal Failure,2,Ambulance,Clear / Mild,120,88,141,71,27,36.9,8,19,9.9,0,,0,5.0,13,0,9,0
ADM-002585,PAT-01860,2026-09-07 13:32:28,2026-09-14 15:56:28,Cardiology,Congestive Heart Failure,3,Walk-In,Clear / Mild,77,98,134,87,12,36.8,0,27,7.1,0,,0,5.0,13,0,9,0
ADM-002586,PAT-02410,2026-09-07 13:32:28,2026-09-12 03:56:28,Cardiology,Congestive Heart Failure,2,Walk-In,Clear / Mild,116,88,123,106,28,37.3,8,36,4.6,0,,1,4.9,13,0,9,0
ADM-002587,PAT-01681,2026-09-07 13:32:28,2026-09-13 03:56:28,Neurology,Acute Ischemic Stroke,2,Walk-In,Clear / Mild,92,84,150,87,21,38.1,3,28,5.6,0,,1,5.0,13,0,9,0
ADM-002588,PAT-02278,2026-09-07 17:32:28,2026-09-12 07:56:28,General Surgery,Gastrointestinal Hemorrhage,2,Physician Referral,Clear / Mild,112,91,166,88,39,38.3,10,39,4.6,0,,1,4.1,17,0,9,0
ADM-002589,PAT-00596,2026-09-07 17:32:28,2026-09-16 15:08:28,Orthopedics,Multiple Trauma / Fracture,3,Walk-In,Clear / Mild,80,97,127,92,16,36.2,0,106,8.9,0,,0,2.3,17,0,9,0
ADM-002590,PAT-00274,2026-09-07 17:32:28,2026-09-13 19:56:28,ICU,Diabetic Ketoacidosis (DKA),3,Ambulance,Clear / Mild,76,96,109,71,14,37.1,0,85,6.1,0,,0,4.6,17,0,9,0
ADM-002591,PAT-00482,2026-09-07 17:32:28,2026-09-14 05:32:28,ICU,Sepsis / Septic Shock,2,Ambulance,Clear / Mild,124,94,176,79,30,37.0,8,20,6.5,0,,0,5.0,17,0,9,0
ADM-002592,PAT-02188,2026-09-07 17:32:28,2026-09-11 07:56:28,ICU,Diabetic Ketoacidosis (DKA),2,Ambulance,Clear / Mild,155,95,167,80,25,39.0,9,40,3.6,0,,0,4.3,17,0,9,0
ADM-002593,PAT-02386,2026-09-07 17:32:28,2026-09-16 12:44:28,Cardiology,Congestive Heart Failure,3,Walk-In,Clear / Mild,60,98,97,69,14,37.0,0,70,8.8,0,,0,4.2,17,0,9,0
ADM-002594,PAT-01197,2026-09-07 17:32:28,2026-09-14 03:08:28,Cardiology,Congestive Heart Failure,3,Walk-In,Clear / Mild,71,99,105,84,15,36.6,0,78,6.4,0,,0,3.8,17,0,9,0
ADM-002595,PAT-01372,2026-09-07 17:32:28,2026-09-17 22:20:28,Pulmonology,COPD Exacerbation,3,Ambulance,Clear / Mild,76,98,117,75,15,37.0,0,44,10.2,0,,1,5.0,17,0,9,0
ADM-002596,PAT-00879,2026-09-07 19:32:28,2026-09-10 14:44:28,General Surgery,Acute Appendicitis / Laparotomy,5,Walk-In,Rain / Storm,78,97,114,92,16,37.4,0,61,2.8,0,,0,4.6,19,0,9,0
ADM-002597,PAT-01510,2026-09-07 19:32:28,2026-09-11 09:56:28,Pediatrics,Pediatric Bronchiolitis / Asthma,3,Walk-In,Rain / Storm,71,98,127,83,16,36.3,0,87,3.6,0,,0,3.9,19,0,9,0
ADM-002598,PAT-00505,2026-09-07 19:32:28,2026-09-10 19:32:28,Orthopedics,Multiple Trauma / Fracture,4,Ambulance,Rain / Storm,81,97,133,81,14,36.5,0,155,3.0,0,,0,3.2,19,0,9,0
ADM-002599,PAT-00392,2026-09-07 21:32:28,2026-09-29 11:56:28,Pulmonology,Severe Pneumonia / ARDS,4,Walk-In,Rain / Storm,88,96,94,74,13,36.1,2,109,21.6,0,,1,4.4,21,0,9,0
ADM-002600,PAT-01114,2026-09-07 21:32:28,2026-09-23 16:44:28,Cardiology,Acute Myocardial Infarction,3,Walk-In,Rain / Storm,77,97,104,72,12,37.2,0,74,15.8,0,,1,3.8,21,0,9,0
ADM-002601,PAT-00977,2026-09-07 21:32:28,2026-09-16 02:20:28,Cardiology,Congestive Heart Failure,2,Walk-In,Rain / Storm,124,90,120,89,32,37.7,8,37,8.2,0,,0,5.0,21,0,9,0
ADM-002602,PAT-00166,2026-09-07 21:32:28,2026-09-14 02:20:28,General Surgery,Acute Appendicitis / Laparotomy,4,Ambulance,Rain / Storm,69,98,114,87,13,36.9,0,147,6.2,0,,0,3.6,21,0,9,0
ADM-002603,PAT-00661,2026-09-07 23:32:28,2026-09-19 18:44:28,ICU,Sepsis / Septic Shock,2,Walk-In,Clear / Mild,142,91,129,92,21,38.0,5,41,11.8,0,,0,5.0,23,0,9,0
ADM-002604,PAT-01252,2026-09-07 23:32:28,2026-09-26 09:08:28,ICU,Sepsis / Septic Shock,2,Walk-In,Clear / Mild,104,91,169,66,26,38.2,8,47,18.4,0,,1,5.0,23,0,9,0
ADM-002605,PAT-01989,2026-09-08 01:32:28,2026-09-10 18:20:28,Pediatrics,Pediatric Bronchiolitis / Asthma,4,Ambulance,High Smog / Poor AQI,89,97,124,64,15,36.0,0,99,2.7,0,,0,3.9,1,1,9,0
ADM-002606,PAT-01536,2026-09-08 01:32:28,2026-09-15 18:20:28,Cardiology,Congestive Heart Failure,3,Ambulance,High Smog / Poor AQI,66,98,142,72,12,36.9,0,76,7.7,0,,0,3.9,1,1,9,0
ADM-002607,PAT-00799,2026-09-08 01:32:28,2026-09-18 11:08:28,Orthopedics,Multiple Trauma / Fracture,3,Ambulance,High Smog / Poor AQI,100,96,111,74,14,37.6,0,53,10.4,0,,0,4.5,1,1,9,0
ADM-002608,PAT-01130,2026-09-08 01:32:28,2026-09-14 01:32:28,General Surgery,Acute Appendicitis / Laparotomy,4,Walk-In,High Smog / Poor AQI,84,99,109,73,13,37.1,0,103,6.0,0,,0,4.7,1,1,9,0
ADM-002609,PAT-01891,2026-09-08 01:32:28,2026-09-13 13:32:28,ICU,Diabetic Ketoacidosis (DKA),3,Physician Referral,High Smog / Poor AQI,74,95,112,84,14,36.8,0,59,5.5,0,,0,4.0,1,1,9,0
ADM-002610,PAT-00275,2026-09-08 05:32:28,2026-09-13 17:32:28,Cardiology,Acute Myocardial Infarction,3,Walk-In,Rain / Storm,56,95,140,68,18,36.3,0,71,5.5,0,,0,4.8,5,1,9,0
ADM-002611,PAT-00586,2026-09-08 05:32:28,2026-09-16 10:20:28,Pulmonology,COPD Exacerbation,4,Ambulance,Rain / Storm,100,96,130,82,22,36.4,0,106,8.2,0,,0,3.8,5,1,9,0
ADM-002612,PAT-02030,2026-09-08 05:32:28,2026-09-11 03:08:28,General Surgery,Acute Appendicitis / Laparotomy,3,Walk-In,Rain / Storm,72,99,118,69,17,37.0,0,96,2.9,0,,0,4.0,5,1,9,0
ADM-002613,PAT-00009,2026-09-08 05:32:28,2026-09-16 05:32:28,ICU,Acute Renal Failure,2,Walk-In,Rain / Storm,131,88,133,76,27,38.0,8,30,8.0,0,,1,4.0,5,1,9,0
ADM-002614,PAT-00251,2026-09-08 07:32:28,2026-09-18 07:32:28,ICU,Sepsis / Septic Shock,1,Ambulance,Clear / Mild,111,84,131,110,31,38.9,14,8,10.0,0,,0,5.0,7,1,9,0
ADM-002615,PAT-00408,2026-09-08 09:32:28,2026-09-20 16:44:28,Orthopedics,Multiple Trauma / Fracture,4,Ambulance,Clear / Mild,89,97,145,79,14,36.4,0,73,12.3,0,,0,5.0,9,1,9,0
ADM-002616,PAT-00605,2026-09-08 09:32:28,2026-09-15 02:20:28,General Surgery,Acute Appendicitis / Laparotomy,4,Walk-In,Clear / Mild,46,98,114,65,15,37.2,2,125,6.7,0,,0,5.0,9,1,9,0
ADM-002617,PAT-00638,2026-09-08 09:32:28,2026-09-11 11:56:28,General Surgery,Acute Appendicitis / Laparotomy,4,Ambulance,Clear / Mild,68,99,108,83,16,36.9,0,130,3.1,0,,0,3.0,9,1,9,0
ADM-002618,PAT-01762,2026-09-08 11:32:28,2026-09-20 01:56:28,Neurology,Acute Ischemic Stroke,3,Walk-In,Clear / Mild,79,99,109,73,16,37.0,0,65,11.6,0,,0,4.7,11,1,9,0
ADM-002619,PAT-01211,2026-09-08 11:32:28,2026-09-15 13:56:28,ICU,Sepsis / Septic Shock,2,Walk-In,Clear / Mild,133,94,137,87,29,38.5,6,33,7.1,0,,0,5.0,11,1,9,0
ADM-002620,PAT-00097,2026-09-08 13:32:28,2026-09-12 13:32:28,General Surgery,Gastrointestinal Hemorrhage,2,Walk-In,Clear / Mild,121,92,158,83,23,40.4,5,38,4.0,0,,0,5.0,13,1,9,0
ADM-002621,PAT-01996,2026-09-08 13:32:28,2026-09-16 11:08:28,General Surgery,Gastrointestinal Hemorrhage,2,Walk-In,Clear / Mild,114,85,148,87,26,38.2,8,6,7.9,0,,0,5.0,13,1,9,0
ADM-002622,PAT-00688,2026-09-08 13:32:28,2026-09-14 08:44:28,General Surgery,Acute Appendicitis / Laparotomy,3,Ambulance,Clear / Mild,78,97,126,77,13,37.1,0,66,5.8,0,,0,4.3,13,1,9,0
ADM-002623,PAT-01624,2026-09-08 15:32:28,2026-09-15 20:20:28,ICU,Acute Renal Failure,3,Walk-In,High Smog / Poor AQI,87,98,125,85,17,36.5,0,66,7.2,0,,1,4.6,15,1,9,0
ADM-002624,PAT-01725,2026-09-08 17:32:28,2026-09-17 10:20:28,Pulmonology,Severe Pneumonia / ARDS,5,Walk-In,Clear / Mild,86,95,129,78,16,36.9,0,116,8.7,0,,0,3.8,17,1,9,0
ADM-002625,PAT-01159,2026-09-08 17:32:28,2026-09-17 12:44:28,Orthopedics,Multiple Trauma / Fracture,4,Physician Referral,Clear / Mild,86,95,140,67,17,36.8,0,122,8.8,0,,0,3.2,17,1,9,0
ADM-002626,PAT-00184,2026-09-08 19:32:28,2026-09-25 19:32:28,ICU,Acute Renal Failure,2,Ambulance,High Smog / Poor AQI,126,87,172,100,33,38.7,12,41,17.0,0,,1,4.9,19,1,9,0
ADM-002627,PAT-00441,2026-09-08 19:32:28,2026-09-16 09:56:28,Pulmonology,COPD Exacerbation,4,Ambulance,High Smog / Poor AQI,81,98,135,78,21,36.6,0,210,7.6,0,,1,3.5,19,1,9,0
ADM-002628,PAT-00757,2026-09-08 19:32:28,2026-09-14 07:32:28,Orthopedics,Multiple Trauma / Fracture,5,Walk-In,High Smog / Poor AQI,59,96,99,78,14,37.4,0,58,5.5,0,,1,4.9,19,1,9,0
ADM-002629,PAT-01931,2026-09-08 19:32:28,2026-09-16 17:08:28,Neurology,Acute Ischemic Stroke,2,Walk-In,High Smog / Poor AQI,129,94,140,84,28,39.7,8,35,7.9,0,,0,4.3,19,1,9,0
ADM-002630,PAT-01770,2026-09-08 21:32:28,2026-09-19 09:32:28,Orthopedics,Multiple Trauma / Fracture,3,Walk-In,Rain / Storm,78,98,125,77,15,36.7,0,85,10.5,0,,0,4.5,21,1,9,0
ADM-002631,PAT-00018,2026-09-08 21:32:28,2026-09-26 09:32:28,Pulmonology,COPD Exacerbation,3,Ambulance,Rain / Storm,62,98,142,71,17,36.7,0,91,17.5,0,,0,4.0,21,1,9,0
ADM-002632,PAT-00467,2026-09-08 21:32:28,2026-09-16 23:56:28,General Surgery,Gastrointestinal Hemorrhage,3,Physician Referral,Rain / Storm,76,99,101,85,17,36.9,0,55,8.1,0,,0,5.0,21,1,9,0
ADM-002633,PAT-01372,2026-09-08 21:32:28,2026-09-24 23:56:28,Neurology,Acute Ischemic Stroke,3,Physician Referral,Rain / Storm,63,96,113,61,16,36.3,0,107,16.1,0,,0,4.2,21,1,9,0
ADM-002634,PAT-01780,2026-09-08 21:32:28,2026-09-19 09:32:28,Cardiology,Congestive Heart Failure,2,Ambulance,Rain / Storm,113,87,184,115,29,37.8,10,46,10.5,0,,0,4.2,21,1,9,0
ADM-002635,PAT-00278,2026-09-08 21:32:28,2026-09-17 16:44:28,Neurology,Acute Ischemic Stroke,3,Walk-In,Rain / Storm,92,97,137,90,15,36.9,0,104,8.8,0,,0,3.5,21,1,9,0
ADM-002636,PAT-01856,2026-09-08 21:32:28,2026-09-20 11:56:28,Neurology,Acute Ischemic Stroke,2,Walk-In,Rain / Storm,108,90,155,103,28,39.1,8,21,11.6,0,,0,5.0,21,1,9,0
ADM-002637,PAT-01817,2026-09-08 21:32:28,2026-09-12 23:56:28,ICU,Diabetic Ketoacidosis (DKA),3,Physician Referral,Rain / Storm,90,100,132,82,15,36.9,0,83,4.1,0,,0,4.2,21,1,9,0
ADM-002638,PAT-01361,2026-09-08 23:32:28,2026-09-24 01:56:28,Pulmonology,COPD Exacerbation,3,Walk-In,Clear / Mild,69,98,117,70,18,36.4,0,58,15.1,0,,1,4.3,23,1,9,0
ADM-002639,PAT-01805,2026-09-08 23:32:28,2026-09-15 11:32:28,Cardiology,Acute Myocardial Infarction,3,Walk-In,Clear / Mild,61,98,123,69,14,36.0,0,90,6.5,0,,0,5.0,23,1,9,0
ADM-002640,PAT-01492,2026-09-09 01:32:28,2026-09-26 06:20:28,ICU,Sepsis / Septic Shock,2,Walk-In,Clear / Mild,134,88,143,89,22,39.5,7,47,17.2,0,,0,5.0,1,2,9,0
ADM-002641,PAT-01094,2026-09-09 03:32:28,2026-09-14 20:20:28,Pulmonology,Severe Pneumonia / ARDS,3,Ambulance,Clear / Mild,83,98,153,82,16,37.2,0,101,5.7,0,,0,4.9,3,2,9,0
ADM-002642,PAT-02404,2026-09-09 03:32:28,2026-09-11 20:20:28,Pediatrics,Pediatric Bronchiolitis / Asthma,4,Physician Referral,Clear / Mild,83,97,154,78,17,36.7,0,207,2.7,0,,0,3.1,3,2,9,0
ADM-002643,PAT-00710,2026-09-09 05:32:28,2026-10-01 03:08:28,Pulmonology,COPD Exacerbation,4,Ambulance,Clear / Mild,98,96,116,64,14,37.2,0,137,21.9,0,,0,3.7,5,2,9,0
ADM-002644,PAT-01010,2026-09-09 05:32:28,2026-09-17 22:20:28,Pulmonology,COPD Exacerbation,3,Walk-In,Clear / Mild,68,100,122,74,17,37.2,0,65,8.7,0,,0,5.0,5,2,9,0
ADM-002645,PAT-01372,2026-09-09 05:32:28,,ICU,Acute Renal Failure,2,Walk-In,Clear / Mild,119,87,133,78,22,39.3,7,32,29.5,1,BED-224,0,5.0,5,2,9,0
ADM-002646,PAT-02406,2026-09-09 05:32:28,2026-09-11 22:20:28,General Surgery,Acute Appendicitis / Laparotomy,4,Walk-In,Clear / Mild,64,96,117,88,14,37.5,0,67,2.7,0,,0,3.7,5,2,9,0
ADM-002647,PAT-02134,2026-09-09 07:32:28,2026-09-20 02:44:28,Pulmonology,Severe Pneumonia / ARDS,4,Walk-In,Clear / Mild,88,97,136,85,14,36.9,0,105,10.8,0,,0,4.4,7,2,9,0
ADM-002648,PAT-00811,2026-09-09 09:32:28,2026-09-13 02:20:28,Pulmonology,Severe Pneumonia / ARDS,4,Walk-In,Clear / Mild,80,100,114,75,17,36.8,0,94,3.7,0,,0,4.8,9,2,9,0
ADM-002649,PAT-02171,2026-09-09 09:32:28,2026-09-24 02:20:28,ICU,Acute Renal Failure,2,Walk-In,Clear / Mild,82,90,125,88,28,38.2,6,39,14.7,0,,0,4.5,9,2,9,0
ADM-002650,PAT-01734,2026-09-09 09:32:28,2026-09-20 09:32:28,General Surgery,Gastrointestinal Hemorrhage,2,Walk-In,Clear / Mild,93,93,156,97,33,38.5,4,50,11.0,0,,0,5.0,9,2,9,0
ADM-002651,PAT-00366,2026-09-09 09:32:28,2026-09-18 09:32:28,Orthopedics,Multiple Trauma / Fracture,3,Walk-In,Clear / Mild,66,100,78,71,15,37.2,2,80,9.0,0,,0,3.7,9,2,9,0
ADM-002652,PAT-01768,2026-09-09 11:32:28,2026-09-14 04:20:28,Pulmonology,COPD Exacerbation,3,Ambulance,Freezing / Snow,62,100,142,70,12,36.9,0,70,4.7,0,,1,4.5,11,2,9,0
ADM-002653,PAT-01072,2026-09-09 11:32:28,2026-09-17 23:32:28,General Surgery,Acute Appendicitis / Laparotomy,3,Ambulance,Freezing / Snow,83,96,126,85,14,36.9,0,83,8.5,0,,1,4.1,11,2,9,0
ADM-002654,PAT-00010,2026-09-09 11:32:28,2026-09-17 06:44:28,Cardiology,Congestive Heart Failure,2,Ambulance,Freezing / Snow,138,83,195,78,26,37.1,10,59,7.8,0,,1,4.0,11,2,9,0
ADM-002655,PAT-01814,2026-09-09 11:32:28,2026-09-27 18:44:28,Cardiology,Congestive Heart Failure,3,Walk-In,Freezing / Snow,80,99,136,71,13,36.8,0,98,18.3,0,,1,3.9,11,2,9,0
ADM-002656,PAT-02463,2026-09-09 13:32:28,2026-09-26 13:32:28,ICU,Acute Renal Failure,2,Walk-In,Extreme Heat,148,91,137,78,31,38.7,10,39,17.0,0,,0,5.0,13,2,9,0
ADM-002657,PAT-01238,2026-09-09 13:32:28,2026-09-17 08:44:28,ICU,Diabetic Ketoacidosis (DKA),3,Physician Referral,Extreme Heat,74,97,111,86,17,36.3,0,21,7.8,0,,0,5.0,13,2,9,0
ADM-002658,PAT-00490,2026-09-09 13:32:28,2026-09-27 18:20:28,ICU,Sepsis / Septic Shock,2,Walk-In,Extreme Heat,137,88,97,96,26,38.6,10,43,18.2,0,,0,5.0,13,2,9,0
ADM-002659,PAT-02464,2026-09-09 13:32:28,2026-09-16 03:56:28,Neurology,Acute Ischemic Stroke,2,Walk-In,Extreme Heat,101,85,150,103,27,37.8,6,11,6.6,0,,0,5.0,13,2,9,0
ADM-002660,PAT-01326,2026-09-09 13:32:28,2026-09-14 20:44:28,ICU,Diabetic Ketoacidosis (DKA),2,Ambulance,Extreme Heat,108,87,110,87,17,40.1,5,46,5.3,0,,0,4.4,13,2,9,0
ADM-002661,PAT-01351,2026-09-09 13:32:28,2026-09-23 20:44:28,ICU,Acute Renal Failure,3,Walk-In,Extreme Heat,80,97,103,73,19,36.9,0,104,14.3,0,,0,4.1,13,2,9,0
ADM-002662,PAT-01097,2026-09-09 13:32:28,2026-09-21 08:44:28,Cardiology,Acute Myocardial Infarction,2,Walk-In,Extreme Heat,115,90,133,86,24,38.8,7,51,11.8,0,,0,4.1,13,2,9,0
ADM-002663,PAT-00137,2026-09-09 15:32:28,2026-09-13 17:56:28,ICU,Diabetic Ketoacidosis (DKA),3,Walk-In,Clear / Mild,50,96,106,75,11,36.9,0,51,4.1,0,,0,5.0,15,2,9,0
ADM-002664,PAT-01543,2026-09-09 17:32:28,2026-09-19 19:56:28,General Surgery,Gastrointestinal Hemorrhage,2,Physician Referral,Clear / Mild,132,83,160,74,30,38.4,8,33,10.1,0,,0,4.5,17,2,9,0
ADM-002665,PAT-01770,2026-09-09 17:32:28,2026-09-19 19:56:28,Pediatrics,Pediatric Bronchiolitis / Asthma,4,Ambulance,Clear / Mild,105,96,106,78,15,36.7,0,52,10.1,0,,0,4.9,17,2,9,0
ADM-002666,PAT-00281,2026-09-09 19:32:28,2026-09-19 05:08:28,Cardiology,Congestive Heart Failure,2,Walk-In,Rain / Storm,137,90,156,102,28,37.4,8,58,9.4,0,,0,4.0,19,2,9,0
ADM-002667,PAT-00091,2026-09-09 19:32:28,2026-09-25 19:32:28,ICU,Sepsis / Septic Shock,2,Walk-In,Rain / Storm,110,93,161,79,25,38.0,6,9,16.0,0,,0,5.0,19,2,9,0
ADM-002668,PAT-01191,2026-09-09 19:32:28,2026-09-28 00:20:28,Orthopedics,Multiple Trauma / Fracture,5,Ambulance,Rain / Storm,91,97,139,93,13,37.3,0,158,18.2,0,,0,3.8,19,2,9,0
ADM-002669,PAT-00591,2026-09-09 19:32:28,2026-09-16 12:20:28,ICU,Diabetic Ketoacidosis (DKA),2,Ambulance,Rain / Storm,113,98,160,87,28,39.2,7,49,6.7,0,,0,4.8,19,2,9,0
ADM-002670,PAT-02146,2026-09-09 21:32:28,2026-09-20 23:56:28,Neurology,Acute Ischemic Stroke,2,Walk-In,Clear / Mild,78,90,189,67,24,37.1,5,39,11.1,0,,0,5.0,21,2,9,0
ADM-002671,PAT-01096,2026-09-09 21:32:28,2026-09-12 21:32:28,Pediatrics,Pediatric Bronchiolitis / Asthma,4,Ambulance,Clear / Mild,72,97,139,65,15,37.4,0,156,3.0,0,,0,3.1,21,2,9,0
ADM-002672,PAT-01315,2026-09-09 23:32:28,2026-09-12 06:44:28,Pediatrics,Pediatric Bronchiolitis / Asthma,3,Walk-In,Clear / Mild,87,96,107,73,16,36.6,0,64,2.3,0,,1,4.7,23,2,9,0
ADM-002673,PAT-00002,2026-09-10 01:32:28,2026-09-17 23:08:28,Neurology,Acute Ischemic Stroke,2,Ambulance,Clear / Mild,108,92,156,83,20,39.2,3,19,7.9,0,,1,5.0,1,3,9,0
ADM-002674,PAT-01710,2026-09-10 03:32:28,2026-09-23 03:32:28,ICU,Acute Renal Failure,2,Ambulance,Clear / Mild,146,94,176,70,22,38.3,5,41,13.0,0,,0,4.5,3,3,9,0
ADM-002675,PAT-01601,2026-09-10 05:32:28,2026-09-20 15:08:28,Pulmonology,COPD Exacerbation,3,Ambulance,Rain / Storm,81,98,123,81,17,37.0,0,102,10.4,0,,0,4.4,5,3,9,0
ADM-002676,PAT-00396,2026-09-10 05:32:28,2026-09-15 22:20:28,Neurology,Acute Ischemic Stroke,2,Physician Referral,Rain / Storm,118,91,161,91,26,37.8,10,44,5.7,0,,0,4.0,5,3,9,0
ADM-002677,PAT-01242,2026-09-10 07:32:28,2026-09-14 17:08:28,Neurology,Acute Ischemic Stroke,3,Ambulance,Extreme Heat,82,98,126,59,13,37.3,0,65,4.4,0,,0,4.6,7,3,9,0
ADM-002678,PAT-01191,2026-09-10 07:32:28,2026-09-20 17:08:28,ICU,Acute Renal Failure,2,Walk-In,Extreme Heat,89,87,158,97,31,38.8,8,11,10.4,0,,1,5.0,7,3,9,0
ADM-002679,PAT-01580,2026-09-10 07:32:28,2026-09-17 09:56:28,ICU,Sepsis / Septic Shock,2,Ambulance,Extreme Heat,118,94,171,91,25,37.7,8,30,7.1,0,,0,5.0,7,3,9,0
ADM-002680,PAT-01323,2026-09-10 07:32:28,2026-09-19 14:44:28,Neurology,Acute Ischemic Stroke,3,Walk-In,Extreme Heat,58,99,145,67,17,36.7,0,117,9.3,0,,1,4.6,7,3,9,0
ADM-002681,PAT-01933,2026-09-10 09:32:28,2026-09-17 19:08:28,ICU,Sepsis / Septic Shock,2,Helicopter EMS,Clear / Mild,132,86,145,98,21,36.8,5,37,7.4,0,,0,4.7,9,3,9,0
ADM-002682,PAT-02264,2026-09-10 09:32:28,2026-09-16 23:56:28,General Surgery,Acute Appendicitis / Laparotomy,3,Walk-In,Clear / Mild,64,100,121,78,12,36.9,0,37,6.6,0,,0,4.9,9,3,9,0
ADM-002683,PAT-00892,2026-09-10 11:32:28,2026-09-23 09:08:28,ICU,Acute Renal Failure,3,Walk-In,Clear / Mild,80,97,128,73,13,36.5,0,75,12.9,0,,0,5.0,11,3,9,0
ADM-002684,PAT-01488,2026-09-10 11:32:28,2026-09-15 13:56:28,General Surgery,Acute Appendicitis / Laparotomy,3,Walk-In,Clear / Mild,93,97,126,78,17,36.7,0,100,5.1,0,,0,4.2,11,3,9,0
ADM-002685,PAT-00055,2026-09-10 11:32:28,2026-09-20 21:08:28,General Surgery,Gastrointestinal Hemorrhage,2,Walk-In,Clear / Mild,129,90,154,97,34,37.0,8,35,10.4,0,,0,4.5,11,3,9,0
ADM-002686,PAT-00149,2026-09-10 13:32:28,2026-09-21 03:56:28,ICU,Diabetic Ketoacidosis (DKA),2,Walk-In,Clear / Mild,120,92,172,123,28,38.4,8,43,10.6,0,,0,5.0,13,3,9,0
ADM-002687,PAT-01144,2026-09-10 13:32:28,2026-09-30 13:32:28,ICU,Sepsis / Septic Shock,2,Walk-In,Clear / Mild,122,82,149,74,12,37.9,5,48,20.0,0,,0,4.1,13,3,9,0
ADM-002688,PAT-02313,2026-09-10 13:32:28,2026-09-16 06:20:28,ICU,Diabetic Ketoacidosis (DKA),3,Walk-In,Clear / Mild,84,97,103,76,13,37.4,0,65,5.7,0,,0,4.5,13,3,9,0
ADM-002689,PAT-01776,2026-09-10 13:32:28,2026-09-12 08:44:28,Pediatrics,Pediatric Bronchiolitis / Asthma,3,Walk-In,Clear / Mild,78,98,119,86,14,37.2,0,45,1.8,0,,0,4.8,13,3,9,0
ADM-002690,PAT-01518,2026-09-10 13:32:28,2026-09-18 23:08:28,ICU,Acute Renal Failure,3,Walk-In,Clear / Mild,87,96,145,77,15,36.3,0,97,8.4,0,,1,4.3,13,3,9,0
ADM-002691,PAT-01878,2026-09-10 13:32:28,2026-09-14 11:08:28,Orthopedics,Multiple Trauma / Fracture,4,Walk-In,Clear / Mild,69,95,106,76,16,36.7,0,113,3.9,0,,0,4.2,13,3,9,0
ADM-002692,PAT-00967,2026-09-10 13:32:28,2026-09-18 03:56:28,Cardiology,Congestive Heart Failure,3,Walk-In,Clear / Mild,77,97,121,72,12,36.4,0,49,7.6,0,,0,4.1,13,3,9,0
ADM-002693,PAT-01042,2026-09-10 13:32:28,2026-09-18 23:08:28,Cardiology,Congestive Heart Failure,2,Ambulance,Clear / Mild,144,88,148,120,23,37.9,5,32,8.4,0,,0,4.9,13,3,9,0
ADM-002694,PAT-01411,2026-09-10 15:32:28,2026-09-21 08:20:28,Pulmonology,COPD Exacerbation,4,Walk-In,Rain / Storm,57,96,117,69,12,36.4,0,102,10.7,0,,0,4.0,15,3,9,0
ADM-002695,PAT-00135,2026-09-10 15:32:28,2026-09-18 03:32:28,ICU,Sepsis / Septic Shock,2,Ambulance,Rain / Storm,129,86,146,93,34,36.3,8,54,7.5,0,,0,4.3,15,3,9,0
ADM-002696,PAT-00550,2026-09-10 15:32:28,2026-09-18 03:32:28,ICU,Diabetic Ketoacidosis (DKA),2,Ambulance,Rain / Storm,96,89,152,114,27,38.3,6,38,7.5,0,,0,4.6,15,3,9,0
ADM-002697,PAT-00110,2026-09-10 15:32:28,2026-09-17 10:44:28,Orthopedics,Multiple Trauma / Fracture,3,Walk-In,Rain / Storm,71,96,117,84,14,36.8,0,90,6.8,0,,0,4.0,15,3,9,0
ADM-002698,PAT-00073,2026-09-10 15:32:28,2026-09-21 05:56:28,ICU,Sepsis / Septic Shock,2,Ambulance,Rain / Storm,103,93,117,109,27,38.9,6,37,10.6,0,,0,4.1,15,3,9,0
ADM-002699,PAT-01096,2026-09-10 15:32:28,2026-09-18 05:56:28,General Surgery,Acute Appendicitis / Laparotomy,3,Walk-In,Rain / Storm,76,98,105,65,16,36.5,0,73,7.6,0,,0,4.2,15,3,9,0
ADM-002700,PAT-00392,2026-09-10 15:32:28,2026-09-29 22:44:28,ICU,Acute Renal Failure,2,Walk-In,Rain / Storm,127,90,173,108,25,39.7,12,35,19.3,0,,1,4.4,15,3,9,0
ADM-002701,PAT-00889,2026-09-10 15:32:28,,ICU,Sepsis / Septic Shock,2,Ambulance,Rain / Storm,105,79,144,111,24,37.0,3,16,30.3,1,BED-132,0,5.0,15,3,9,0
ADM-002702,PAT-01767,2026-09-10 17:32:28,,ICU,Acute Renal Failure,3,Physician Referral,Extreme Heat,70,97,118,79,17,37.1,0,70,26.4,1,BED-320,0,5.0,17,3,9,0
ADM-002703,PAT-02348,2026-09-10 17:32:28,2026-09-20 19:56:28,ICU,Acute Renal Failure,2,Walk-In,Extreme Heat,89,88,145,79,23,38.3,3,36,10.1,0,,0,4.7,17,3,9,0
ADM-002704,PAT-01053,2026-09-10 19:32:28,2026-09-15 00:20:28,General Surgery,Acute Appendicitis / Laparotomy,3,Ambulance,High Smog / Poor AQI,79,100,117,76,17,37.4,0,143,4.2,0,,0,3.5,19,3,9,0
ADM-002705,PAT-00400,2026-09-10 19:32:28,2026-09-15 17:08:28,Cardiology,Congestive Heart Failure,3,Walk-In,High Smog / Poor AQI,67,97,136,80,14,36.3,0,128,4.9,0,,1,3.1,19,3,9,0
ADM-002706,PAT-00944,2026-09-10 19:32:28,2026-09-15 05:08:28,ICU,Diabetic Ketoacidosis (DKA),2,Ambulance,High Smog / Poor AQI,136,84,162,93,22,38.0,7,41,4.4,0,,0,4.9,19,3,9,0
ADM-002707,PAT-00711,2026-09-10 19:32:28,2026-09-18 02:44:28,Orthopedics,Multiple Trauma / Fracture,3,Walk-In,High Smog / Poor AQI,84,99,118,83,15,37.8,0,74,7.3,0,,0,4.5,19,3,9,0
ADM-002708,PAT-01949,2026-09-10 21:32:28,2026-09-17 16:44:28,Pediatrics,Pediatric Bronchiolitis / Asthma,4,Ambulance,Clear / Mild,94,95,89,93,13,36.4,2,149,6.8,0,,0,3.4,21,3,9,0
ADM-002709,PAT-01158,2026-09-10 21:32:28,2026-09-25 11:56:28,ICU,Sepsis / Septic Shock,1,Ambulance,Clear / Mild,100,89,158,89,24,38.6,9,6,14.6,0,,0,5.0,21,3,9,0
ADM-002710,PAT-00549,2026-09-10 21:32:28,2026-09-19 11:56:28,Pulmonology,Severe Pneumonia / ARDS,3,Helicopter EMS,Clear / Mild,99,99,104,66,14,37.4,0,117,8.6,0,,0,3.7,21,3,9,0
ADM-002711,PAT-01848,2026-09-10 21:32:28,2026-09-19 16:44:28,ICU,Sepsis / Septic Shock,2,Walk-In,Clear / Mild,82,85,137,96,31,39.0,8,11,8.8,0,,0,4.7,21,3,9,0
ADM-002712,PAT-01389,2026-09-10 21:32:28,2026-09-18 02:20:28,Cardiology,Acute Myocardial Infarction,2,Walk-In,Clear / Mild,113,88,110,77,23,35.9,5,30,7.2,0,,0,5.0,21,3,9,0
ADM-002713,PAT-02153,2026-09-10 21:32:28,2026-09-20 11:56:28,Pulmonology,COPD Exacerbation,3,Walk-In,Clear / Mild,85,97,136,84,15,36.6,0,38,9.6,0,,0,5.0,21,3,9,0
ADM-002714,PAT-01770,2026-09-10 23:32:28,2026-09-20 04:20:28,Cardiology,Acute Myocardial Infarction,2,Walk-In,Clear / Mild,106,83,157,108,26,36.3,6,37,9.2,0,,0,4.7,23,3,9,0
ADM-002715,PAT-02386,2026-09-10 23:32:28,2026-09-21 23:32:28,Orthopedics,Multiple Trauma / Fracture,4,Walk-In,Clear / Mild,73,95,121,83,16,36.5,0,82,11.0,0,,0,4.1,23,3,9,0
ADM-002716,PAT-01220,2026-09-11 01:32:28,2026-09-22 01:32:28,ICU,Sepsis / Septic Shock,2,Walk-In,Clear / Mild,118,91,100,103,20,38.4,5,44,11.0,0,,0,4.5,1,4,9,0
ADM-002717,PAT-01169,2026-09-11 01:32:28,2026-09-18 11:08:28,General Surgery,Acute Appendicitis / Laparotomy,3,Ambulance,Clear / Mild,81,99,124,83,16,36.9,0,60,7.4,0,,0,5.0,1,4,9,0
ADM-002718,PAT-02296,2026-09-11 03:32:28,2026-09-18 20:20:28,Neurology,Acute Ischemic Stroke,2,Walk-In,Clear / Mild,114,91,153,103,29,37.3,8,36,7.7,0,,0,5.0,3,4,9,0
ADM-002719,PAT-01945,2026-09-11 05:32:28,2026-09-24 00:44:28,Cardiology,Acute Myocardial Infarction,3,Ambulance,Clear / Mild,74,97,116,61,14,36.3,0,59,12.8,0,,0,4.5,5,4,9,0
ADM-002720,PAT-02416,2026-09-11 07:32:28,2026-09-20 17:08:28,ICU,Sepsis / Septic Shock,2,Walk-In,Extreme Heat,146,85,145,99,23,38.6,7,43,9.4,0,,0,5.0,7,4,9,0
ADM-002721,PAT-00224,2026-09-11 07:32:28,2026-09-19 14:44:28,ICU,Sepsis / Septic Shock,2,Physician Referral,Extreme Heat,140,92,151,92,24,39.1,5,39,8.3,0,,0,5.0,7,4,9,0
ADM-002722,PAT-00333,2026-09-11 07:32:28,2026-09-21 09:56:28,Orthopedics,Multiple Trauma / Fracture,4,Ambulance,Extreme Heat,71,98,114,79,18,37.3,0,173,10.1,0,,0,3.7,7,4,9,0
ADM-002723,PAT-01188,2026-09-11 07:32:28,2026-09-27 09:56:28,Orthopedics,Multiple Trauma / Fracture,4,Walk-In,Extreme Heat,70,95,125,74,19,37.5,0,119,16.1,0,,0,3.6,7,4,9,0
ADM-002724,PAT-00280,2026-09-11 09:32:28,2026-09-19 16:44:28,ICU,Diabetic Ketoacidosis (DKA),3,Ambulance,Rain / Storm,66,98,109,85,16,37.4,0,93,8.3,0,,0,3.5,9,4,9,0
ADM-002725,PAT-00882,2026-09-11 09:32:28,2026-09-16 07:08:28,General Surgery,Gastrointestinal Hemorrhage,2,Physician Referral,Rain / Storm,126,91,162,84,16,37.8,7,24,4.9,0,,0,5.0,9,4,9,0
ADM-002726,PAT-02352,2026-09-11 09:32:28,2026-09-18 16:44:28,Pulmonology,COPD Exacerbation,4,Walk-In,Rain / Storm,78,98,103,85,15,37.7,0,93,7.3,0,,0,4.1,9,4,9,0
ADM-002727,PAT-02400,2026-09-11 11:32:28,2026-09-28 04:20:28,ICU,Sepsis / Septic Shock,2,Walk-In,High Smog / Poor AQI,123,94,178,69,32,39.2,10,27,16.7,0,,0,4.9,11,4,9,0
ADM-002728,PAT-01374,2026-09-11 11:32:28,2026-09-15 18:44:28,General Surgery,Gastrointestinal Hemorrhage,2,Walk-In,High Smog / Poor AQI,129,88,163,94,23,38.6,9,39,4.3,0,,0,5.0,11,4,9,0
ADM-002729,PAT-00212,2026-09-11 11:32:28,2026-09-24 13:56:28,Cardiology,Congestive Heart Failure,3,Walk-In,High Smog / Poor AQI,69,97,133,84,15,37.2,0,57,13.1,0,,1,5.0,11,4,9,0
ADM-002730,PAT-02339,2026-09-11 11:32:28,2026-09-16 13:56:28,Orthopedics,Multiple Trauma / Fracture,3,Ambulance,High Smog / Poor AQI,87,98,122,73,17,36.9,0,70,5.1,0,,0,4.4,11,4,9,0
ADM-002731,PAT-02390,2026-09-11 11:32:28,2026-09-26 21:08:28,Orthopedics,Multiple Trauma / Fracture,5,Walk-In,High Smog / Poor AQI,85,98,84,77,15,36.6,2,68,15.4,0,,0,4.9,11,4,9,0
ADM-002732,PAT-02305,2026-09-11 11:32:28,2026-09-19 16:20:28,Pediatrics,Pediatric Bronchiolitis / Asthma,5,Ambulance,High Smog / Poor AQI,90,96,115,78,14,37.1,0,150,8.2,0,,0,3.3,11,4,9,0
ADM-002733,PAT-02270,2026-09-11 13:32:28,2026-09-15 08:44:28,ICU,Acute Renal Failure,3,Ambulance,Rain / Storm,94,97,135,79,12,36.8,0,71,3.8,0,,0,4.5,13,4,9,0
ADM-002734,PAT-00084,2026-09-11 13:32:28,2026-09-16 13:32:28,Cardiology,Acute Myocardial Infarction,2,Ambulance,Rain / Storm,118,80,160,102,28,38.2,8,26,5.0,0,,1,5.0,13,4,9,0
ADM-002735,PAT-00124,2026-09-11 13:32:28,2026-09-16 18:20:28,Cardiology,Congestive Heart Failure,3,Walk-In,Rain / Storm,63,95,127,84,16,36.8,0,88,5.2,0,,0,4.1,13,4,9,0
ADM-002736,PAT-01705,2026-09-11 13:32:28,2026-09-14 06:20:28,Pediatrics,Pediatric Bronchiolitis / Asthma,3,Walk-In,Rain / Storm,77,98,130,70,13,36.8,0,87,2.7,0,,0,4.4,13,4,9,0
ADM-002737,PAT-02001,2026-09-11 13:32:28,2026-09-14 08:44:28,Pulmonology,COPD Exacerbation,4,Walk-In,Rain / Storm,81,100,134,60,15,36.7,0,119,2.8,0,,0,3.8,13,4,9,0
ADM-002738,PAT-00176,2026-09-11 13:32:28,2026-09-14 15:56:28,Pediatrics,Pediatric Bronchiolitis / Asthma,4,Walk-In,Rain / Storm,89,99,120,86,14,36.7,0,67,3.1,0,,0,4.4,13,4,9,0
ADM-002739,PAT-00058,2026-09-11 13:32:28,2026-09-19 01:32:28,ICU,Acute Renal Failure,2,Walk-In,Rain / Storm,147,96,154,90,34,38.2,5,15,7.5,0,,0,5.0,13,4,9,0
ADM-002740,PAT-01447,2026-09-11 13:32:28,2026-09-16 01:32:28,ICU,Diabetic Ketoacidosis (DKA),3,Helicopter EMS,Rain / Storm,76,97,129,72,15,36.8,0,100,4.5,0,,1,4.0,13,4,9,0
ADM-002741,PAT-01982,2026-09-11 15:32:28,2026-09-20 01:08:28,ICU,Acute Renal Failure,3,Walk-In,Rain / Storm,80,99,133,66,15,36.8,0,81,8.4,0,,0,5.0,15,4,9,0
ADM-002742,PAT-02414,2026-09-11 15:32:28,2026-09-15 17:56:28,Orthopedics,Multiple Trauma / Fracture,3,Ambulance,Rain / Storm,83,98,120,76,17,36.5,0,66,4.1,0,,0,4.4,15,4,9,0
ADM-002743,PAT-01219,2026-09-11 15:32:28,2026-09-20 22:44:28,ICU,Diabetic Ketoacidosis (DKA),2,Walk-In,Rain / Storm,123,85,128,120,31,39.1,10,28,9.3,0,,0,5.0,15,4,9,0
ADM-002744,PAT-00471,2026-09-11 15:32:28,2026-09-13 20:20:28,General Surgery,Acute Appendicitis / Laparotomy,3,Walk-In,Rain / Storm,87,97,118,84,15,36.6,0,114,2.2,0,,0,3.7,15,4,9,0
ADM-002745,PAT-00890,2026-09-11 17:32:28,2026-10-01 05:32:28,Pulmonology,Severe Pneumonia / ARDS,3,Physician Referral,Clear / Mild,89,99,100,71,17,36.9,0,27,19.5,0,,1,5.0,17,4,9,0
ADM-002746,PAT-01770,2026-09-11 17:32:28,2026-09-20 22:20:28,General Surgery,Acute Appendicitis / Laparotomy,3,Walk-In,Clear / Mild,109,98,128,78,18,37.1,0,65,9.2,0,,0,4.1,17,4,9,0
ADM-002747,PAT-01820,2026-09-11 17:32:28,2026-09-16 22:20:28,Neurology,Acute Ischemic Stroke,2,Ambulance,Clear / Mild,166,92,137,84,30,39.1,8,27,5.2,0,,0,5.0,17,4,9,0
ADM-002748,PAT-01590,2026-09-11 17:32:28,2026-09-19 00:44:28,Pulmonology,COPD Exacerbation,4,Walk-In,Clear / Mild,79,96,109,81,16,37.0,0,102,7.3,0,,1,4.5,17,4,9,0
ADM-002749,PAT-00286,2026-09-11 17:32:28,2026-09-16 19:56:28,Cardiology,Acute Myocardial Infarction,2,Ambulance,Clear / Mild,129,92,144,95,24,40.1,5,53,5.1,0,,0,4.8,17,4,9,0
ADM-002750,PAT-00005,2026-09-11 19:32:28,2026-09-14 00:20:28,General Surgery,Acute Appendicitis / Laparotomy,5,Walk-In,Clear / Mild,62,98,134,75,14,36.8,0,138,2.2,0,,0,3.3,19,4,9,0
ADM-002751,PAT-00747,2026-09-11 19:32:28,2026-09-18 05:08:28,ICU,Diabetic Ketoacidosis (DKA),2,Ambulance,Clear / Mild,106,90,173,72,26,36.7,8,38,6.4,0,,1,4.8,19,4,9,0
ADM-002752,PAT-02362,2026-09-11 19:32:28,2026-09-15 12:20:28,Pediatrics,Pediatric Bronchiolitis / Asthma,3,Ambulance,Clear / Mild,71,97,118,68,16,36.4,0,93,3.7,0,,0,4.5,19,4,9,0
ADM-002753,PAT-01610,2026-09-11 19:32:28,2026-09-16 07:32:28,General Surgery,Gastrointestinal Hemorrhage,3,Ambulance,Clear / Mild,83,98,130,80,13,36.8,0,56,4.5,0,,0,4.6,19,4,9,0
ADM-002754,PAT-01944,2026-09-11 21:32:28,2026-09-18 07:08:28,ICU,Sepsis / Septic Shock,2,Helicopter EMS,Rain / Storm,113,95,125,75,19,40.5,4,29,6.4,0,,0,5.0,21,4,9,0
ADM-002755,PAT-01882,2026-09-11 21:32:28,2026-09-21 09:32:28,Cardiology,Congestive Heart Failure,3,Walk-In,Rain / Storm,80,97,114,76,14,36.6,0,67,9.5,0,,0,4.7,21,4,9,0
ADM-002756,PAT-01734,2026-09-11 23:32:28,2026-09-24 18:44:28,ICU,Diabetic Ketoacidosis (DKA),3,Walk-In,Clear / Mild,75,97,103,69,14,36.8,0,48,12.8,0,,0,4.8,23,4,9,0
ADM-002757,PAT-00207,2026-09-11 23:32:28,2026-09-24 11:32:28,Neurology,Acute Ischemic Stroke,2,Ambulance,Clear / Mild,122,89,179,105,28,38.1,10,44,12.5,0,,0,5.0,23,4,9,0
ADM-002758,PAT-02347,2026-09-12 01:32:28,2026-09-18 13:32:28,Pulmonology,COPD Exacerbation,4,Helicopter EMS,High Smog / Poor AQI,69,99,125,62,16,37.5,0,155,6.5,0,,0,3.4,1,5,9,1
ADM-002759,PAT-01556,2026-09-12 05:32:28,2026-09-20 03:08:28,General Surgery,Acute Appendicitis / Laparotomy,3,Ambulance,Rain / Storm,90,97,120,77,16,37.0,0,76,7.9,0,,0,4.4,5,5,9,1
ADM-002760,PAT-02295,2026-09-12 05:32:28,2026-09-22 19:56:28,Cardiology,Congestive Heart Failure,3,Ambulance,Rain / Storm,73,96,133,78,13,37.6,0,42,10.6,0,,1,5.0,5,5,9,1
ADM-002761,PAT-02439,2026-09-12 07:32:28,2026-09-22 17:08:28,Pulmonology,Severe Pneumonia / ARDS,4,Ambulance,Rain / Storm,77,100,139,54,17,36.7,0,117,10.4,0,,0,4.2,7,5,9,1
ADM-002762,PAT-01701,2026-09-12 07:32:28,2026-09-19 07:32:28,General Surgery,Gastrointestinal Hemorrhage,3,Physician Referral,Rain / Storm,76,96,142,80,16,36.9,0,90,7.0,0,,1,3.7,7,5,9,1
ADM-002763,PAT-01552,2026-09-12 07:32:28,2026-10-01 17:08:28,Cardiology,Congestive Heart Failure,2,Ambulance,Rain / Storm,89,90,170,83,29,38.4,8,42,19.4,0,,0,4.5,7,5,9,1
ADM-002764,PAT-00839,2026-09-12 07:32:28,2026-09-24 07:32:28,ICU,Acute Renal Failure,2,Physician Referral,Rain / Storm,116,95,160,86,18,39.1,4,4,12.0,0,,1,5.0,7,5,9,1
ADM-002765,PAT-02348,2026-09-12 07:32:28,2026-09-17 05:08:28,Orthopedics,Multiple Trauma / Fracture,3,Physician Referral,Rain / Storm,92,100,113,57,15,36.9,0,64,4.9,0,,0,4.6,7,5,9,1
ADM-002766,PAT-01222,2026-09-12 09:32:28,2026-09-21 02:20:28,Pulmonology,Severe Pneumonia / ARDS,3,Ambulance,Clear / Mild,86,100,118,68,16,37.6,0,33,8.7,0,,1,4.5,9,5,9,1
ADM-002767,PAT-01305,2026-09-12 09:32:28,2026-09-25 23:56:28,Cardiology,Congestive Heart Failure,3,Ambulance,Clear / Mild,73,96,130,81,17,37.6,0,98,13.6,0,,0,4.3,9,5,9,1
ADM-002768,PAT-01643,2026-09-12 09:32:28,2026-09-20 14:20:28,Neurology,Acute Ischemic Stroke,3,Walk-In,Clear / Mild,80,99,119,74,13,37.0,0,43,8.2,0,,0,5.0,9,5,9,1
ADM-002769,PAT-01598,2026-09-12 09:32:28,,ICU,Sepsis / Septic Shock,2,Walk-In,Clear / Mild,108,84,162,94,14,39.7,7,32,27.0,1,BED-114,0,5.0,9,5,9,1
ADM-002770,PAT-01470,2026-09-12 09:32:28,2026-09-21 07:08:28,ICU,Acute Renal Failure,2,Walk-In,Clear / Mild,125,91,161,108,32,40.0,12,35,8.9,0,,0,4.5,9,5,9,1
ADM-002771,PAT-01894,2026-09-12 09:32:28,2026-09-18 04:44:28,General Surgery,Gastrointestinal Hemorrhage,3,Ambulance,Clear / Mild,68,97,128,86,18,36.7,0,59,5.8,0,,0,4.9,9,5,9,1
ADM-002772,PAT-01231,2026-09-12 11:32:28,2026-09-17 09:08:28,ICU,Diabetic Ketoacidosis (DKA),2,Walk-In,Clear / Mild,86,89,186,54,24,38.9,7,37,4.9,0,,0,4.0,11,5,9,1
ADM-002773,PAT-00801,2026-09-12 11:32:28,2026-09-16 21:08:28,General Surgery,Gastrointestinal Hemorrhage,3,Ambulance,Clear / Mild,65,97,106,67,15,37.7,0,69,4.4,0,,0,4.9,11,5,9,1
ADM-002774,PAT-01010,2026-09-12 11:32:28,2026-09-17 11:32:28,Pediatrics,Pediatric Bronchiolitis / Asthma,3,Physician Referral,Clear / Mild,69,98,137,85,16,37.0,0,101,5.0,0,,0,5.0,11,5,9,1
ADM-002775,PAT-00669,2026-09-12 13:32:28,2026-09-15 11:08:28,Pediatrics,Pediatric Bronchiolitis / Asthma,3,Ambulance,Clear / Mild,57,98,127,86,15,37.1,0,127,2.9,0,,0,4.5,13,5,9,1
ADM-002776,PAT-01888,2026-09-12 13:32:28,2026-09-22 11:08:28,General Surgery,Acute Appendicitis / Laparotomy,4,Walk-In,Clear / Mild,72,99,154,68,16,36.4,0,157,9.9,0,,0,4.1,13,5,9,1
ADM-002777,PAT-02428,2026-09-12 13:32:28,2026-09-16 03:56:28,Pediatrics,Pediatric Bronchiolitis / Asthma,4,Walk-In,Clear / Mild,105,97,121,89,15,36.0,0,36,3.6,0,,1,4.4,13,5,9,1
ADM-002778,PAT-00747,2026-09-12 13:32:28,2026-09-24 11:08:28,General Surgery,Gastrointestinal Hemorrhage,2,Ambulance,Clear / Mild,81,86,135,88,21,38.5,3,51,11.9,0,,0,4.5,13,5,9,1
ADM-002779,PAT-00394,2026-09-12 15:32:28,2026-09-25 05:56:28,Pulmonology,COPD Exacerbation,3,Walk-In,Clear / Mild,86,100,121,78,15,36.6,0,101,12.6,0,,0,3.6,15,5,9,1
ADM-002780,PAT-01959,2026-09-12 15:32:28,2026-09-25 08:20:28,Cardiology,Acute Myocardial Infarction,2,Walk-In,Clear / Mild,125,90,174,94,23,37.7,7,36,12.7,0,,1,4.2,15,5,9,1
ADM-002781,PAT-00430,2026-09-12 17:32:28,2026-09-29 22:20:28,Neurology,Acute Ischemic Stroke,3,Walk-In,Rain / Storm,78,100,134,81,19,37.2,0,66,17.2,0,,0,4.9,17,5,9,1
ADM-002782,PAT-01930,2026-09-12 17:32:28,2026-09-23 22:20:28,Pulmonology,Severe Pneumonia / ARDS,3,Walk-In,Rain / Storm,66,96,146,91,14,35.9,0,135,11.2,0,,1,3.6,17,5,9,1
ADM-002783,PAT-02233,2026-09-12 17:32:28,2026-09-16 05:32:28,ICU,Diabetic Ketoacidosis (DKA),2,Walk-In,Rain / Storm,99,83,197,84,33,38.2,8,22,3.5,0,,0,4.6,17,5,9,1
ADM-002784,PAT-00555,2026-09-12 17:32:28,2026-09-19 00:44:28,General Surgery,Gastrointestinal Hemorrhage,3,Walk-In,Rain / Storm,75,98,110,63,15,37.2,0,88,6.3,0,,0,3.8,17,5,9,1
ADM-002785,PAT-01534,2026-09-12 17:32:28,2026-09-24 05:32:28,Cardiology,Congestive Heart Failure,3,Walk-In,Rain / Storm,76,98,122,71,14,36.4,0,79,11.5,0,,0,4.6,17,5,9,1
ADM-002786,PAT-01785,2026-09-12 19:32:28,2026-09-25 17:08:28,ICU,Acute Renal Failure,3,Walk-In,Clear / Mild,54,98,130,74,17,37.2,0,94,12.9,0,,0,3.9,19,5,9,1
ADM-002787,PAT-00642,2026-09-12 19:32:28,2026-09-26 07:32:28,ICU,Sepsis / Septic Shock,1,Helicopter EMS,Clear / Mild,123,90,152,95,21,37.3,9,12,13.5,0,,0,5.0,19,5,9,1
ADM-002788,PAT-01324,2026-09-12 19:32:28,2026-09-17 19:32:28,ICU,Diabetic Ketoacidosis (DKA),2,Walk-In,Clear / Mild,104,93,172,103,25,37.9,6,32,5.0,0,,0,5.0,19,5,9,1
ADM-002789,PAT-01791,2026-09-12 19:32:28,2026-09-20 05:08:28,Neurology,Acute Ischemic Stroke,2,Ambulance,Clear / Mild,102,89,88,85,18,38.6,7,31,7.4,0,,0,4.7,19,5,9,1
ADM-002790,PAT-02241,2026-09-12 19:32:28,2026-09-29 17:08:28,General Surgery,Gastrointestinal Hemorrhage,2,Physician Referral,Clear / Mild,99,90,157,80,31,39.7,8,31,16.9,0,,0,5.0,19,5,9,1
ADM-002791,PAT-01462,2026-09-12 19:32:28,2026-09-20 00:20:28,ICU,Sepsis / Septic Shock,2,Walk-In,Clear / Mild,81,89,149,104,34,37.4,6,23,7.2,0,,0,5.0,19,5,9,1
ADM-002792,PAT-00795,2026-09-12 21:32:28,2026-09-15 07:08:28,Pulmonology,COPD Exacerbation,4,Ambulance,Clear / Mild,73,100,124,78,17,36.9,0,110,2.4,0,,0,3.6,21,5,9,1
ADM-002793,PAT-01985,2026-09-12 21:32:28,2026-09-25 19:08:28,ICU,Sepsis / Septic Shock,1,Helicopter EMS,Clear / Mild,121,86,174,86,21,38.3,11,15,12.9,0,,1,5.0,21,5,9,1
ADM-002794,PAT-01690,2026-09-12 21:32:28,2026-09-23 02:20:28,Pulmonology,Severe Pneumonia / ARDS,4,Walk-In,Clear / Mild,79,100,86,83,15,36.6,2,69,10.2,0,,0,4.2,21,5,9,1
ADM-002795,PAT-00619,2026-09-12 21:32:28,2026-09-22 21:32:28,ICU,Diabetic Ketoacidosis (DKA),2,Ambulance,Clear / Mild,108,96,166,96,25,39.4,7,30,10.0,0,,0,5.0,21,5,9,1
ADM-002796,PAT-00504,2026-09-12 21:32:28,2026-09-19 23:56:28,ICU,Diabetic Ketoacidosis (DKA),3,Ambulance,Clear / Mild,85,99,117,71,16,37.4,0,44,7.1,0,,1,4.9,21,5,9,1
ADM-002797,PAT-02238,2026-09-12 21:32:28,2026-09-19 14:20:28,Cardiology,Acute Myocardial Infarction,3,Walk-In,Clear / Mild,87,97,139,85,15,36.8,0,41,6.7,0,,0,4.0,21,5,9,1
ADM-002798,PAT-01272,2026-09-12 21:32:28,2026-09-22 19:08:28,Pulmonology,COPD Exacerbation,4,Ambulance,Clear / Mild,73,97,128,67,14,36.8,0,170,9.9,0,,1,3.0,21,5,9,1
ADM-002799,PAT-00456,2026-09-12 21:32:28,2026-09-19 07:08:28,ICU,Acute Renal Failure,2,Walk-In,Clear / Mild,146,92,168,85,38,38.0,8,39,6.4,0,,1,4.6,21,5,9,1
ADM-002800,PAT-01723,2026-09-13 01:32:28,2026-09-21 08:44:28,General Surgery,Acute Appendicitis / Laparotomy,4,Ambulance,Clear / Mild,95,94,123,78,17,36.2,1,149,8.3,0,,0,3.9,1,6,9,1
ADM-002801,PAT-00326,2026-09-13 03:32:28,2026-09-16 20:20:28,Pediatrics,Pediatric Bronchiolitis / Asthma,3,Walk-In,Clear / Mild,58,99,138,74,16,36.8,0,20,3.7,0,,0,4.4,3,6,9,1
ADM-002802,PAT-01749,2026-09-13 05:32:28,2026-09-19 17:32:28,Orthopedics,Multiple Trauma / Fracture,3,Walk-In,Clear / Mild,99,100,115,70,18,36.9,0,89,6.5,0,,0,4.9,5,6,9,1
ADM-002803,PAT-01592,2026-09-13 05:32:28,2026-09-17 03:08:28,Pulmonology,COPD Exacerbation,3,Walk-In,Clear / Mild,75,98,119,88,13,37.3,0,85,3.9,0,,0,3.4,5,6,9,1
ADM-002804,PAT-02352,2026-09-13 09:32:28,2026-09-17 09:32:28,Orthopedics,Multiple Trauma / Fracture,5,Walk-In,Clear / Mild,55,97,120,70,16,37.0,0,126,4.0,0,,0,4.3,9,6,9,1
ADM-002805,PAT-00606,2026-09-13 09:32:28,2026-09-29 02:20:28,ICU,Sepsis / Septic Shock,2,Physician Referral,Clear / Mild,104,86,176,85,27,37.3,8,51,15.7,0,,1,4.4,9,6,9,1
ADM-002806,PAT-00698,2026-09-13 09:32:28,2026-09-20 02:20:28,ICU,Diabetic Ketoacidosis (DKA),2,Physician Referral,Clear / Mild,95,97,157,83,27,37.7,3,24,6.7,0,,0,4.6,9,6,9,1
ADM-002807,PAT-00743,2026-09-13 09:32:28,2026-09-25 16:44:28,Neurology,Acute Ischemic Stroke,2,Walk-In,Clear / Mild,124,85,132,115,29,37.5,8,43,12.3,0,,0,4.5,9,6,9,1
ADM-002808,PAT-02043,2026-09-13 09:32:28,2026-09-22 02:20:28,Neurology,Acute Ischemic Stroke,2,Walk-In,Clear / Mild,155,87,166,98,17,36.5,7,37,8.7,0,,0,4.7,9,6,9,1
ADM-002809,PAT-02459,2026-09-13 11:32:28,2026-09-22 09:08:28,Pulmonology,Severe Pneumonia / ARDS,3,Helicopter EMS,Clear / Mild,78,99,113,85,11,37.3,0,23,8.9,0,,1,4.7,11,6,9,1
ADM-002810,PAT-01939,2026-09-13 11:32:28,,ICU,Sepsis / Septic Shock,2,Walk-In,Clear / Mild,121,89,122,81,30,37.9,8,36,24.7,1,BED-223,0,4.9,11,6,9,1
ADM-002811,PAT-02309,2026-09-13 11:32:28,2026-09-24 01:56:28,Orthopedics,Multiple Trauma / Fracture,3,Walk-In,Clear / Mild,62,99,107,87,16,36.6,0,35,10.6,0,,0,5.0,11,6,9,1
ADM-002812,PAT-02407,2026-09-13 11:32:28,2026-09-16 01:56:28,General Surgery,Acute Appendicitis / Laparotomy,3,Physician Referral,Clear / Mild,88,95,86,88,14,37.1,2,73,2.6,0,,0,4.5,11,6,9,1
ADM-002813,PAT-00066,2026-09-13 11:32:28,2026-09-21 01:56:28,Pediatrics,Pediatric Bronchiolitis / Asthma,4,Ambulance,Clear / Mild,73,96,107,62,16,36.4,0,71,7.6,0,,0,4.5,11,6,9,1
ADM-002814,PAT-00471,2026-09-13 11:32:28,2026-09-15 11:32:28,Pediatrics,Pediatric Bronchiolitis / Asthma,4,Walk-In,Clear / Mild,59,100,121,94,18,36.7,0,112,2.0,0,,0,4.1,11,6,9,1
ADM-002815,PAT-00950,2026-09-13 13:32:28,2026-09-20 01:32:28,Orthopedics,Multiple Trauma / Fracture,3,Walk-In,High Smog / Poor AQI,69,99,117,69,17,37.0,0,110,6.5,0,,0,4.1,13,6,9,1
ADM-002816,PAT-02166,2026-09-13 13:32:28,2026-09-23 01:32:28,ICU,Diabetic Ketoacidosis (DKA),2,Walk-In,High Smog / Poor AQI,116,97,190,66,20,36.6,4,48,9.5,0,,0,4.6,13,6,9,1
ADM-002817,PAT-02440,2026-09-13 13:32:28,2026-09-19 01:32:28,ICU,Acute Renal Failure,3,Helicopter EMS,High Smog / Poor AQI,91,95,123,79,15,36.9,0,43,5.5,0,,0,3.7,13,6,9,1
ADM-002818,PAT-01855,2026-09-13 13:32:28,,Cardiology,Congestive Heart Failure,2,Ambulance,High Smog / Poor AQI,96,96,118,72,21,39.3,2,25,26.7,1,BED-257,0,4.8,13,6,9,1
ADM-002819,PAT-02193,2026-09-13 13:32:28,2026-09-30 03:56:28,Pulmonology,Severe Pneumonia / ARDS,5,Walk-In,High Smog / Poor AQI,77,99,132,67,15,37.5,0,134,16.6,0,,0,3.9,13,6,9,1
ADM-002820,PAT-02462,2026-09-13 13:32:28,2026-09-19 20:44:28,Orthopedics,Multiple Trauma / Fracture,3,Walk-In,High Smog / Poor AQI,88,99,109,84,19,37.4,0,35,6.3,0,,0,5.0,13,6,9,1
ADM-002821,PAT-01312,2026-09-13 13:32:28,2026-10-01 08:44:28,ICU,Sepsis / Septic Shock,1,Ambulance,High Smog / Poor AQI,110,89,130,88,32,37.1,10,17,17.8,0,,1,4.4,13,6,9,1
ADM-002822,PAT-01797,2026-09-13 13:32:28,2026-09-23 11:08:28,ICU,Acute Renal Failure,2,Walk-In,High Smog / Poor AQI,83,89,147,87,29,37.3,6,45,9.9,0,,0,4.8,13,6,9,1
ADM-002823,PAT-01821,2026-09-13 15:32:28,2026-09-18 10:44:28,Pulmonology,COPD Exacerbation,3,Ambulance,Clear / Mild,77,97,108,67,21,37.1,0,76,4.8,0,,0,5.0,15,6,9,1
ADM-002824,PAT-00334,2026-09-13 15:32:28,2026-09-25 13:08:28,ICU,Diabetic Ketoacidosis (DKA),3,Ambulance,Clear / Mild,84,94,110,80,16,36.9,1,90,11.9,0,,0,3.7,15,6,9,1
ADM-002825,PAT-02428,2026-09-13 17:32:28,2026-09-23 15:08:28,ICU,Acute Renal Failure,2,Physician Referral,Clear / Mild,111,87,182,93,17,38.6,9,28,9.9,0,,1,5.0,17,6,9,1
ADM-002826,PAT-00768,2026-09-13 17:32:28,2026-09-18 17:32:28,Pediatrics,Pediatric Bronchiolitis / Asthma,3,Ambulance,Clear / Mild,77,98,130,81,13,37.6,0,62,5.0,0,,0,3.8,17,6,9,1
ADM-002827,PAT-01326,2026-09-13 17:32:28,2026-09-15 07:56:28,Pediatrics,Pediatric Bronchiolitis / Asthma,3,Walk-In,Clear / Mild,82,98,119,91,18,36.7,0,71,1.6,0,,0,4.9,17,6,9,1
ADM-002828,PAT-01795,2026-09-13 17:32:28,2026-09-30 03:08:28,Neurology,Acute Ischemic Stroke,2,Ambulance,Clear / Mild,115,83,159,103,22,38.4,5,54,16.4,0,,0,4.7,17,6,9,1
ADM-002829,PAT-02324,2026-09-13 19:32:28,2026-09-27 19:32:28,Cardiology,Congestive Heart Failure,2,Walk-In,Clear / Mild,147,89,139,77,28,38.6,10,40,14.0,0,,0,4.4,19,6,9,1
ADM-002830,PAT-01190,2026-09-13 19:32:28,2026-09-23 05:08:28,Orthopedics,Multiple Trauma / Fracture,3,Ambulance,Clear / Mild,73,98,122,76,14,36.9,0,78,9.4,0,,0,3.4,19,6,9,1
ADM-002831,PAT-00423,2026-09-13 19:32:28,,ICU,Sepsis / Septic Shock,1,Helicopter EMS,Clear / Mild,99,84,180,91,26,38.4,12,22,20.8,1,BED-115,0,4.5,19,6,9,1
ADM-002832,PAT-01665,2026-09-13 19:32:28,2026-09-22 07:32:28,Pulmonology,COPD Exacerbation,3,Walk-In,Clear / Mild,78,94,129,81,15,37.2,1,95,8.5,0,,0,4.8,19,6,9,1
ADM-002833,PAT-01510,2026-09-13 19:32:28,2026-09-16 09:56:28,Pediatrics,Pediatric Bronchiolitis / Asthma,5,Walk-In,Clear / Mild,62,96,118,85,16,36.7,0,134,2.6,0,,0,4.0,19,6,9,1
ADM-002834,PAT-02398,2026-09-13 19:32:28,2026-09-26 21:56:28,ICU,Acute Renal Failure,2,Ambulance,Clear / Mild,122,92,172,93,16,37.9,5,25,13.1,0,,0,5.0,19,6,9,1
ADM-002835,PAT-00762,2026-09-13 21:32:28,2026-09-19 09:32:28,General Surgery,Gastrointestinal Hemorrhage,3,Ambulance,Clear / Mild,93,98,115,83,20,36.5,0,122,5.5,0,,0,4.3,21,6,9,1
ADM-002836,PAT-02152,2026-09-13 21:32:28,2026-09-18 14:20:28,General Surgery,Acute Appendicitis / Laparotomy,4,Ambulance,Clear / Mild,60,97,126,85,12,37.1,0,128,4.7,0,,0,3.7,21,6,9,1
ADM-002837,PAT-02262,2026-09-13 23:32:28,,ICU,Sepsis / Septic Shock,2,Ambulance,Clear / Mild,128,86,130,105,27,39.3,10,30,26.6,1,BED-149,0,5.0,23,6,9,1
ADM-002838,PAT-01905,2026-09-13 23:32:28,2026-09-21 09:08:28,Orthopedics,Multiple Trauma / Fracture,3,Ambulance,Clear / Mild,67,98,120,73,15,37.1,0,42,7.4,0,,0,4.8,23,6,9,1
ADM-002839,PAT-02112,2026-09-14 03:32:28,2026-09-17 13:08:28,General Surgery,Gastrointestinal Hemorrhage,2,Walk-In,Clear / Mild,93,88,129,74,35,38.0,6,48,3.4,0,,0,5.0,3,0,9,0
ADM-002840,PAT-02047,2026-09-14 05:32:28,2026-09-20 10:20:28,ICU,Acute Renal Failure,2,Walk-In,Clear / Mild,117,84,150,87,27,38.9,10,22,6.2,0,,0,5.0,5,0,9,0
ADM-002841,PAT-01373,2026-09-14 05:32:28,2026-09-19 05:32:28,Cardiology,Acute Myocardial Infarction,3,Ambulance,Clear / Mild,72,98,120,77,16,36.4,0,86,5.0,0,,0,5.0,5,0,9,0
ADM-002842,PAT-01198,2026-09-14 05:32:28,2026-09-22 17:32:28,Pulmonology,Severe Pneumonia / ARDS,5,Ambulance,Clear / Mild,77,98,126,77,18,35.5,0,109,8.5,0,,0,4.7,5,0,9,0
ADM-002843,PAT-00576,2026-09-14 05:32:28,2026-09-15 10:20:28,Pediatrics,Pediatric Bronchiolitis / Asthma,3,Physician Referral,Clear / Mild,89,99,129,63,17,37.2,0,99,1.2,0,,0,3.9,5,0,9,0
ADM-002844,PAT-00112,2026-09-14 05:32:28,2026-09-21 17:32:28,ICU,Acute Renal Failure,2,Physician Referral,Clear / Mild,133,88,138,93,19,38.3,5,40,7.5,0,,0,5.0,5,0,9,0
ADM-002845,PAT-00605,2026-09-14 07:32:28,2026-09-24 19:32:28,Orthopedics,Multiple Trauma / Fracture,3,Walk-In,Rain / Storm,68,97,119,80,15,36.5,0,112,10.5,0,,0,4.5,7,0,9,0
ADM-002846,PAT-01187,2026-09-14 07:32:28,2026-09-18 07:32:28,Orthopedics,Multiple Trauma / Fracture,3,Walk-In,Rain / Storm,81,98,111,88,16,36.7,0,81,4.0,0,,0,4.3,7,0,9,0
ADM-002847,PAT-00322,2026-09-14 07:32:28,2026-09-22 09:56:28,General Surgery,Gastrointestinal Hemorrhage,2,Walk-In,Rain / Storm,116,94,117,76,29,40.3,8,40,8.1,0,,1,5.0,7,0,9,0
ADM-002848,PAT-01811,2026-09-14 07:32:28,2026-09-21 07:32:28,Pulmonology,COPD Exacerbation,3,Ambulance,Rain / Storm,70,98,135,66,15,36.8,0,123,7.0,0,,0,3.5,7,0,9,0
ADM-002849,PAT-01812,2026-09-14 07:32:28,2026-09-30 19:32:28,ICU,Sepsis / Septic Shock,1,Ambulance,Rain / Storm,126,93,160,81,28,37.6,10,12,16.5,0,,0,5.0,7,0,9,0
ADM-002850,PAT-02266,2026-09-14 09:32:28,2026-09-19 07:08:28,General Surgery,Acute Appendicitis / Laparotomy,4,Physician Referral,Clear / Mild,54,97,126,74,11,37.2,0,76,4.9,0,,0,3.7,9,0,9,0
ADM-002851,PAT-01246,2026-09-14 09:32:28,2026-09-18 11:56:28,Cardiology,Acute Myocardial Infarction,2,Ambulance,Clear / Mild,102,90,177,121,23,37.4,5,45,4.1,0,,0,5.0,9,0,9,0
ADM-002852,PAT-00010,2026-09-14 11:32:28,2026-09-23 13:56:28,Pulmonology,COPD Exacerbation,3,Walk-In,Rain / Storm,72,98,121,86,15,36.3,0,39,9.1,0,,0,5.0,11,0,9,0
ADM-002853,PAT-01955,2026-09-14 11:32:28,2026-09-26 13:56:28,ICU,Sepsis / Septic Shock,1,Ambulance,Rain / Storm,110,89,145,101,29,38.1,10,14,12.1,0,,0,5.0,11,0,9,0
ADM-002854,PAT-01858,2026-09-14 11:32:28,2026-09-19 13:56:28,General Surgery,Gastrointestinal Hemorrhage,3,Walk-In,Rain / Storm,58,97,119,77,17,37.5,0,60,5.1,0,,1,5.0,11,0,9,0
ADM-002855,PAT-00778,2026-09-14 11:32:28,2026-09-20 16:20:28,Cardiology,Acute Myocardial Infarction,2,Walk-In,Rain / Storm,145,85,170,81,31,38.3,10,33,6.2,0,,0,4.5,11,0,9,0
ADM-002856,PAT-00527,2026-09-14 11:32:28,2026-09-18 01:56:28,ICU,Diabetic Ketoacidosis (DKA),2,Walk-In,Rain / Storm,135,95,142,81,36,39.1,7,26,3.6,0,,0,4.7,11,0,9,0
ADM-002857,PAT-01843,2026-09-14 11:32:28,2026-09-21 04:20:28,Cardiology,Acute Myocardial Infarction,3,Walk-In,Rain / Storm,62,97,102,73,15,36.6,0,84,6.7,0,,0,4.8,11,0,9,0
ADM-002858,PAT-02133,2026-09-14 11:32:28,2026-09-24 06:44:28,Pulmonology,COPD Exacerbation,3,Ambulance,Rain / Storm,81,99,110,66,13,37.0,0,85,9.8,0,,0,5.0,11,0,9,0
ADM-002859,PAT-00638,2026-09-14 11:32:28,2026-09-27 06:44:28,Cardiology,Congestive Heart Failure,2,Physician Referral,Rain / Storm,78,86,125,101,25,36.0,6,45,12.8,0,,0,5.0,11,0,9,0
ADM-002860,PAT-00913,2026-09-14 13:32:28,2026-09-18 03:56:28,General Surgery,Acute Appendicitis / Laparotomy,3,Walk-In,Clear / Mild,85,96,126,79,17,37.3,0,105,3.6,0,,0,3.8,13,0,9,0
ADM-002861,PAT-01746,2026-09-14 13:32:28,2026-09-26 13:32:28,General Surgery,Gastrointestinal Hemorrhage,2,Walk-In,Clear / Mild,113,89,140,89,19,39.0,7,52,12.0,0,,0,3.7,13,0,9,0
ADM-002862,PAT-00884,2026-09-14 15:32:28,2026-09-25 15:32:28,Cardiology,Acute Myocardial Infarction,2,Walk-In,Clear / Mild,141,87,162,92,30,38.7,12,26,11.0,0,,0,5.0,15,0,9,0
ADM-002863,PAT-00837,2026-09-14 15:32:28,2026-09-21 13:08:28,Orthopedics,Multiple Trauma / Fracture,4,Ambulance,Clear / Mild,82,97,122,80,18,37.1,0,96,6.9,0,,0,3.9,15,0,9,0
ADM-002864,PAT-01735,2026-09-14 15:32:28,2026-09-22 05:56:28,General Surgery,Acute Appendicitis / Laparotomy,3,Walk-In,Clear / Mild,59,97,131,92,15,36.8,0,44,7.6,0,,0,4.4,15,0,9,0
ADM-002865,PAT-00189,2026-09-14 17:32:28,2026-09-19 15:08:28,Orthopedics,Multiple Trauma / Fracture,3,Walk-In,Rain / Storm,92,96,113,76,18,36.6,0,70,4.9,0,,0,4.1,17,0,9,0
ADM-002866,PAT-02311,2026-09-14 17:32:28,2026-09-22 10:20:28,Pulmonology,COPD Exacerbation,3,Walk-In,Rain / Storm,72,98,105,62,20,36.8,0,79,7.7,0,,0,4.5,17,0,9,0
ADM-002867,PAT-01340,2026-09-14 17:32:28,2026-09-28 19:56:28,Pulmonology,Severe Pneumonia / ARDS,3,Walk-In,Rain / Storm,71,94,114,75,15,36.7,1,54,14.1,0,,0,4.4,17,0,9,0
ADM-002868,PAT-01811,2026-09-14 17:32:28,2026-09-19 03:08:28,General Surgery,Acute Appendicitis / Laparotomy,5,Walk-In,Rain / Storm,58,95,123,79,17,36.7,0,88,4.4,0,,0,3.7,17,0,9,0
ADM-002869,PAT-01203,2026-09-14 17:32:28,2026-09-23 03:08:28,Cardiology,Acute Myocardial Infarction,2,Ambulance,Rain / Storm,125,95,153,77,21,37.7,2,11,8.4,0,,0,5.0,17,0,9,0
ADM-002870,PAT-02057,2026-09-14 19:32:28,2026-09-18 21:56:28,ICU,Diabetic Ketoacidosis (DKA),2,Ambulance,Clear / Mild,150,80,107,119,26,37.5,8,48,4.1,0,,0,5.0,19,0,9,0
ADM-002871,PAT-01333,2026-09-14 19:32:28,2026-09-18 09:56:28,ICU,Diabetic Ketoacidosis (DKA),2,Walk-In,Clear / Mild,108,93,132,97,33,36.5,4,44,3.6,0,,0,4.7,19,0,9,0
ADM-002872,PAT-01196,2026-09-14 19:32:28,2026-09-19 12:20:28,Pulmonology,COPD Exacerbation,4,Ambulance,Clear / Mild,71,99,112,64,18,37.0,0,130,4.7,0,,1,3.7,19,0,9,0
ADM-002873,PAT-01181,2026-09-14 21:32:28,2026-09-22 09:32:28,Cardiology,Congestive Heart Failure,2,Walk-In,Clear / Mild,143,88,169,98,17,37.3,7,34,7.5,0,,0,5.0,21,0,9,0
ADM-002874,PAT-01913,2026-09-14 21:32:28,2026-09-22 23:56:28,General Surgery,Gastrointestinal Hemorrhage,3,Ambulance,Clear / Mild,90,95,119,70,18,37.8,0,61,8.1,0,,0,4.5,21,0,9,0
ADM-002875,PAT-00479,2026-09-14 21:32:28,,Orthopedics,Multiple Trauma / Fracture,3,Walk-In,Clear / Mild,88,99,97,88,16,36.7,0,97,18.1,1,BED-131,0,4.1,21,0,9,0
ADM-002876,PAT-01754,2026-09-14 21:32:28,2026-09-21 09:32:28,ICU,Acute Renal Failure,3,Walk-In,Clear / Mild,73,96,129,76,14,36.8,0,81,6.5,0,,0,4.4,21,0,9,0
ADM-002877,PAT-01567,2026-09-14 21:32:28,2026-09-21 04:44:28,Orthopedics,Multiple Trauma / Fracture,3,Ambulance,Clear / Mild,85,97,119,80,16,37.3,0,88,6.3,0,,1,4.8,21,0,9,0
ADM-002878,PAT-01129,2026-09-14 21:32:28,2026-09-17 07:08:28,General Surgery,Acute Appendicitis / Laparotomy,4,Walk-In,Clear / Mild,86,98,125,84,15,36.2,0,118,2.4,0,,1,3.5,21,0,9,0
ADM-002879,PAT-01278,2026-09-14 21:32:28,2026-09-25 04:44:28,Pulmonology,COPD Exacerbation,4,Walk-In,Clear / Mild,77,99,132,73,14,36.5,0,4,10.3,0,,0,5.0,21,0,9,0
ADM-002880,PAT-02406,2026-09-14 21:32:28,2026-09-29 02:20:28,ICU,Sepsis / Septic Shock,1,Ambulance,Clear / Mild,123,83,142,82,20,38.2,9,14,14.2,0,,0,5.0,21,0,9,0
ADM-002881,PAT-00153,2026-09-14 23:32:28,2026-09-24 06:44:28,ICU,Acute Renal Failure,2,Ambulance,Clear / Mild,113,91,143,111,28,37.9,8,35,9.3,0,,0,4.7,23,0,9,0
ADM-002882,PAT-01427,2026-09-15 03:32:28,2026-09-28 10:44:28,General Surgery,Gastrointestinal Hemorrhage,3,Helicopter EMS,Clear / Mild,95,98,130,70,16,36.9,0,85,13.3,0,,0,4.3,3,1,9,0
ADM-002883,PAT-00923,2026-09-15 05:32:28,2026-09-19 00:44:28,ICU,Acute Renal Failure,2,Ambulance,Freezing / Snow,117,82,135,96,30,39.2,10,47,3.8,0,,0,4.7,5,1,9,0
ADM-002884,PAT-01996,2026-09-15 05:32:28,,ICU,Sepsis / Septic Shock,2,Walk-In,Freezing / Snow,105,91,129,92,23,37.2,3,47,19.0,1,BED-184,0,5.0,5,1,9,0
ADM-002885,PAT-02089,2026-09-15 05:32:28,2026-09-22 15:08:28,General Surgery,Gastrointestinal Hemorrhage,2,Walk-In,Freezing / Snow,84,87,179,101,29,39.6,10,36,7.4,0,,0,4.6,5,1,9,0
ADM-002886,PAT-00966,2026-09-15 05:32:28,2026-09-29 17:32:28,Pulmonology,COPD Exacerbation,3,Ambulance,Freezing / Snow,85,97,119,69,19,37.6,0,52,14.5,0,,1,5.0,5,1,9,0
ADM-002887,PAT-00754,2026-09-15 05:32:28,2026-09-30 12:44:28,Pulmonology,Severe Pneumonia / ARDS,3,Ambulance,Freezing / Snow,81,95,115,85,14,36.9,0,92,15.3,0,,0,4.8,5,1,9,0
ADM-002888,PAT-01667,2026-09-15 05:32:28,2026-09-23 07:56:28,Orthopedics,Multiple Trauma / Fracture,4,Ambulance,Freezing / Snow,81,99,118,93,12,36.8,0,169,8.1,0,,1,3.1,5,1,9,0
ADM-002889,PAT-00143,2026-09-15 07:32:28,2026-09-17 12:20:28,Pulmonology,Severe Pneumonia / ARDS,3,Ambulance,Clear / Mild,64,98,118,72,14,37.1,0,48,2.2,0,,0,4.6,7,1,9,0
ADM-002890,PAT-02248,2026-09-15 07:32:28,2026-09-25 09:56:28,Cardiology,Acute Myocardial Infarction,2,Physician Referral,Clear / Mild,146,85,180,92,30,38.9,12,29,10.1,0,,0,5.0,7,1,9,0
ADM-002891,PAT-02254,2026-09-15 07:32:28,2026-09-21 14:44:28,ICU,Diabetic Ketoacidosis (DKA),3,Walk-In,Clear / Mild,64,96,151,88,17,36.7,0,76,6.3,0,,0,3.6,7,1,9,0
ADM-002892,PAT-00042,2026-09-15 11:32:28,2026-09-26 06:44:28,ICU,Acute Renal Failure,2,Walk-In,Clear / Mild,144,78,148,97,16,39.0,7,28,10.8,0,,0,5.0,11,1,9,0
ADM-002893,PAT-02313,2026-09-15 11:32:28,2026-09-19 16:20:28,Pediatrics,Pediatric Bronchiolitis / Asthma,4,Walk-In,Clear / Mild,69,99,124,74,13,36.5,0,79,4.2,0,,0,4.9,11,1,9,0
ADM-002894,PAT-00057,2026-09-15 11:32:28,2026-09-18 21:08:28,Pediatrics,Pediatric Bronchiolitis / Asthma,4,Walk-In,Clear / Mild,77,99,126,72,14,36.7,0,168,3.4,0,,0,3.0,11,1,9,0
ADM-002895,PAT-01665,2026-09-15 11:32:28,2026-09-26 23:32:28,ICU,Diabetic Ketoacidosis (DKA),3,Walk-In,Clear / Mild,81,100,122,76,12,37.1,0,78,11.5,0,,0,4.1,11,1,9,0
ADM-002896,PAT-00942,2026-09-15 11:32:28,2026-09-25 06:44:28,ICU,Acute Renal Failure,2,Walk-In,Clear / Mild,124,87,191,109,23,36.5,7,24,9.8,0,,1,5.0,11,1,9,0
ADM-002897,PAT-00740,2026-09-15 11:32:28,2026-09-25 13:56:28,ICU,Diabetic Ketoacidosis (DKA),2,Walk-In,Clear / Mild,118,94,163,76,22,38.0,5,31,10.1,0,,0,4.9,11,1,9,0
ADM-002898,PAT-01334,2026-09-15 11:32:28,,Pulmonology,Severe Pneumonia / ARDS,5,Walk-In,Clear / Mild,84,97,131,67,17,37.1,0,108,23.4,1,BED-140,0,4.2,11,1,9,0
ADM-002899,PAT-01515,2026-09-15 11:32:28,2026-09-21 21:08:28,General Surgery,Acute Appendicitis / Laparotomy,3,Walk-In,Clear / Mild,90,99,138,63,16,36.8,0,88,6.4,0,,0,4.4,11,1,9,0
ADM-002900,PAT-00522,2026-09-15 13:32:28,2026-09-18 23:08:28,General Surgery,Acute Appendicitis / Laparotomy,3,Walk-In,Clear / Mild,75,98,114,70,16,37.4,0,98,3.4,0,,0,5.0,13,1,9,0
ADM-002901,PAT-00663,2026-09-15 13:32:28,2026-09-17 13:32:28,Pediatrics,Pediatric Bronchiolitis / Asthma,3,Walk-In,Clear / Mild,74,100,136,81,15,37.2,0,67,2.0,0,,0,5.0,13,1,9,0
ADM-002902,PAT-02394,2026-09-15 13:32:28,2026-09-19 20:44:28,Pulmonology,Severe Pneumonia / ARDS,3,Walk-In,Clear / Mild,65,98,119,90,14,36.7,0,71,4.3,0,,0,4.2,13,1,9,0
ADM-002903,PAT-02311,2026-09-15 13:32:28,2026-09-24 20:44:28,ICU,Acute Renal Failure,2,Ambulance,Clear / Mild,113,83,139,117,34,38.9,10,44,9.3,0,,1,5.0,13,1,9,0
ADM-002904,PAT-00949,2026-09-15 13:32:28,2026-10-01 03:56:28,ICU,Acute Renal Failure,2,Ambulance,Clear / Mild,120,90,171,80,38,39.7,12,27,15.6,0,,0,4.7,13,1,9,0
ADM-002905,PAT-00386,2026-09-15 13:32:28,2026-09-20 18:20:28,Orthopedics,Multiple Trauma / Fracture,3,Walk-In,Clear / Mild,85,97,95,69,18,36.7,0,77,5.2,0,,0,4.3,13,1,9,0
ADM-002906,PAT-00338,2026-09-15 13:32:28,2026-09-24 11:08:28,Pulmonology,Severe Pneumonia / ARDS,4,Ambulance,Clear / Mild,76,94,110,58,13,36.8,1,148,8.9,0,,0,3.6,13,1,9,0
ADM-002907,PAT-01364,2026-09-15 15:32:28,2026-09-23 20:20:28,Cardiology,Acute Myocardial Infarction,3,Walk-In,Freezing / Snow,68,96,104,74,15,36.4,0,37,8.2,0,,1,4.4,15,1,9,0
ADM-002908,PAT-00760,2026-09-15 15:32:28,2026-09-24 08:20:28,Orthopedics,Multiple Trauma / Fracture,3,Physician Referral,Freezing / Snow,70,94,149,86,15,36.4,1,83,8.7,0,,0,4.4,15,1,9,0
ADM-002909,PAT-02049,2026-09-15 15:32:28,2026-09-18 20:20:28,General Surgery,Gastrointestinal Hemorrhage,3,Ambulance,Freezing / Snow,47,97,100,79,16,36.4,2,74,3.2,0,,0,4.2,15,1,9,0
ADM-002910,PAT-02442,2026-09-15 15:32:28,2026-09-27 03:32:28,Pulmonology,Severe Pneumonia / ARDS,4,Walk-In,Freezing / Snow,72,100,105,70,15,36.2,0,194,11.5,0,,1,3.9,15,1,9,0
ADM-002911,PAT-02349,2026-09-15 15:32:28,2026-09-25 03:32:28,Cardiology,Congestive Heart Failure,3,Physician Referral,Freezing / Snow,83,98,117,67,13,37.7,0,79,9.5,0,,0,3.7,15,1,9,0
ADM-002912,PAT-02285,2026-09-15 15:32:28,2026-09-19 22:44:28,Cardiology,Acute Myocardial Infarction,2,Walk-In,Freezing / Snow,132,91,167,104,17,37.9,7,55,4.3,0,,0,4.0,15,1,9,0
ADM-002913,PAT-02470,2026-09-15 17:32:28,2026-09-24 10:20:28,Neurology,Acute Ischemic Stroke,3,Ambulance,Clear / Mild,62,96,90,92,13,36.7,2,17,8.7,0,,0,4.3,17,1,9,0
ADM-002914,PAT-02434,2026-09-15 17:32:28,2026-09-29 07:56:28,Orthopedics,Multiple Trauma / Fracture,5,Ambulance,Clear / Mild,81,96,121,72,15,37.1,0,84,13.6,0,,0,4.2,17,1,9,0
ADM-002915,PAT-00712,2026-09-15 17:32:28,2026-09-20 12:44:28,General Surgery,Acute Appendicitis / Laparotomy,4,Walk-In,Clear / Mild,74,96,114,84,17,36.3,0,129,4.8,0,,0,3.7,17,1,9,0
ADM-002916,PAT-00496,2026-09-15 19:32:28,2026-09-24 12:20:28,Pulmonology,Severe Pneumonia / ARDS,3,Ambulance,Clear / Mild,84,98,122,100,21,36.7,0,55,8.7,0,,0,4.3,19,1,9,0
ADM-002917,PAT-00014,2026-09-15 19:32:28,2026-09-26 09:56:28,ICU,Sepsis / Septic Shock,1,Ambulance,Clear / Mild,141,81,142,86,21,37.2,9,16,10.6,0,,0,5.0,19,1,9,0
ADM-002918,PAT-01334,2026-09-15 19:32:28,2026-09-25 17:08:28,Pulmonology,COPD Exacerbation,3,Walk-In,Clear / Mild,79,98,145,83,15,36.9,0,93,9.9,0,,1,4.6,19,1,9,0
ADM-002919,PAT-01763,2026-09-15 19:32:28,2026-09-25 02:44:28,General Surgery,Gastrointestinal Hemorrhage,2,Walk-In,Clear / Mild,112,94,139,84,23,37.6,3,36,9.3,0,,0,5.0,19,1,9,0
ADM-002920,PAT-01475,2026-09-15 21:32:28,2026-09-21 02:20:28,Pulmonology,COPD Exacerbation,3,Walk-In,Freezing / Snow,77,97,124,68,15,36.7,0,33,5.2,0,,0,5.0,21,1,9,0
ADM-002921,PAT-01119,2026-09-15 21:32:28,2026-09-29 11:56:28,ICU,Sepsis / Septic Shock,2,Ambulance,Freezing / Snow,131,90,150,104,18,38.8,7,46,13.6,0,,0,4.5,21,1,9,0
ADM-002922,PAT-01972,2026-09-15 21:32:28,2026-09-19 07:08:28,Pulmonology,COPD Exacerbation,3,Walk-In,Freezing / Snow,74,95,127,74,14,36.8,0,102,3.4,0,,0,3.3,21,1,9,0
ADM-002923,PAT-02092,2026-09-15 23:32:28,2026-09-24 11:32:28,Pulmonology,Severe Pneumonia / ARDS,4,Walk-In,Clear / Mild,82,98,169,86,11,36.9,2,181,8.5,0,,0,3.7,23,1,9,0
ADM-002924,PAT-00295,2026-09-16 03:32:28,2026-09-24 13:08:28,ICU,Sepsis / Septic Shock,1,Ambulance,Clear / Mild,106,86,125,86,23,37.4,7,7,8.4,0,,0,5.0,3,2,9,0
ADM-002925,PAT-00868,2026-09-16 03:32:28,2026-09-20 08:20:28,General Surgery,Acute Appendicitis / Laparotomy,4,Walk-In,Clear / Mild,89,97,126,75,20,37.2,0,13,4.2,0,,0,4.8,3,2,9,0
ADM-002926,PAT-01925,2026-09-16 05:32:28,,ICU,Sepsis / Septic Shock,2,Walk-In,Clear / Mild,116,94,157,112,24,39.8,5,50,22.3,1,BED-325,0,4.4,5,2,9,0
ADM-002927,PAT-01678,2026-09-16 05:32:28,2026-09-24 07:56:28,ICU,Sepsis / Septic Shock,1,Ambulance,Clear / Mild,98,91,142,92,26,37.4,10,21,8.1,0,,1,4.6,5,2,9,0
ADM-002928,PAT-01376,2026-09-16 05:32:28,2026-09-20 03:08:28,ICU,Diabetic Ketoacidosis (DKA),3,Ambulance,Clear / Mild,94,97,132,81,14,36.0,0,81,3.9,0,,0,5.0,5,2,9,0
ADM-002929,PAT-01200,2026-09-16 05:32:28,2026-09-23 10:20:28,Orthopedics,Multiple Trauma / Fracture,4,Walk-In,Clear / Mild,76,97,135,78,15,37.2,0,78,7.2,0,,0,4.7,5,2,9,0
ADM-002930,PAT-02391,2026-09-16 07:32:28,2026-09-23 07:32:28,ICU,Acute Renal Failure,2,Ambulance,Rain / Storm,117,89,187,93,32,39.6,12,25,7.0,0,,1,4.9,7,2,9,0
ADM-002931,PAT-00795,2026-09-16 07:32:28,2026-09-21 09:56:28,Cardiology,Congestive Heart Failure,2,Walk-In,Rain / Storm,95,99,138,81,20,37.9,0,32,5.1,0,,0,4.8,7,2,9,0
ADM-002932,PAT-01652,2026-09-16 09:32:28,2026-09-23 21:32:28,Orthopedics,Multiple Trauma / Fracture,4,Ambulance,Clear / Mild,84,96,114,82,18,37.1,0,172,7.5,0,,0,3.9,9,2,9,0
ADM-002933,PAT-00019,2026-09-16 09:32:28,2026-09-22 16:44:28,ICU,Acute Renal Failure,2,Walk-In,Clear / Mild,83,90,161,89,22,39.4,7,31,6.3,0,,0,5.0,9,2,9,0
ADM-002934,PAT-01799,2026-09-16 09:32:28,2026-09-27 19:08:28,ICU,Acute Renal Failure,2,Ambulance,Clear / Mild,105,94,150,86,23,38.4,1,51,11.4,0,,1,5.0,9,2,9,0
ADM-002935,PAT-00310,2026-09-16 09:32:28,2026-09-26 02:20:28,Orthopedics,Multiple Trauma / Fracture,3,Ambulance,Clear / Mild,83,96,109,73,13,36.6,0,70,9.7,0,,0,5.0,9,2,9,0
ADM-002936,PAT-01982,2026-09-16 11:32:28,2026-09-20 09:08:28,General Surgery,Acute Appendicitis / Laparotomy,4,Walk-In,Extreme Heat,62,96,118,75,16,36.8,0,118,3.9,0,,0,3.3,11,2,9,0
ADM-002937,PAT-00850,2026-09-16 11:32:28,2026-09-19 11:32:28,ICU,Diabetic Ketoacidosis (DKA),3,Walk-In,Extreme Heat,84,99,120,84,14,36.7,0,32,3.0,0,,0,5.0,11,2,9,0
ADM-002938,PAT-01307,2026-09-16 11:32:28,2026-09-28 18:44:28,ICU,Acute Renal Failure,3,Ambulance,Extreme Heat,76,96,123,80,20,36.8,0,87,12.3,0,,0,4.1,11,2,9,0
ADM-002939,PAT-00432,2026-09-16 11:32:28,2026-09-25 04:20:28,Orthopedics,Multiple Trauma / Fracture,3,Walk-In,Extreme Heat,82,97,111,70,17,36.7,0,82,8.7,0,,1,5.0,11,2,9,0
ADM-002940,PAT-00554,2026-09-16 13:32:28,2026-09-22 03:56:28,ICU,Diabetic Ketoacidosis (DKA),2,Walk-In,Clear / Mild,132,92,129,123,20,39.2,5,36,5.6,0,,0,5.0,13,2,9,0
ADM-002941,PAT-02052,2026-09-16 13:32:28,2026-09-20 01:32:28,ICU,Diabetic Ketoacidosis (DKA),3,Ambulance,Clear / Mild,69,97,137,67,12,36.9,0,77,3.5,0,,0,4.7,13,2,9,0
ADM-002942,PAT-01497,2026-09-16 13:32:28,2026-09-28 18:20:28,Neurology,Acute Ischemic Stroke,2,Walk-In,Clear / Mild,115,94,154,91,29,37.9,6,59,12.2,0,,0,5.0,13,2,9,0
ADM-002943,PAT-00988,2026-09-16 13:32:28,2026-09-18 18:20:28,Pediatrics,Pediatric Bronchiolitis / Asthma,3,Helicopter EMS,Clear / Mild,74,94,123,62,16,36.9,1,42,2.2,0,,0,4.8,13,2,9,0
ADM-002944,PAT-01008,2026-09-16 13:32:28,2026-09-30 18:20:28,Pulmonology,Severe Pneumonia / ARDS,4,Ambulance,Clear / Mild,74,100,127,84,18,37.1,0,138,14.2,0,,0,4.7,13,2,9,0
ADM-002945,PAT-00346,2026-09-16 13:32:28,2026-09-25 20:44:28,Cardiology,Acute Myocardial Infarction,3,Ambulance,Clear / Mild,70,97,111,84,14,36.8,0,79,9.3,0,,1,4.7,13,2,9,0
ADM-002946,PAT-00752,2026-09-16 15:32:28,2026-09-24 10:44:28,Neurology,Acute Ischemic Stroke,3,Walk-In,Clear / Mild,77,98,116,72,15,36.9,0,78,7.8,0,,0,4.8,15,2,9,0
ADM-002947,PAT-00156,2026-09-16 15:32:28,2026-09-29 10:44:28,ICU,Sepsis / Septic Shock,1,Ambulance,Clear / Mild,129,92,195,69,35,37.9,12,10,12.8,0,,1,5.0,15,2,9,0
ADM-002948,PAT-02026,2026-09-16 15:32:28,2026-09-21 13:08:28,ICU,Diabetic Ketoacidosis (DKA),3,Walk-In,Clear / Mild,84,99,127,64,13,36.5,0,76,4.9,0,,0,5.0,15,2,9,0
ADM-002949,PAT-01380,2026-09-16 15:32:28,2026-09-24 20:20:28,Cardiology,Congestive Heart Failure,3,Ambulance,Clear / Mild,102,100,106,74,15,37.0,0,77,8.2,0,,0,4.5,15,2,9,0
ADM-002950,PAT-01746,2026-09-16 17:32:28,,ICU,Acute Renal Failure,2,Ambulance,Extreme Heat,149,89,138,116,15,37.7,5,26,18.6,1,BED-163,0,5.0,17,2,9,0
ADM-002951,PAT-01704,2026-09-16 19:32:28,,ICU,Sepsis / Septic Shock,1,Ambulance,Clear / Mild,91,86,146,88,36,37.3,10,10,16.4,1,BED-183,0,5.0,19,2,9,0
ADM-002952,PAT-01967,2026-09-16 19:32:28,2026-09-20 00:20:28,Pediatrics,Pediatric Bronchiolitis / Asthma,5,Walk-In,Clear / Mild,61,99,117,65,11,36.4,0,33,3.2,0,,0,5.0,19,2,9,0
ADM-002953,PAT-01617,2026-09-16 19:32:28,2026-09-30 12:20:28,ICU,Sepsis / Septic Shock,2,Helicopter EMS,Clear / Mild,134,85,81,97,32,39.4,12,40,13.7,0,,1,4.3,19,2,9,0
ADM-002954,PAT-02312,2026-09-16 19:32:28,2026-09-27 09:56:28,Pediatrics,Pediatric Bronchiolitis / Asthma,3,Walk-In,Clear / Mild,70,98,111,68,14,37.2,0,60,10.6,0,,0,4.7,19,2,9,0
ADM-002955,PAT-01732,2026-09-16 19:32:28,2026-09-24 17:08:28,ICU,Diabetic Ketoacidosis (DKA),2,Physician Referral,Clear / Mild,146,93,170,92,41,38.5,8,50,7.9,0,,1,3.8,19,2,9,0
ADM-002956,PAT-02185,2026-09-16 19:32:28,2026-09-21 09:56:28,Neurology,Acute Ischemic Stroke,2,Walk-In,Clear / Mild,136,92,147,81,26,37.9,6,38,4.6,0,,0,5.0,19,2,9,0
ADM-002957,PAT-00672,2026-09-16 19:32:28,,Cardiology,Congestive Heart Failure,2,Walk-In,Clear / Mild,109,88,148,92,31,38.2,6,41,15.8,1,BED-158,0,5.0,19,2,9,0
ADM-002958,PAT-01930,2026-09-16 19:32:28,2026-09-30 12:20:28,Neurology,Acute Ischemic Stroke,2,Ambulance,Clear / Mild,104,94,152,94,23,38.4,1,42,13.7,0,,0,4.6,19,2,9,0
ADM-002959,PAT-00810,2026-09-16 21:32:28,2026-09-18 07:08:28,Pediatrics,Pediatric Bronchiolitis / Asthma,3,Ambulance,Freezing / Snow,88,96,155,73,17,36.3,0,29,1.4,0,,0,5.0,21,2,9,0
ADM-002960,PAT-00636,2026-09-16 21:32:28,2026-09-21 09:32:28,Cardiology,Acute Myocardial Infarction,3,Walk-In,Freezing / Snow,64,97,118,69,19,36.8,0,112,4.5,0,,0,4.6,21,2,9,0
ADM-002961,PAT-01603,2026-09-16 21:32:28,,ICU,Sepsis / Septic Shock,1,Ambulance,Freezing / Snow,95,92,139,92,20,40.3,7,20,17.6,1,BED-146,0,4.8,21,2,9,0
ADM-002962,PAT-01166,2026-09-16 21:32:28,2026-09-20 07:08:28,General Surgery,Acute Appendicitis / Laparotomy,3,Ambulance,Freezing / Snow,74,99,126,69,14,36.9,0,92,3.4,0,,0,4.2,21,2,9,0
ADM-002963,PAT-02144,2026-09-16 23:32:28,2026-09-26 21:08:28,General Surgery,Gastrointestinal Hemorrhage,2,Walk-In,Clear / Mild,136,92,160,99,28,39.2,8,33,9.9,0,,1,5.0,23,2,9,0
ADM-002964,PAT-01892,2026-09-17 01:32:28,2026-09-25 20:44:28,Neurology,Acute Ischemic Stroke,2,Helicopter EMS,Clear / Mild,94,87,153,87,27,38.2,6,23,8.8,0,,0,4.9,1,3,9,0
ADM-002965,PAT-00849,2026-09-17 03:32:28,2026-09-29 13:08:28,ICU,Sepsis / Septic Shock,1,Ambulance,Clear / Mild,120,90,177,97,19,39.9,13,18,12.4,0,,0,5.0,3,3,9,0
ADM-002966,PAT-00153,2026-09-17 05:32:28,2026-09-24 07:56:28,Cardiology,Congestive Heart Failure,2,Ambulance,Clear / Mild,123,88,156,109,37,38.5,8,35,7.1,0,,0,5.0,5,3,9,0
ADM-002967,PAT-02256,2026-09-17 05:32:28,2026-09-24 12:44:28,ICU,Acute Renal Failure,3,Helicopter EMS,Clear / Mild,76,99,133,95,13,36.3,0,53,7.3,0,,0,5.0,5,3,9,0
ADM-002968,PAT-01507,2026-09-17 05:32:28,2026-09-29 10:20:28,Pulmonology,Severe Pneumonia / ARDS,3,Walk-In,Clear / Mild,24,96,126,69,16,37.6,2,113,12.2,0,,0,4.7,5,3,9,0
ADM-002969,PAT-01276,2026-09-17 05:32:28,2026-09-23 17:32:28,Pulmonology,COPD Exacerbation,4,Walk-In,Clear / Mild,72,99,122,78,12,36.5,0,153,6.5,0,,1,3.9,5,3,9,0
ADM-002970,PAT-02352,2026-09-17 07:32:28,2026-09-27 12:20:28,ICU,Sepsis / Septic Shock,2,Walk-In,Clear / Mild,136,86,132,83,27,38.4,8,21,10.2,0,,0,5.0,7,3,9,0
ADM-002971,PAT-01638,2026-09-17 07:32:28,2026-09-27 07:32:28,Orthopedics,Multiple Trauma / Fracture,5,Ambulance,Clear / Mild,72,95,102,70,15,37.4,0,115,10.0,0,,0,3.5,7,3,9,0
ADM-002972,PAT-01436,2026-09-17 07:32:28,2026-09-21 09:56:28,Pulmonology,COPD Exacerbation,5,Ambulance,Clear / Mild,84,97,103,77,14,37.3,0,74,4.1,0,,0,4.1,7,3,9,0
ADM-002973,PAT-01148,2026-09-17 07:32:28,2026-09-22 12:20:28,Pulmonology,COPD Exacerbation,4,Walk-In,Clear / Mild,73,97,126,75,14,37.1,0,191,5.2,0,,0,3.5,7,3,9,0
ADM-002974,PAT-00056,2026-09-17 07:32:28,2026-09-25 09:56:28,General Surgery,Gastrointestinal Hemorrhage,2,Walk-In,Clear / Mild,137,91,144,86,30,37.1,8,47,8.1,0,,1,5.0,7,3,9,0
ADM-002975,PAT-02381,2026-09-17 07:32:28,2026-09-23 07:32:28,Cardiology,Acute Myocardial Infarction,3,Walk-In,Clear / Mild,69,97,131,80,15,36.6,0,78,6.0,0,,0,4.6,7,3,9,0
ADM-002976,PAT-00319,2026-09-17 09:32:28,2026-09-26 11:56:28,Neurology,Acute Ischemic Stroke,3,Physician Referral,Clear / Mild,62,97,109,70,13,36.9,0,147,9.1,0,,0,3.4,9,3,9,0
ADM-002977,PAT-00010,2026-09-17 09:32:28,2026-10-01 09:32:28,Pulmonology,Severe Pneumonia / ARDS,3,Walk-In,Clear / Mild,80,100,133,66,16,36.8,0,89,14.0,0,,0,3.6,9,3,9,0
ADM-002978,PAT-01536,2026-09-17 09:32:28,2026-09-25 21:32:28,ICU,Acute Renal Failure,2,Walk-In,Clear / Mild,130,85,175,97,31,39.3,12,17,8.5,0,,1,5.0,9,3,9,0
ADM-002979,PAT-00200,2026-09-17 09:32:28,2026-09-21 14:20:28,Cardiology,Congestive Heart Failure,2,Walk-In,Clear / Mild,161,86,150,86,24,40.7,7,55,4.2,0,,0,4.5,9,3,9,0
ADM-002980,PAT-00856,2026-09-17 11:32:28,2026-09-25 16:20:28,Pulmonology,COPD Exacerbation,3,Ambulance,Rain / Storm,89,96,123,68,15,37.8,0,97,8.2,0,,0,4.9,11,3,9,0
ADM-002981,PAT-00714,2026-09-17 11:32:28,2026-09-30 06:44:28,Orthopedics,Multiple Trauma / Fracture,3,Ambulance,Rain / Storm,59,97,134,74,16,36.4,0,92,12.8,0,,1,3.7,11,3,9,0
ADM-002982,PAT-01589,2026-09-17 11:32:28,2026-10-01 04:20:28,General Surgery,Gastrointestinal Hemorrhage,2,Ambulance,Rain / Storm,116,86,129,99,35,37.8,8,62,13.7,0,,0,4.7,11,3,9,0
ADM-002983,PAT-00929,2026-09-17 11:32:28,,Neurology,Acute Ischemic Stroke,2,Walk-In,Rain / Storm,123,84,170,96,21,39.2,9,36,19.3,1,BED-114,0,4.8,11,3,9,0
ADM-002984,PAT-02252,2026-09-17 11:32:28,2026-10-01 21:08:28,ICU,Sepsis / Septic Shock,1,Ambulance,Rain / Storm,112,86,165,76,30,37.7,14,16,14.4,0,,0,4.6,11,3,9,0
ADM-002985,PAT-00496,2026-09-17 11:32:28,2026-09-21 18:44:28,Pediatrics,Pediatric Bronchiolitis / Asthma,4,Walk-In,Rain / Storm,55,97,130,83,14,36.5,0,178,4.3,0,,0,3.3,11,3,9,0
ADM-002986,PAT-00190,2026-09-17 13:32:28,2026-09-22 06:20:28,Pulmonology,COPD Exacerbation,4,Ambulance,Rain / Storm,73,100,134,77,18,36.6,0,163,4.7,0,,0,3.4,13,3,9,0
ADM-002987,PAT-01483,2026-09-17 13:32:28,,Cardiology,Acute Myocardial Infarction,2,Ambulance,Rain / Storm,130,90,164,109,28,38.6,12,31,19.8,1,BED-282,0,5.0,13,3,9,0
ADM-002988,PAT-00048,2026-09-17 13:32:28,2026-09-23 23:08:28,Cardiology,Acute Myocardial Infarction,3,Ambulance,Rain / Storm,82,95,118,94,14,36.1,0,106,6.4,0,,0,3.6,13,3,9,0
ADM-002989,PAT-01807,2026-09-17 13:32:28,2026-09-25 11:08:28,Neurology,Acute Ischemic Stroke,3,Walk-In,Rain / Storm,65,99,127,67,15,37.7,0,93,7.9,0,,0,4.1,13,3,9,0
ADM-002990,PAT-00926,2026-09-17 13:32:28,2026-09-23 06:20:28,Pulmonology,COPD Exacerbation,4,Walk-In,Rain / Storm,82,99,116,81,16,36.8,0,48,5.7,0,,0,5.0,13,3,9,0
ADM-002991,PAT-00746,2026-09-17 15:32:28,2026-09-23 13:08:28,Pulmonology,Severe Pneumonia / ARDS,3,Ambulance,Clear / Mild,73,96,130,69,16,37.2,0,78,5.9,0,,1,4.0,15,3,9,0
ADM-002992,PAT-00761,2026-09-17 15:32:28,2026-09-21 22:44:28,ICU,Diabetic Ketoacidosis (DKA),3,Walk-In,Clear / Mild,67,98,98,92,13,36.3,0,39,4.3,0,,0,4.9,15,3,9,0
ADM-002993,PAT-00223,2026-09-17 15:32:28,,Orthopedics,Multiple Trauma / Fracture,3,Ambulance,Clear / Mild,74,97,131,86,12,36.8,0,71,22.6,1,BED-106,0,5.0,15,3,9,0
ADM-002994,PAT-00691,2026-09-17 15:32:28,2026-09-24 10:44:28,Pulmonology,Severe Pneumonia / ARDS,4,Physician Referral,Clear / Mild,90,98,107,77,13,36.4,0,93,6.8,0,,0,4.8,15,3,9,0
ADM-002995,PAT-01826,2026-09-17 15:32:28,2026-09-26 08:20:28,General Surgery,Acute Appendicitis / Laparotomy,3,Walk-In,Clear / Mild,89,97,107,90,17,37.1,0,97,8.7,0,,0,4.5,15,3,9,0
ADM-002996,PAT-01929,2026-09-17 17:32:28,2026-09-28 17:32:28,Cardiology,Congestive Heart Failure,2,Walk-In,Clear / Mild,138,89,207,117,26,37.3,10,49,11.0,0,,1,5.0,17,3,9,0
ADM-002997,PAT-02032,2026-09-17 17:32:28,2026-09-23 05:32:28,ICU,Acute Renal Failure,3,Ambulance,Clear / Mild,73,97,129,80,13,36.7,0,45,5.5,0,,0,4.2,17,3,9,0
ADM-002998,PAT-01425,2026-09-17 17:32:28,2026-09-22 15:08:28,ICU,Sepsis / Septic Shock,1,Ambulance,Clear / Mild,113,87,165,82,21,38.7,13,17,4.9,0,,0,5.0,17,3,9,0
ADM-002999,PAT-02147,2026-09-17 19:32:28,2026-09-20 09:56:28,Pediatrics,Pediatric Bronchiolitis / Asthma,4,Walk-In,Clear / Mild,61,97,114,84,12,36.2,0,68,2.6,0,,0,4.7,19,3,9,0
ADM-003000,PAT-02269,2026-09-17 19:32:28,2026-09-25 09:56:28,Neurology,Acute Ischemic Stroke,2,Physician Referral,Clear / Mild,145,93,135,95,16,39.0,5,41,7.6,0,,1,4.5,19,3,9,0
ADM-003001,PAT-00465,2026-09-17 19:32:28,2026-09-25 12:20:28,Cardiology,Congestive Heart Failure,2,Walk-In,Clear / Mild,139,91,143,85,27,38.3,8,30,7.7,0,,1,4.9,19,3,9,0
ADM-003002,PAT-00644,2026-09-17 19:32:28,2026-09-23 00:20:28,Pulmonology,Severe Pneumonia / ARDS,4,Walk-In,Clear / Mild,59,97,121,79,13,36.5,0,120,5.2,0,,0,4.7,19,3,9,0
ADM-003003,PAT-01251,2026-09-17 19:32:28,2026-10-01 05:08:28,Orthopedics,Multiple Trauma / Fracture,3,Walk-In,Clear / Mild,68,95,120,83,15,36.0,0,55,13.4,0,,0,3.6,19,3,9,0
ADM-003004,PAT-00305,2026-09-17 21:32:28,2026-09-21 21:32:28,General Surgery,Gastrointestinal Hemorrhage,2,Ambulance,Clear / Mild,117,83,163,125,22,38.3,7,49,4.0,0,,0,4.7,21,3,9,0
ADM-003005,PAT-00379,2026-09-17 21:32:28,2026-09-23 07:08:28,Pediatrics,Pediatric Bronchiolitis / Asthma,5,Walk-In,Clear / Mild,89,97,128,47,17,36.3,0,161,5.4,0,,0,3.2,21,3,9,0
ADM-003006,PAT-02446,2026-09-17 21:32:28,2026-09-22 23:56:28,Pulmonology,COPD Exacerbation,3,Physician Referral,Clear / Mild,91,97,142,69,12,36.8,0,94,5.1,0,,0,4.5,21,3,9,0
ADM-003007,PAT-02224,2026-09-17 21:32:28,2026-09-21 14:20:28,Pulmonology,COPD Exacerbation,3,Ambulance,Clear / Mild,58,97,129,82,19,36.7,0,92,3.7,0,,1,3.3,21,3,9,0
ADM-003008,PAT-00501,2026-09-17 23:32:28,,ICU,Acute Renal Failure,3,Walk-In,Clear / Mild,92,98,112,75,17,36.5,0,106,15.6,1,BED-227,0,4.5,23,3,9,0
ADM-003009,PAT-01652,2026-09-17 23:32:28,2026-09-28 23:32:28,Cardiology,Congestive Heart Failure,2,Walk-In,Clear / Mild,143,91,153,92,25,38.6,10,36,11.0,0,,1,5.0,23,3,9,0
ADM-003010,PAT-00151,2026-09-17 23:32:28,2026-09-23 11:32:28,Cardiology,Congestive Heart Failure,2,Walk-In,Clear / Mild,141,87,157,85,17,38.6,7,27,5.5,0,,1,5.0,23,3,9,0
ADM-003011,PAT-00908,2026-09-17 23:32:28,2026-09-27 01:56:28,Cardiology,Congestive Heart Failure,3,Walk-In,Clear / Mild,79,96,85,77,17,37.3,2,73,9.1,0,,0,5.0,23,3,9,0
ADM-003012,PAT-00360,2026-09-17 23:32:28,2026-09-22 23:32:28,General Surgery,Acute Appendicitis / Laparotomy,3,Physician Referral,Clear / Mild,62,100,139,74,17,37.0,0,92,5.0,0,,0,5.0,23,3,9,0
ADM-003013,PAT-01729,2026-09-18 03:32:28,2026-09-20 22:44:28,Pulmonology,Severe Pneumonia / ARDS,3,Walk-In,Clear / Mild,88,98,122,66,12,36.5,0,24,2.8,0,,1,5.0,3,4,9,0
ADM-003014,PAT-01300,2026-09-18 03:32:28,2026-09-27 10:44:28,Pulmonology,Severe Pneumonia / ARDS,5,Ambulance,Clear / Mild,66,97,131,74,15,36.5,0,95,9.3,0,,0,3.8,3,4,9,0
ADM-003015,PAT-01793,2026-09-18 05:32:28,2026-09-23 22:20:28,ICU,Diabetic Ketoacidosis (DKA),3,Walk-In,Rain / Storm,106,96,112,76,17,37.0,0,50,5.7,0,,0,4.7,5,4,9,0
ADM-003016,PAT-00504,2026-09-18 05:32:28,,Orthopedics,Multiple Trauma / Fracture,5,Walk-In,Rain / Storm,91,100,131,77,16,37.5,0,101,23.8,1,BED-296,0,4.4,5,4,9,0
ADM-003017,PAT-01241,2026-09-18 07:32:28,,ICU,Acute Renal Failure,3,Ambulance,Rain / Storm,82,98,110,82,14,36.8,0,101,14.1,1,BED-315,0,3.8,7,4,9,0
ADM-003018,PAT-00501,2026-09-18 07:32:28,,Pulmonology,Severe Pneumonia / ARDS,5,Walk-In,Rain / Storm,84,98,128,96,18,36.4,0,156,15.5,1,BED-325,0,3.2,7,4,9,0
ADM-003019,PAT-01195,2026-09-18 07:32:28,2026-09-25 00:20:28,ICU,Acute Renal Failure,2,Walk-In,Rain / Storm,103,92,150,97,17,37.1,1,32,6.7,0,,0,4.7,7,4,9,0
ADM-003020,PAT-02164,2026-09-18 07:32:28,,ICU,Sepsis / Septic Shock,1,Ambulance,Rain / Storm,136,87,168,115,30,37.4,14,18,25.4,1,BED-209,0,5.0,7,4,9,0
ADM-003021,PAT-01204,2026-09-18 07:32:28,,ICU,Sepsis / Septic Shock,2,Ambulance,Rain / Storm,162,90,167,95,24,38.7,9,38,19.5,1,BED-209,0,4.7,7,4,9,0
ADM-003022,PAT-01072,2026-09-18 09:32:28,,Orthopedics,Multiple Trauma / Fracture,3,Walk-In,Freezing / Snow,114,96,117,99,15,37.0,2,78,13.7,1,BED-253,0,5.0,9,4,9,0
ADM-003023,PAT-01425,2026-09-18 09:32:28,2026-09-23 23:56:28,Cardiology,Congestive Heart Failure,3,Walk-In,Freezing / Snow,72,95,143,72,14,36.6,0,50,5.6,0,,1,5.0,9,4,9,0
ADM-003024,PAT-01144,2026-09-18 09:32:28,2026-09-25 04:44:28,General Surgery,Gastrointestinal Hemorrhage,2,Walk-In,Freezing / Snow,125,93,151,90,31,38.3,6,36,6.8,0,,1,5.0,9,4,9,0
ADM-003025,PAT-02029,2026-09-18 09:32:28,2026-09-23 11:56:28,Pulmonology,Severe Pneumonia / ARDS,3,Walk-In,Freezing / Snow,67,97,122,66,16,37.0,0,55,5.1,0,,0,4.0,9,4,9,0
ADM-003026,PAT-00957,2026-09-18 09:32:28,2026-09-26 23:56:28,Cardiology,Congestive Heart Failure,3,Ambulance,Freezing / Snow,64,97,137,94,16,36.7,0,61,8.6,0,,0,4.4,9,4,9,0
ADM-003027,PAT-01289,2026-09-18 09:32:28,2026-09-26 09:32:28,Cardiology,Acute Myocardial Infarction,2,Ambulance,Freezing / Snow,97,93,137,81,25,39.2,6,46,8.0,0,,0,5.0,9,4,9,0
ADM-003028,PAT-00394,2026-09-18 11:32:28,2026-10-01 13:56:28,General Surgery,Gastrointestinal Hemorrhage,3,Walk-In,Clear / Mild,89,97,137,75,16,37.0,0,82,13.1,0,,0,3.9,11,4,9,0
ADM-003029,PAT-00427,2026-09-18 11:32:28,2026-09-29 13:56:28,Neurology,Acute Ischemic Stroke,3,Walk-In,Clear / Mild,69,96,132,91,17,36.3,0,39,11.1,0,,0,5.0,11,4,9,0
ADM-003030,PAT-00992,2026-09-18 11:32:28,2026-09-23 16:20:28,ICU,Acute Renal Failure,2,Ambulance,Clear / Mild,119,89,146,107,32,38.1,8,31,5.2,0,,0,4.9,11,4,9,0
ADM-003031,PAT-02226,2026-09-18 11:32:28,2026-09-23 18:44:28,Pediatrics,Pediatric Bronchiolitis / Asthma,4,Walk-In,Clear / Mild,81,96,120,64,12,36.3,0,109,5.3,0,,0,3.9,11,4,9,0
ADM-003032,PAT-01755,2026-09-18 11:32:28,2026-09-22 01:56:28,Pediatrics,Pediatric Bronchiolitis / Asthma,4,Ambulance,Clear / Mild,76,98,143,78,16,36.6,0,145,3.6,0,,0,4.5,11,4,9,0
ADM-003033,PAT-01540,2026-09-18 11:32:28,2026-09-21 13:56:28,Cardiology,Acute Myocardial Infarction,2,Ambulance,Clear / Mild,144,92,157,103,31,37.8,6,44,3.1,0,,0,4.7,11,4,9,0
ADM-003034,PAT-00057,2026-09-18 11:32:28,2026-09-22 11:32:28,Pulmonology,Severe Pneumonia / ARDS,3,Ambulance,Clear / Mild,86,97,116,72,15,36.9,0,73,4.0,0,,0,5.0,11,4,9,0
ADM-003035,PAT-01140,2026-09-18 11:32:28,2026-09-25 13:56:28,ICU,Acute Renal Failure,2,Walk-In,Clear / Mild,126,94,146,91,24,38.8,5,47,7.1,0,,0,5.0,11,4,9,0
ADM-003036,PAT-00913,2026-09-18 13:32:28,2026-09-23 08:44:28,Pulmonology,COPD Exacerbation,5,Ambulance,Clear / Mild,73,97,118,80,13,36.3,0,161,4.8,0,,0,4.0,13,4,9,0
ADM-003037,PAT-01921,2026-09-18 13:32:28,2026-09-26 20:44:28,Neurology,Acute Ischemic Stroke,2,Ambulance,Clear / Mild,111,90,189,92,29,38.4,10,10,8.3,0,,1,5.0,13,4,9,0
ADM-003038,PAT-01748,2026-09-18 13:32:28,2026-09-26 11:08:28,ICU,Diabetic Ketoacidosis (DKA),3,Walk-In,Clear / Mild,69,96,123,79,12,36.8,0,68,7.9,0,,0,3.9,13,4,9,0
ADM-003039,PAT-00989,2026-09-18 13:32:28,2026-09-22 18:20:28,Cardiology,Congestive Heart Failure,3,Ambulance,Clear / Mild,101,97,109,75,17,37.2,0,91,4.2,0,,0,4.1,13,4,9,0
ADM-003040,PAT-00200,2026-09-18 15:32:28,2026-09-30 05:56:28,Pulmonology,Severe Pneumonia / ARDS,5,Ambulance,Extreme Heat,92,99,110,86,16,37.1,0,59,11.6,0,,0,5.0,15,4,9,0
ADM-003041,PAT-00076,2026-09-18 15:32:28,,Cardiology,Congestive Heart Failure,3,Walk-In,Extreme Heat,65,97,124,80,16,37.2,0,84,13.5,1,BED-184,0,4.8,15,4,9,0
ADM-003042,PAT-01630,2026-09-18 15:32:28,2026-09-23 08:20:28,ICU,Diabetic Ketoacidosis (DKA),2,Walk-In,Extreme Heat,124,98,159,89,28,38.9,7,34,4.7,0,,0,5.0,15,4,9,0
ADM-003043,PAT-01469,2026-09-18 15:32:28,2026-09-29 05:56:28,ICU,Sepsis / Septic Shock,2,Walk-In,Extreme Heat,141,90,188,110,30,39.0,12,51,10.6,0,,0,5.0,15,4,9,0
ADM-003044,PAT-01452,2026-09-18 15:32:28,2026-09-25 13:08:28,Cardiology,Acute Myocardial Infarction,2,Walk-In,Extreme Heat,122,88,201,111,36,37.8,10,48,6.9,0,,0,5.0,15,4,9,0
ADM-003045,PAT-02174,2026-09-18 17:32:28,2026-09-26 07:56:28,Pulmonology,Severe Pneumonia / ARDS,3,Walk-In,Clear / Mild,81,96,122,93,13,37.0,0,74,7.6,0,,0,3.9,17,4,9,0
ADM-003046,PAT-00204,2026-09-18 17:32:28,,Orthopedics,Multiple Trauma / Fracture,5,Ambulance,Clear / Mild,53,100,103,59,16,36.6,0,102,14.0,1,BED-256,0,3.8,17,4,9,0
ADM-003047,PAT-02481,2026-09-18 17:32:28,2026-09-27 15:08:28,ICU,Acute Renal Failure,3,Walk-In,Clear / Mild,84,99,102,87,17,37.4,0,91,8.9,0,,0,4.3,17,4,9,0
ADM-003048,PAT-00389,2026-09-18 17:32:28,,Cardiology,Congestive Heart Failure,2,Ambulance,Clear / Mild,118,97,169,93,21,38.3,4,24,24.0,1,BED-110,0,5.0,17,4,9,0
ADM-003049,PAT-01562,2026-09-18 19:32:28,2026-09-24 17:08:28,ICU,Sepsis / Septic Shock,2,Walk-In,Extreme Heat,95,85,174,114,18,39.7,7,27,5.9,0,,0,4.5,19,4,9,0
ADM-003050,PAT-00107,2026-09-18 19:32:28,2026-09-27 12:20:28,ICU,Diabetic Ketoacidosis (DKA),3,Physician Referral,Extreme Heat,85,96,96,70,16,37.6,0,94,8.7,0,,0,3.7,19,4,9,0
ADM-003051,PAT-02058,2026-09-18 21:32:28,2026-09-25 19:08:28,Neurology,Acute Ischemic Stroke,2,Walk-In,Clear / Mild,111,91,147,83,30,38.5,8,84,6.9,0,,0,4.0,21,4,9,0
ADM-003052,PAT-00483,2026-09-18 21:32:28,2026-09-21 07:08:28,General Surgery,Acute Appendicitis / Laparotomy,5,Walk-In,Clear / Mild,67,98,103,93,19,37.0,0,156,2.4,0,,0,3.2,21,4,9,0
ADM-003053,PAT-00657,2026-09-18 23:32:28,2026-09-24 18:44:28,Neurology,Acute Ischemic Stroke,2,Walk-In,Clear / Mild,124,90,111,85,20,39.0,7,54,5.8,0,,0,5.0,23,4,9,0
ADM-003054,PAT-00562,2026-09-19 01:32:28,,Pulmonology,COPD Exacerbation,3,Ambulance,Clear / Mild,60,100,118,76,19,36.8,0,68,13.1,1,BED-314,0,4.5,1,5,9,1
ADM-003055,PAT-01757,2026-09-19 05:32:28,2026-09-25 19:56:28,Cardiology,Congestive Heart Failure,2,Ambulance,Extreme Heat,117,87,163,91,27,37.8,10,27,6.6,0,,0,5.0,5,5,9,1
ADM-003056,PAT-01070,2026-09-19 07:32:28,,Cardiology,Congestive Heart Failure,2,Ambulance,High Smog / Poor AQI,113,89,166,105,30,39.8,12,28,19.1,1,BED-228,0,5.0,7,5,9,1
ADM-003057,PAT-02026,2026-09-19 09:32:28,2026-09-28 21:32:28,Neurology,Acute Ischemic Stroke,2,Walk-In,Rain / Storm,114,86,142,119,24,38.7,7,18,9.5,0,,0,4.3,9,5,9,1
ADM-003058,PAT-02008,2026-09-19 09:32:28,2026-09-27 21:32:28,Pulmonology,Severe Pneumonia / ARDS,3,Ambulance,Rain / Storm,98,98,117,82,10,36.9,0,46,8.5,0,,0,4.3,9,5,9,1
ADM-003059,PAT-01268,2026-09-19 09:32:28,2026-09-21 14:20:28,General Surgery,Gastrointestinal Hemorrhage,2,Ambulance,Rain / Storm,106,89,133,88,30,38.4,6,44,2.2,0,,0,4.4,9,5,9,1
ADM-003060,PAT-01800,2026-09-19 09:32:28,2026-09-23 04:44:28,Pediatrics,Pediatric Bronchiolitis / Asthma,3,Walk-In,Rain / Storm,81,96,86,69,13,36.6,2,99,3.8,0,,0,3.7,9,5,9,1
ADM-003061,PAT-02082,2026-09-19 09:32:28,2026-09-28 09:32:28,General Surgery,Acute Appendicitis / Laparotomy,3,Ambulance,Rain / Storm,90,99,109,78,19,36.2,0,77,9.0,0,,0,5.0,9,5,9,1
ADM-003062,PAT-01403,2026-09-19 09:32:28,2026-09-27 23:56:28,Cardiology,Acute Myocardial Infarction,3,Ambulance,Rain / Storm,82,98,153,75,12,36.9,0,48,8.6,0,,0,4.7,9,5,9,1
ADM-003063,PAT-00557,2026-09-19 09:32:28,2026-09-30 09:32:28,ICU,Acute Renal Failure,3,Ambulance,Rain / Storm,77,98,124,94,15,36.5,0,89,11.0,0,,0,4.7,9,5,9,1
ADM-003064,PAT-00009,2026-09-19 11:32:28,2026-09-24 13:56:28,Pediatrics,Pediatric Bronchiolitis / Asthma,3,Ambulance,Extreme Heat,89,99,135,82,17,37.0,0,50,5.1,0,,0,4.0,11,5,9,1
ADM-003065,PAT-02243,2026-09-19 11:32:28,2026-09-23 13:56:28,General Surgery,Acute Appendicitis / Laparotomy,3,Ambulance,Extreme Heat,87,97,123,92,18,35.9,0,29,4.1,0,,0,5.0,11,5,9,1
ADM-003066,PAT-00917,2026-09-19 11:32:28,2026-09-25 18:44:28,Orthopedics,Multiple Trauma / Fracture,3,Ambulance,Extreme Heat,74,97,103,80,20,37.2,0,76,6.3,0,,0,3.4,11,5,9,1
ADM-003067,PAT-01886,2026-09-19 11:32:28,2026-09-22 18:44:28,Pediatrics,Pediatric Bronchiolitis / Asthma,3,Walk-In,Extreme Heat,66,96,134,78,15,37.0,0,82,3.3,0,,0,5.0,11,5,9,1
ADM-003068,PAT-00408,2026-09-19 11:32:28,2026-10-01 09:08:28,Orthopedics,Multiple Trauma / Fracture,5,Ambulance,Extreme Heat,77,97,133,76,16,37.4,0,130,11.9,0,,1,4.1,11,5,9,1
ADM-003069,PAT-02388,2026-09-19 11:32:28,2026-09-26 11:32:28,ICU,Sepsis / Septic Shock,1,Ambulance,Extreme Heat,140,89,158,82,29,39.9,14,8,7.0,0,,0,5.0,11,5,9,1
ADM-003070,PAT-00302,2026-09-19 11:32:28,,Neurology,Acute Ischemic Stroke,3,Walk-In,Extreme Heat,98,96,127,89,19,36.6,0,92,16.1,1,BED-108,0,3.9,11,5,9,1
ADM-003071,PAT-01948,2026-09-19 11:32:28,2026-09-27 23:32:28,Pulmonology,COPD Exacerbation,3,Physician Referral,Extreme Heat,74,98,114,92,15,36.6,0,70,8.5,0,,0,3.9,11,5,9,1
ADM-003072,PAT-01066,2026-09-19 13:32:28,2026-09-24 23:08:28,Orthopedics,Multiple Trauma / Fracture,5,Walk-In,Clear / Mild,61,97,128,74,15,36.6,0,172,5.4,0,,0,3.0,13,5,9,1
ADM-003073,PAT-01182,2026-09-19 13:32:28,2026-09-27 13:32:28,General Surgery,Gastrointestinal Hemorrhage,3,Walk-In,Clear / Mild,68,96,116,72,13,37.1,0,59,8.0,0,,1,5.0,13,5,9,1
ADM-003074,PAT-00517,2026-09-19 13:32:28,,ICU,Sepsis / Septic Shock,1,Ambulance,Clear / Mild,105,94,193,91,23,38.7,9,14,15.0,1,BED-224,0,5.0,13,5,9,1
ADM-003075,PAT-01022,2026-09-19 13:32:28,2026-09-26 06:20:28,ICU,Diabetic Ketoacidosis (DKA),3,Helicopter EMS,Clear / Mild,89,96,157,64,14,36.9,0,61,6.7,0,,0,5.0,13,5,9,1
ADM-003076,PAT-02358,2026-09-19 15:32:28,2026-09-26 20:20:28,Pulmonology,Severe Pneumonia / ARDS,3,Ambulance,Clear / Mild,75,96,121,77,14,37.9,0,60,7.2,0,,1,4.8,15,5,9,1
ADM-003077,PAT-01967,2026-09-19 15:32:28,2026-09-28 13:08:28,Cardiology,Acute Myocardial Infarction,3,Physician Referral,Clear / Mild,101,96,114,61,12,36.4,0,108,8.9,0,,0,4.0,15,5,9,1
ADM-003078,PAT-02127,2026-09-19 17:32:28,2026-09-26 17:32:28,Neurology,Acute Ischemic Stroke,2,Walk-In,Clear / Mild,136,86,134,113,32,38.9,10,33,7.0,0,,0,4.5,17,5,9,1
ADM-003079,PAT-00458,2026-09-19 17:32:28,2026-09-28 22:20:28,Orthopedics,Multiple Trauma / Fracture,4,Ambulance,Clear / Mild,93,97,154,82,13,36.7,0,79,9.2,0,,0,4.4,17,5,9,1
ADM-003080,PAT-01540,2026-09-19 17:32:28,2026-09-29 17:32:28,ICU,Acute Renal Failure,2,Walk-In,Clear / Mild,100,84,166,86,38,39.2,10,36,10.0,0,,0,4.7,17,5,9,1
ADM-003081,PAT-02442,2026-09-19 17:32:28,,Neurology,Acute Ischemic Stroke,2,Walk-In,Clear / Mild,129,89,162,64,32,35.7,10,49,13.8,1,BED-260,0,4.6,17,5,9,1
ADM-003082,PAT-00950,2026-09-19 17:32:28,2026-09-27 17:32:28,Cardiology,Congestive Heart Failure,3,Ambulance,Clear / Mild,77,96,83,79,20,36.7,2,33,8.0,0,,1,5.0,17,5,9,1
ADM-003083,PAT-02452,2026-09-19 17:32:28,2026-09-22 03:08:28,ICU,Diabetic Ketoacidosis (DKA),2,Ambulance,Clear / Mild,109,84,132,117,27,39.0,8,53,2.4,0,,0,4.7,17,5,9,1
ADM-003084,PAT-01820,2026-09-19 19:32:28,2026-09-24 19:32:28,ICU,Acute Renal Failure,2,Ambulance,Clear / Mild,130,95,161,68,34,37.6,7,20,5.0,0,,0,5.0,19,5,9,1
ADM-003085,PAT-00948,2026-09-19 19:32:28,2026-09-26 17:08:28,ICU,Diabetic Ketoacidosis (DKA),2,Walk-In,Clear / Mild,85,90,153,114,28,39.6,8,46,6.9,0,,0,5.0,19,5,9,1
ADM-003086,PAT-00251,2026-09-19 19:32:28,2026-09-29 07:32:28,ICU,Acute Renal Failure,2,Walk-In,Clear / Mild,145,84,173,85,21,39.2,9,34,9.5,0,,1,4.5,19,5,9,1
ADM-003087,PAT-01501,2026-09-19 19:32:28,2026-09-27 12:20:28,Pulmonology,COPD Exacerbation,3,Walk-In,Clear / Mild,49,98,123,60,14,36.1,2,84,7.7,0,,0,4.7,19,5,9,1
ADM-003088,PAT-00063,2026-09-19 19:32:28,2026-09-27 00:20:28,Cardiology,Acute Myocardial Infarction,2,Walk-In,Clear / Mild,135,87,165,93,26,39.2,12,52,7.2,0,,0,5.0,19,5,9,1
ADM-003089,PAT-02080,2026-09-19 21:32:28,2026-09-26 09:32:28,ICU,Diabetic Ketoacidosis (DKA),2,Walk-In,Rain / Storm,83,87,128,111,24,38.0,3,38,6.5,0,,0,5.0,21,5,9,1
ADM-003090,PAT-00415,2026-09-19 21:32:28,2026-09-30 02:20:28,ICU,Acute Renal Failure,2,Walk-In,Rain / Storm,150,97,142,91,22,36.9,2,27,10.2,0,,0,5.0,21,5,9,1
ADM-003091,PAT-00734,2026-09-19 21:32:28,2026-09-21 23:56:28,Pediatrics,Pediatric Bronchiolitis / Asthma,4,Walk-In,Rain / Storm,68,97,123,67,15,37.2,0,221,2.1,0,,0,2.7,21,5,9,1
ADM-003092,PAT-00238,2026-09-19 21:32:28,2026-10-01 19:08:28,ICU,Sepsis / Septic Shock,2,Walk-In,Rain / Storm,98,87,157,78,19,37.4,3,50,11.9,0,,0,5.0,21,5,9,1
ADM-003093,PAT-02424,2026-09-19 21:32:28,2026-09-30 04:44:28,ICU,Diabetic Ketoacidosis (DKA),3,Physician Referral,Rain / Storm,67,94,120,92,16,36.3,1,65,10.3,0,,0,3.8,21,5,9,1
ADM-003094,PAT-00898,2026-09-19 23:32:28,2026-09-24 06:44:28,General Surgery,Acute Appendicitis / Laparotomy,3,Walk-In,Rain / Storm,91,96,141,84,14,36.3,0,106,4.3,0,,0,4.6,23,5,9,1
ADM-003095,PAT-00411,2026-09-19 23:32:28,2026-09-26 13:56:28,Pulmonology,COPD Exacerbation,5,Ambulance,Rain / Storm,86,98,119,71,17,36.0,0,72,6.6,0,,1,4.6,23,5,9,1
ADM-003096,PAT-00137,2026-09-19 23:32:28,2026-09-22 06:44:28,General Surgery,Acute Appendicitis / Laparotomy,4,Walk-In,Rain / Storm,82,96,138,84,14,36.7,0,65,2.3,0,,0,4.0,23,5,9,1
ADM-003097,PAT-02022,2026-09-19 23:32:28,,Cardiology,Acute Myocardial Infarction,3,Ambulance,Rain / Storm,63,98,126,66,13,36.1,0,87,16.2,1,BED-203,0,4.6,23,5,9,1
ADM-003098,PAT-00874,2026-09-19 23:32:28,2026-09-25 21:08:28,Neurology,Acute Ischemic Stroke,2,Ambulance,Rain / Storm,155,82,182,63,23,37.0,7,30,5.9,0,,0,4.6,23,5,9,1
ADM-003099,PAT-01765,2026-09-19 23:32:28,2026-09-25 09:08:28,General Surgery,Gastrointestinal Hemorrhage,2,Walk-In,Rain / Storm,122,93,149,98,33,37.8,6,28,5.4,0,,0,5.0,23,5,9,1
ADM-003100,PAT-00903,2026-09-20 01:32:28,2026-10-01 20:44:28,Cardiology,Acute Myocardial Infarction,2,Walk-In,Clear / Mild,138,88,150,91,22,38.5,5,65,11.8,0,,0,4.3,1,6,9,1
ADM-003101,PAT-00234,2026-09-20 05:32:28,,Neurology,Acute Ischemic Stroke,2,Ambulance,Clear / Mild,131,89,163,87,16,38.8,9,41,12.7,1,BED-220,0,5.0,5,6,9,1
ADM-003102,PAT-00881,2026-09-20 07:32:28,2026-09-22 19:32:28,General Surgery,Acute Appendicitis / Laparotomy,4,Ambulance,Clear / Mild,70,97,129,66,14,37.5,0,162,2.5,0,,1,4.4,7,6,9,1
ADM-003103,PAT-00400,2026-09-20 07:32:28,2026-09-30 14:44:28,ICU,Diabetic Ketoacidosis (DKA),2,Ambulance,Clear / Mild,110,92,166,80,26,38.2,6,41,10.3,0,,0,5.0,7,6,9,1
ADM-003104,PAT-01520,2026-09-20 09:32:28,,ICU,Diabetic Ketoacidosis (DKA),2,Walk-In,Clear / Mild,120,93,118,77,28,38.1,6,28,15.4,1,BED-307,0,5.0,9,6,9,1
ADM-003105,PAT-00396,2026-09-20 09:32:28,2026-09-26 11:56:28,Orthopedics,Multiple Trauma / Fracture,3,Walk-In,Clear / Mild,66,95,131,76,17,36.9,0,83,6.1,0,,0,4.4,9,6,9,1
ADM-003106,PAT-01223,2026-09-20 09:32:28,,ICU,Sepsis / Septic Shock,1,Helicopter EMS,Clear / Mild,112,89,172,80,30,38.5,14,19,12.4,1,BED-163,0,5.0,9,6,9,1
ADM-003107,PAT-00604,2026-09-20 09:32:28,,Pulmonology,COPD Exacerbation,5,Physician Referral,Clear / Mild,92,98,130,78,14,37.0,0,127,16.1,1,BED-116,0,3.6,9,6,9,1
ADM-003108,PAT-01740,2026-09-20 09:32:28,2026-09-29 19:08:28,Pulmonology,COPD Exacerbation,4,Ambulance,Clear / Mild,58,96,150,88,15,37.0,0,76,9.4,0,,0,4.0,9,6,9,1
ADM-003109,PAT-00897,2026-09-20 11:32:28,2026-09-24 16:20:28,Orthopedics,Multiple Trauma / Fracture,4,Physician Referral,Clear / Mild,72,96,101,71,11,36.4,0,116,4.2,0,,0,4.0,11,6,9,1
ADM-003110,PAT-00491,2026-09-20 11:32:28,,ICU,Sepsis / Septic Shock,1,Ambulance,Clear / Mild,135,94,127,74,26,38.8,12,17,16.7,1,BED-330,0,4.8,11,6,9,1
ADM-003111,PAT-00141,2026-09-20 11:32:28,2026-09-28 01:56:28,Pediatrics,Pediatric Bronchiolitis / Asthma,3,Walk-In,Clear / Mild,61,98,136,76,16,37.2,0,81,7.6,0,,0,4.2,11,6,9,1
ADM-003112,PAT-02480,2026-09-20 11:32:28,2026-09-28 18:44:28,Cardiology,Acute Myocardial Infarction,3,Walk-In,Clear / Mild,64,97,128,79,17,36.9,0,47,8.3,0,,0,4.4,11,6,9,1
ADM-003113,PAT-01315,2026-09-20 11:32:28,2026-09-29 06:44:28,Cardiology,Acute Myocardial Infarction,3,Walk-In,Clear / Mild,80,97,126,71,11,37.2,0,48,8.8,0,,0,5.0,11,6,9,1
ADM-003114,PAT-01698,2026-09-20 13:32:28,2026-09-25 11:08:28,ICU,Diabetic Ketoacidosis (DKA),3,Physician Referral,Rain / Storm,57,98,117,77,16,36.9,0,72,4.9,0,,0,4.2,13,6,9,1
ADM-003115,PAT-01138,2026-09-20 13:32:28,2026-09-29 11:08:28,Pulmonology,COPD Exacerbation,3,Physician Referral,Rain / Storm,56,97,106,66,17,36.6,0,102,8.9,0,,0,4.1,13,6,9,1
ADM-003116,PAT-02207,2026-09-20 13:32:28,,Cardiology,Congestive Heart Failure,3,Walk-In,Rain / Storm,86,100,119,64,14,37.1,0,57,16.8,1,BED-176,0,4.3,13,6,9,1
ADM-003117,PAT-00760,2026-09-20 13:32:28,2026-09-28 20:44:28,Cardiology,Acute Myocardial Infarction,3,Walk-In,Rain / Storm,71,96,125,77,17,36.6,0,36,8.3,0,,0,5.0,13,6,9,1
ADM-003118,PAT-01481,2026-09-20 13:32:28,2026-09-28 03:56:28,Cardiology,Congestive Heart Failure,3,Physician Referral,Rain / Storm,71,95,147,79,14,36.6,0,62,7.6,0,,0,3.4,13,6,9,1
ADM-003119,PAT-01335,2026-09-20 13:32:28,,Orthopedics,Multiple Trauma / Fracture,3,Physician Referral,Rain / Storm,79,98,104,67,12,36.7,0,112,13.9,1,BED-103,0,4.5,13,6,9,1
ADM-003120,PAT-00714,2026-09-20 15:32:28,,Cardiology,Acute Myocardial Infarction,2,Walk-In,Clear / Mild,135,91,186,87,28,39.5,12,30,14.6,1,BED-228,0,3.7,15,6,9,1
ADM-003121,PAT-01295,2026-09-20 15:32:28,2026-09-24 10:44:28,Pediatrics,Pediatric Bronchiolitis / Asthma,4,Ambulance,Clear / Mild,57,98,110,81,15,36.4,0,138,3.8,0,,1,4.2,15,6,9,1
ADM-003122,PAT-00099,2026-09-20 15:32:28,2026-09-28 05:56:28,Cardiology,Congestive Heart Failure,2,Walk-In,Clear / Mild,141,86,152,87,24,40.1,7,29,7.6,0,,0,5.0,15,6,9,1
ADM-003123,PAT-01242,2026-09-20 15:32:28,2026-09-30 05:56:28,Cardiology,Acute Myocardial Infarction,2,Ambulance,Clear / Mild,125,82,207,73,34,38.9,12,38,9.6,0,,1,5.0,15,6,9,1
ADM-003124,PAT-01961,2026-09-20 15:32:28,,Cardiology,Acute Myocardial Infarction,2,Ambulance,Clear / Mild,128,90,139,84,26,37.7,8,31,20.0,1,BED-301,0,5.0,15,6,9,1
ADM-003125,PAT-01114,2026-09-20 15:32:28,,Orthopedics,Multiple Trauma / Fracture,3,Walk-In,Clear / Mild,89,97,130,83,13,37.5,0,58,16.2,1,BED-102,0,4.5,15,6,9,1
ADM-003126,PAT-00201,2026-09-20 15:32:28,,Cardiology,Acute Myocardial Infarction,2,Walk-In,Clear / Mild,73,87,172,94,29,38.5,8,43,12.1,1,BED-106,0,5.0,15,6,9,1
ADM-003127,PAT-01689,2026-09-20 17:32:28,2026-10-01 19:56:28,Pulmonology,Severe Pneumonia / ARDS,4,Walk-In,Clear / Mild,70,98,118,75,14,36.6,0,78,11.1,0,,0,4.4,17,6,9,1
ADM-003128,PAT-02165,2026-09-20 17:32:28,2026-09-27 19:56:28,Neurology,Acute Ischemic Stroke,2,Physician Referral,Clear / Mild,119,78,147,88,28,37.9,8,10,7.1,0,,0,5.0,17,6,9,1
ADM-003129,PAT-01438,2026-09-20 17:32:28,,ICU,Sepsis / Septic Shock,1,Helicopter EMS,Clear / Mild,112,96,135,93,33,38.0,9,19,14.4,1,BED-242,0,5.0,17,6,9,1
ADM-003130,PAT-00582,2026-09-20 19:32:28,2026-09-25 21:56:28,Pulmonology,Severe Pneumonia / ARDS,3,Walk-In,Clear / Mild,89,98,98,84,13,36.4,0,51,5.1,0,,0,5.0,19,6,9,1
ADM-003131,PAT-00248,2026-09-20 19:32:28,2026-09-27 12:20:28,Cardiology,Congestive Heart Failure,3,Walk-In,Clear / Mild,87,98,126,85,18,36.3,0,42,6.7,0,,0,5.0,19,6,9,1
ADM-003132,PAT-00325,2026-09-20 21:32:28,2026-09-26 04:44:28,Cardiology,Congestive Heart Failure,3,Walk-In,Clear / Mild,104,97,107,92,14,37.1,0,100,5.3,0,,0,4.5,21,6,9,1
ADM-003133,PAT-00438,2026-09-20 21:32:28,2026-09-24 21:32:28,Orthopedics,Multiple Trauma / Fracture,3,Ambulance,Clear / Mild,77,96,121,84,19,36.4,0,73,4.0,0,,0,4.4,21,6,9,1
ADM-003134,PAT-02281,2026-09-20 21:32:28,2026-10-01 16:44:28,ICU,Acute Renal Failure,2,Ambulance,Clear / Mild,90,86,111,73,22,39.7,5,28,10.8,0,,0,5.0,21,6,9,1
ADM-003135,PAT-01263,2026-09-20 21:32:28,,Neurology,Acute Ischemic Stroke,2,Physician Referral,Clear / Mild,124,91,140,85,19,37.9,5,35,20.8,1,BED-213,0,4.8,21,6,9,1
ADM-003136,PAT-00290,2026-09-20 21:32:28,2026-09-25 16:44:28,General Surgery,Acute Appendicitis / Laparotomy,3,Ambulance,Clear / Mild,73,96,127,73,16,36.0,0,84,4.8,0,,0,4.5,21,6,9,1
ADM-003137,PAT-01971,2026-09-20 21:32:28,2026-09-25 23:56:28,General Surgery,Acute Appendicitis / Laparotomy,5,Physician Referral,Clear / Mild,75,99,104,77,15,37.2,0,151,5.1,0,,0,2.5,21,6,9,1
ADM-003138,PAT-00773,2026-09-20 21:32:28,,Cardiology,Congestive Heart Failure,3,Ambulance,Clear / Mild,48,99,112,80,18,36.9,2,47,20.6,1,BED-329,0,5.0,21,6,9,1
ADM-003139,PAT-00937,2026-09-20 21:32:28,,ICU,Sepsis / Septic Shock,2,Walk-In,Clear / Mild,132,88,166,110,30,37.1,10,28,11.3,1,BED-218,0,4.9,21,6,9,1
ADM-003140,PAT-00238,2026-09-20 23:32:28,,ICU,Sepsis / Septic Shock,1,Ambulance,Clear / Mild,108,89,123,87,18,38.5,7,16,11.6,1,BED-231,0,5.0,23,6,9,1
ADM-003141,PAT-01556,2026-09-21 03:32:28,2026-09-25 15:32:28,Pediatrics,Pediatric Bronchiolitis / Asthma,3,Walk-In,Clear / Mild,70,97,126,75,16,37.1,0,68,4.5,0,,0,4.3,3,0,9,0
ADM-003142,PAT-02069,2026-09-21 03:32:28,2026-09-23 10:44:28,Pediatrics,Pediatric Bronchiolitis / Asthma,5,Walk-In,Clear / Mild,95,99,131,74,13,36.7,0,64,2.3,0,,0,4.6,3,0,9,0
ADM-003143,PAT-02222,2026-09-21 05:32:28,,Neurology,Acute Ischemic Stroke,2,Helicopter EMS,Clear / Mild,121,89,132,83,27,38.6,10,38,11.1,1,BED-118,0,4.8,5,0,9,0
ADM-003144,PAT-00361,2026-09-21 05:32:28,2026-10-01 07:56:28,Neurology,Acute Ischemic Stroke,3,Ambulance,Clear / Mild,72,97,111,82,14,36.8,0,98,10.1,0,,0,3.8,5,0,9,0
ADM-003145,PAT-01143,2026-09-21 07:32:28,2026-09-23 09:56:28,General Surgery,Acute Appendicitis / Laparotomy,5,Ambulance,Rain / Storm,87,96,140,71,18,36.9,0,219,2.1,0,,0,2.0,7,0,9,0
ADM-003146,PAT-01875,2026-09-21 09:32:28,2026-09-27 11:56:28,General Surgery,Gastrointestinal Hemorrhage,3,Physician Referral,Rain / Storm,76,96,114,60,11,36.8,0,80,6.1,0,,1,5.0,9,0,9,0
ADM-003147,PAT-01091,2026-09-21 09:32:28,2026-09-27 11:56:28,Pulmonology,Severe Pneumonia / ARDS,5,Helicopter EMS,Rain / Storm,77,98,114,68,17,36.0,0,54,6.1,0,,0,4.9,9,0,9,0
ADM-003148,PAT-01253,2026-09-21 09:32:28,2026-09-26 19:08:28,Cardiology,Acute Myocardial Infarction,3,Ambulance,Rain / Storm,91,96,116,74,20,36.7,0,53,5.4,0,,0,4.7,9,0,9,0
ADM-003149,PAT-01392,2026-09-21 09:32:28,2026-10-01 16:44:28,ICU,Diabetic Ketoacidosis (DKA),2,Walk-In,Rain / Storm,106,93,133,82,27,39.4,6,33,10.3,0,,0,4.8,9,0,9,0
ADM-003150,PAT-02376,2026-09-21 09:32:28,,ICU,Sepsis / Septic Shock,2,Walk-In,Rain / Storm,117,92,112,79,25,38.8,8,30,24.9,1,BED-290,0,5.0,9,0,9,0
ADM-003151,PAT-02061,2026-09-21 09:32:28,2026-09-28 23:56:28,General Surgery,Acute Appendicitis / Laparotomy,4,Ambulance,Rain / Storm,63,98,136,74,14,37.2,0,123,7.6,0,,0,4.7,9,0,9,0
ADM-003152,PAT-01000,2026-09-21 09:32:28,2026-09-25 19:08:28,General Surgery,Acute Appendicitis / Laparotomy,3,Ambulance,Rain / Storm,77,96,132,77,14,36.9,0,78,4.4,0,,0,4.1,9,0,9,0
ADM-003153,PAT-01713,2026-09-21 09:32:28,2026-09-28 09:32:28,Pulmonology,Severe Pneumonia / ARDS,5,Walk-In,Rain / Storm,81,97,139,71,15,37.0,0,64,7.0,0,,0,5.0,9,0,9,0
ADM-003154,PAT-01318,2026-09-21 11:32:28,2026-09-27 13:56:28,Neurology,Acute Ischemic Stroke,2,Walk-In,Clear / Mild,99,91,133,105,22,38.6,5,39,6.1,0,,1,5.0,11,0,9,0
ADM-003155,PAT-00409,2026-09-21 11:32:28,2026-09-26 04:20:28,ICU,Diabetic Ketoacidosis (DKA),2,Walk-In,Clear / Mild,105,89,128,90,29,37.5,6,29,4.7,0,,0,4.8,11,0,9,0
ADM-003156,PAT-01256,2026-09-21 13:32:28,2026-09-24 06:20:28,General Surgery,Acute Appendicitis / Laparotomy,3,Walk-In,Clear / Mild,89,98,123,72,19,37.1,0,88,2.7,0,,0,4.6,13,0,9,0
ADM-003157,PAT-01640,2026-09-21 13:32:28,2026-09-26 15:56:28,Cardiology,Acute Myocardial Infarction,3,Walk-In,Clear / Mild,93,97,126,76,12,37.2,0,106,5.1,0,,1,3.2,13,0,9,0
ADM-003158,PAT-00778,2026-09-21 13:32:28,2026-09-26 03:56:28,Pulmonology,COPD Exacerbation,3,Ambulance,Clear / Mild,54,96,125,74,15,36.4,0,49,4.6,0,,1,4.8,13,0,9,0
ADM-003159,PAT-02363,2026-09-21 13:32:28,2026-09-25 15:56:28,ICU,Acute Renal Failure,3,Walk-In,Clear / Mild,75,96,134,74,21,37.2,0,66,4.1,0,,0,4.5,13,0,9,0
ADM-003160,PAT-02374,2026-09-21 13:32:28,2026-09-24 23:08:28,General Surgery,Acute Appendicitis / Laparotomy,4,Ambulance,Clear / Mild,89,96,123,71,14,36.7,0,144,3.4,0,,0,3.6,13,0,9,0
ADM-003161,PAT-01833,2026-09-21 15:32:28,,Pulmonology,COPD Exacerbation,4,Walk-In,Clear / Mild,80,98,117,70,16,36.9,0,51,16.1,1,BED-196,0,5.0,15,0,9,0
ADM-003162,PAT-01787,2026-09-21 17:32:28,2026-09-26 03:08:28,General Surgery,Gastrointestinal Hemorrhage,3,Ambulance,Extreme Heat,77,94,134,61,12,36.4,1,129,4.4,0,,0,3.7,17,0,9,0
ADM-003163,PAT-01703,2026-09-21 17:32:28,2026-09-26 07:56:28,General Surgery,Acute Appendicitis / Laparotomy,3,Walk-In,Extreme Heat,91,97,128,66,15,36.7,0,32,4.6,0,,0,4.6,17,0,9,0
ADM-003164,PAT-01825,2026-09-21 17:32:28,2026-09-23 17:32:28,General Surgery,Acute Appendicitis / Laparotomy,5,Physician Referral,Extreme Heat,83,97,118,85,16,36.7,0,117,2.0,0,,0,3.4,17,0,9,0
ADM-003165,PAT-01456,2026-09-21 19:32:28,2026-09-25 05:08:28,General Surgery,Acute Appendicitis / Laparotomy,4,Walk-In,Clear / Mild,79,96,132,74,13,37.1,0,185,3.4,0,,0,3.8,19,0,9,0
ADM-003166,PAT-00553,2026-09-21 19:32:28,,Pulmonology,COPD Exacerbation,5,Ambulance,Clear / Mild,68,97,109,70,18,36.4,0,151,26.7,1,BED-279,0,3.2,19,0,9,0
ADM-003167,PAT-00351,2026-09-21 19:32:28,2026-09-28 07:32:28,Pulmonology,COPD Exacerbation,3,Walk-In,Clear / Mild,65,97,98,76,16,36.9,0,108,6.5,0,,0,5.0,19,0,9,0
ADM-003168,PAT-00147,2026-09-21 19:32:28,2026-09-27 17:08:28,ICU,Acute Renal Failure,3,Ambulance,Clear / Mild,79,97,148,74,16,36.9,0,94,5.9,0,,0,3.7,19,0,9,0
ADM-003169,PAT-02205,2026-09-21 19:32:28,2026-09-26 12:20:28,Pulmonology,COPD Exacerbation,3,Walk-In,Clear / Mild,86,96,120,71,12,36.9,0,34,4.7,0,,0,5.0,19,0,9,0
ADM-003170,PAT-00887,2026-09-21 19:32:28,2026-09-28 19:32:28,General Surgery,Acute Appendicitis / Laparotomy,3,Helicopter EMS,Clear / Mild,76,98,124,54,13,36.5,0,92,7.0,0,,0,4.3,19,0,9,0
ADM-003171,PAT-01463,2026-09-21 21:32:28,2026-09-27 07:08:28,Pulmonology,COPD Exacerbation,4,Ambulance,Clear / Mild,83,99,143,68,12,36.9,0,137,5.4,0,,0,3.0,21,0,9,0
ADM-003172,PAT-01599,2026-09-21 21:32:28,,ICU,Acute Renal Failure,2,Walk-In,Clear / Mild,118,90,142,115,28,38.0,8,31,16.0,1,BED-187,0,5.0,21,0,9,0
ADM-003173,PAT-01113,2026-09-21 21:32:28,,ICU,Sepsis / Septic Shock,1,Ambulance,Clear / Mild,80,90,141,89,24,36.9,7,15,14.8,1,BED-245,0,5.0,21,0,9,0
ADM-003174,PAT-01399,2026-09-21 21:32:28,,Neurology,Acute Ischemic Stroke,3,Ambulance,Clear / Mild,75,94,119,79,14,37.4,1,56,17.3,1,BED-142,0,5.0,21,0,9,0
ADM-003175,PAT-01927,2026-09-21 21:32:28,2026-09-28 04:44:28,General Surgery,Gastrointestinal Hemorrhage,2,Walk-In,Clear / Mild,97,85,136,122,23,39.5,5,38,6.3,0,,0,4.6,21,0,9,0
ADM-003176,PAT-00586,2026-09-21 21:32:28,2026-09-26 07:08:28,General Surgery,Acute Appendicitis / Laparotomy,3,Walk-In,Clear / Mild,71,96,143,77,15,36.8,0,49,4.4,0,,0,5.0,21,0,9,0
ADM-003177,PAT-02279,2026-09-21 21:32:28,2026-09-27 04:44:28,General Surgery,Acute Appendicitis / Laparotomy,3,Ambulance,Clear / Mild,90,96,110,78,14,36.7,0,75,5.3,0,,0,3.9,21,0,9,0
ADM-003178,PAT-00646,2026-09-21 23:32:28,2026-09-27 18:44:28,General Surgery,Gastrointestinal Hemorrhage,3,Physician Referral,Clear / Mild,68,96,107,66,14,36.8,0,52,5.8,0,,0,5.0,23,0,9,0
ADM-003179,PAT-01736,2026-09-22 03:32:28,2026-09-23 22:44:28,Pediatrics,Pediatric Bronchiolitis / Asthma,4,Ambulance,Clear / Mild,82,97,115,89,14,37.4,0,90,1.8,0,,0,4.1,3,1,9,0
ADM-003180,PAT-01255,2026-09-22 05:32:28,,Pulmonology,Severe Pneumonia / ARDS,4,Ambulance,Clear / Mild,87,98,139,61,16,36.9,0,72,15.4,1,BED-298,0,4.7,5,1,9,0
ADM-003181,PAT-01170,2026-09-22 07:32:28,2026-09-30 02:44:28,Neurology,Acute Ischemic Stroke,3,Walk-In,Clear / Mild,92,100,122,80,19,37.6,0,22,7.8,0,,0,5.0,7,1,9,0
ADM-003182,PAT-02471,2026-09-22 07:32:28,2026-09-30 09:56:28,Orthopedics,Multiple Trauma / Fracture,4,Walk-In,Clear / Mild,74,96,131,76,14,37.3,0,119,8.1,0,,0,4.2,7,1,9,0
ADM-003183,PAT-01913,2026-09-22 09:32:28,,ICU,Acute Renal Failure,2,Walk-In,Clear / Mild,101,82,192,91,20,37.0,5,24,17.0,1,BED-226,0,5.0,9,1,9,0
ADM-003184,PAT-00435,2026-09-22 09:32:28,,Orthopedics,Multiple Trauma / Fracture,5,Ambulance,Clear / Mild,90,99,103,68,17,36.6,0,135,11.2,1,BED-117,0,3.0,9,1,9,0
ADM-003185,PAT-02402,2026-09-22 09:32:28,,Cardiology,Congestive Heart Failure,2,Physician Referral,Clear / Mild,134,90,129,93,25,38.0,8,18,13.2,1,BED-210,0,5.0,9,1,9,0
ADM-003186,PAT-02384,2026-09-22 09:32:28,2026-10-01 11:56:28,Pulmonology,COPD Exacerbation,3,Ambulance,Clear / Mild,82,95,149,83,12,36.2,0,62,9.1,0,,0,5.0,9,1,9,0
ADM-003187,PAT-00712,2026-09-22 09:32:28,2026-10-01 11:56:28,Pulmonology,COPD Exacerbation,4,Walk-In,Clear / Mild,82,99,137,70,17,36.2,0,127,9.1,0,,1,3.3,9,1,9,0
ADM-003188,PAT-01429,2026-09-22 11:32:28,2026-09-25 09:08:28,Orthopedics,Multiple Trauma / Fracture,4,Walk-In,Clear / Mild,77,100,122,78,15,37.2,0,107,2.9,0,,0,4.0,11,1,9,0
ADM-003189,PAT-02088,2026-09-22 11:32:28,,ICU,Sepsis / Septic Shock,1,Ambulance,Clear / Mild,145,84,129,92,24,38.7,11,9,12.8,1,BED-235,0,4.8,11,1,9,0
ADM-003190,PAT-00260,2026-09-22 11:32:28,,Neurology,Acute Ischemic Stroke,2,Ambulance,Clear / Mild,119,99,170,72,20,37.3,4,28,11.9,1,BED-179,0,5.0,11,1,9,0
ADM-003191,PAT-02374,2026-09-22 13:32:28,,Cardiology,Acute Myocardial Infarction,2,Physician Referral,Extreme Heat,144,88,180,137,21,38.7,9,37,9.5,1,BED-223,0,4.9,13,1,9,0
ADM-003192,PAT-01228,2026-09-22 13:32:28,2026-09-29 18:20:28,Neurology,Acute Ischemic Stroke,2,Physician Referral,Extreme Heat,122,90,149,104,26,38.8,10,59,7.2,0,,0,4.8,13,1,9,0
ADM-003193,PAT-00720,2026-09-22 13:32:28,2026-10-01 18:20:28,Pulmonology,Severe Pneumonia / ARDS,4,Walk-In,Extreme Heat,84,98,139,94,14,36.9,0,94,9.2,0,,1,4.1,13,1,9,0
ADM-003194,PAT-01554,2026-09-22 13:32:28,,ICU,Acute Renal Failure,2,Walk-In,Extreme Heat,132,85,143,87,18,38.4,5,21,9.6,1,BED-257,0,4.6,13,1,9,0
ADM-003195,PAT-00483,2026-09-22 13:32:28,2026-09-29 01:32:28,Cardiology,Congestive Heart Failure,3,Walk-In,Extreme Heat,82,98,143,70,14,37.1,0,79,6.5,0,,0,4.3,13,1,9,0
ADM-003196,PAT-01723,2026-09-22 13:32:28,,Pulmonology,Severe Pneumonia / ARDS,3,Walk-In,Extreme Heat,101,97,101,81,15,37.0,0,104,11.7,1,BED-128,0,4.4,13,1,9,0
ADM-003197,PAT-02267,2026-09-22 15:32:28,2026-09-26 10:44:28,General Surgery,Acute Appendicitis / Laparotomy,5,Helicopter EMS,Clear / Mild,57,99,119,78,18,36.5,0,99,3.8,0,,0,4.9,15,1,9,0
ADM-003198,PAT-01464,2026-09-22 15:32:28,2026-09-26 03:32:28,Pediatrics,Pediatric Bronchiolitis / Asthma,3,Physician Referral,Clear / Mild,83,99,123,73,19,36.8,0,75,3.5,0,,0,3.9,15,1,9,0
ADM-003199,PAT-00773,2026-09-22 17:32:28,,Neurology,Acute Ischemic Stroke,2,Helicopter EMS,Clear / Mild,130,82,179,93,32,36.2,10,34,10.7,1,BED-116,0,3.8,17,1,9,0
ADM-003200,PAT-01506,2026-09-22 17:32:28,2026-09-26 00:44:28,Pediatrics,Pediatric Bronchiolitis / Asthma,5,Physician Referral,Clear / Mild,71,98,135,83,16,36.8,0,107,3.3,0,,0,3.8,17,1,9,0
ADM-003201,PAT-02375,2026-09-22 17:32:28,,Pulmonology,Severe Pneumonia / ARDS,3,Ambulance,Clear / Mild,68,98,115,71,16,37.0,0,73,10.5,1,BED-175,0,4.4,17,1,9,0
ADM-003202,PAT-00774,2026-09-22 17:32:28,,ICU,Diabetic Ketoacidosis (DKA),3,Ambulance,Clear / Mild,89,98,105,76,15,36.4,0,71,9.7,1,BED-192,0,4.8,17,1,9,0
ADM-003203,PAT-01176,2026-09-22 19:32:28,2026-09-29 07:32:28,ICU,Sepsis / Septic Shock,2,Walk-In,Freezing / Snow,109,93,171,104,28,37.3,6,6,6.5,0,,0,5.0,19,1,9,0
ADM-003204,PAT-01964,2026-09-22 19:32:28,,Neurology,Acute Ischemic Stroke,2,Walk-In,Freezing / Snow,101,89,150,98,21,38.9,5,26,17.1,1,BED-300,0,4.4,19,1,9,0
ADM-003205,PAT-01330,2026-09-22 19:32:28,2026-10-01 02:44:28,Cardiology,Acute Myocardial Infarction,3,Walk-In,Freezing / Snow,54,97,116,69,18,37.1,0,119,8.3,0,,0,4.1,19,1,9,0
ADM-003206,PAT-00735,2026-09-22 19:32:28,2026-09-27 09:56:28,General Surgery,Acute Appendicitis / Laparotomy,3,Walk-In,Freezing / Snow,70,95,125,81,16,36.9,0,49,4.6,0,,0,4.2,19,1,9,0
ADM-003207,PAT-01860,2026-09-22 19:32:28,2026-09-25 12:20:28,Pediatrics,Pediatric Bronchiolitis / Asthma,3,Walk-In,Freezing / Snow,94,99,129,96,17,37.1,0,51,2.7,0,,0,5.0,19,1,9,0
ADM-003208,PAT-00191,2026-09-22 19:32:28,,Pulmonology,COPD Exacerbation,3,Walk-In,Freezing / Snow,78,97,120,80,14,36.5,0,93,9.5,1,BED-214,0,4.0,19,1,9,0
ADM-003209,PAT-02484,2026-09-22 19:32:28,,ICU,Sepsis / Septic Shock,1,Ambulance,Freezing / Snow,131,93,118,98,25,39.2,12,9,12.1,1,BED-273,0,5.0,19,1,9,0
ADM-003210,PAT-02094,2026-09-22 19:32:28,2026-09-28 21:56:28,Neurology,Acute Ischemic Stroke,3,Walk-In,Freezing / Snow,63,94,121,82,16,36.3,1,42,6.1,0,,0,4.2,19,1,9,0
ADM-003211,PAT-01997,2026-09-22 21:32:28,2026-09-27 02:20:28,Pediatrics,Pediatric Bronchiolitis / Asthma,5,Ambulance,Rain / Storm,75,95,102,75,14,37.4,0,4,4.2,0,,0,5.0,21,1,9,0
ADM-003212,PAT-02157,2026-09-22 21:32:28,2026-09-27 16:44:28,Pediatrics,Pediatric Bronchiolitis / Asthma,4,Ambulance,Rain / Storm,97,98,108,79,11,36.6,0,84,4.8,0,,0,4.5,21,1,9,0
ADM-003213,PAT-00703,2026-09-22 21:32:28,2026-09-28 09:32:28,ICU,Diabetic Ketoacidosis (DKA),3,Walk-In,Rain / Storm,78,96,141,91,17,36.7,0,85,5.5,0,,0,3.9,21,1,9,0
ADM-003214,PAT-01967,2026-09-22 21:32:28,2026-09-29 19:08:28,Pulmonology,Severe Pneumonia / ARDS,3,Walk-In,Rain / Storm,65,99,115,70,17,36.5,0,97,6.9,0,,0,4.3,21,1,9,0
ADM-003215,PAT-00342,2026-09-22 21:32:28,,Cardiology,Acute Myocardial Infarction,2,Walk-In,Rain / Storm,124,85,140,127,30,38.2,8,50,12.5,1,BED-281,0,4.1,21,1,9,0
ADM-003216,PAT-00678,2026-09-22 21:32:28,,Pediatrics,Pediatric Bronchiolitis / Asthma,3,Ambulance,Rain / Storm,92,97,116,88,13,37.6,0,25,10.7,1,BED-304,0,5.0,21,1,9,0
ADM-003217,PAT-01561,2026-09-22 21:32:28,,Pulmonology,COPD Exacerbation,3,Ambulance,Rain / Storm,69,95,132,68,13,37.0,0,42,9.9,1,BED-126,0,4.8,21,1,9,0
ADM-003218,PAT-02105,2026-09-23 03:32:28,2026-09-28 10:44:28,Cardiology,Acute Myocardial Infarction,2,Walk-In,Clear / Mild,139,93,159,83,23,38.8,5,47,5.3,0,,0,4.8,3,2,9,0
ADM-003219,PAT-00033,2026-09-23 05:32:28,2026-09-28 03:08:28,General Surgery,Acute Appendicitis / Laparotomy,4,Ambulance,Rain / Storm,89,97,116,67,14,37.0,0,86,4.9,0,,0,4.2,5,2,9,0
ADM-003220,PAT-01147,2026-09-23 05:32:28,2026-10-01 03:08:28,Neurology,Acute Ischemic Stroke,3,Walk-In,Rain / Storm,77,99,120,69,17,36.4,0,44,7.9,0,,1,4.2,5,2,9,0
ADM-003221,PAT-00738,2026-09-23 05:32:28,2026-09-29 17:32:28,Orthopedics,Multiple Trauma / Fracture,3,Walk-In,Rain / Storm,55,95,132,76,15,36.8,0,47,6.5,0,,1,5.0,5,2,9,0
ADM-003222,PAT-00910,2026-09-23 07:32:28,,Pulmonology,COPD Exacerbation,3,Walk-In,Clear / Mild,65,96,128,87,16,37.2,0,53,11.6,1,BED-154,0,5.0,7,2,9,0
ADM-003223,PAT-01516,2026-09-23 07:32:28,2026-10-01 17:08:28,Neurology,Acute Ischemic Stroke,3,Ambulance,Clear / Mild,86,96,136,90,14,37.9,0,69,8.4,0,,1,4.9,7,2,9,0
ADM-003224,PAT-00467,2026-09-23 07:32:28,2026-09-27 07:32:28,General Surgery,Gastrointestinal Hemorrhage,2,Walk-In,Clear / Mild,116,91,159,75,22,38.9,7,33,4.0,0,,0,5.0,7,2,9,0
ADM-003225,PAT-00376,2026-09-23 09:32:28,,Neurology,Acute Ischemic Stroke,2,Ambulance,Extreme Heat,125,84,172,87,30,38.8,12,53,14.1,1,BED-286,0,4.6,9,2,9,0
ADM-003226,PAT-00269,2026-09-23 09:32:28,2026-09-28 19:08:28,ICU,Acute Renal Failure,3,Walk-In,Extreme Heat,78,100,128,86,16,36.8,0,102,5.4,0,,0,3.5,9,2,9,0
ADM-003227,PAT-01848,2026-09-23 09:32:28,2026-09-29 21:32:28,Pulmonology,COPD Exacerbation,3,Walk-In,Extreme Heat,64,96,127,85,20,36.7,0,70,6.5,0,,0,4.4,9,2,9,0
ADM-003228,PAT-00956,2026-09-23 09:32:28,,Cardiology,Acute Myocardial Infarction,2,Walk-In,Extreme Heat,113,89,136,77,25,39.6,10,45,9.4,1,BED-280,0,4.5,9,2,9,0
ADM-003229,PAT-01824,2026-09-23 09:32:28,2026-09-28 16:44:28,Neurology,Acute Ischemic Stroke,2,Walk-In,Extreme Heat,127,91,182,108,27,38.9,12,17,5.3,0,,0,4.8,9,2,9,0
ADM-003230,PAT-00182,2026-09-23 09:32:28,2026-09-29 11:56:28,Cardiology,Congestive Heart Failure,3,Ambulance,Extreme Heat,88,98,115,68,14,36.9,0,93,6.1,0,,1,3.8,9,2,9,0
ADM-003231,PAT-01186,2026-09-23 09:32:28,2026-09-29 14:20:28,Pediatrics,Pediatric Bronchiolitis / Asthma,3,Walk-In,Extreme Heat,92,98,141,66,18,36.3,0,70,6.2,0,,0,4.5,9,2,9,0
ADM-003232,PAT-00648,2026-09-23 11:32:28,,ICU,Sepsis / Septic Shock,2,Ambulance,High Smog / Poor AQI,130,89,189,97,30,38.9,12,25,11.0,1,BED-167,0,4.6,11,2,9,0
ADM-003233,PAT-00064,2026-09-23 11:32:28,2026-10-01 01:56:28,Cardiology,Acute Myocardial Infarction,2,Walk-In,High Smog / Poor AQI,86,91,147,83,24,39.7,5,28,7.6,0,,0,4.2,11,2,9,0
ADM-003234,PAT-01106,2026-09-23 11:32:28,2026-09-26 16:20:28,General Surgery,Gastrointestinal Hemorrhage,2,Physician Referral,High Smog / Poor AQI,110,87,155,87,28,37.8,6,20,3.2,0,,1,5.0,11,2,9,0
ADM-003235,PAT-01283,2026-09-23 11:32:28,,Cardiology,Congestive Heart Failure,3,Walk-In,High Smog / Poor AQI,85,96,118,76,15,36.7,0,91,10.3,1,BED-188,0,4.7,11,2,9,0
ADM-003236,PAT-02223,2026-09-23 11:32:28,2026-09-30 16:20:28,General Surgery,Gastrointestinal Hemorrhage,2,Walk-In,High Smog / Poor AQI,87,83,129,116,36,39.2,8,34,7.2,0,,0,4.8,11,2,9,0
ADM-003237,PAT-02282,2026-09-23 13:32:28,,General Surgery,Gastrointestinal Hemorrhage,3,Physician Referral,Clear / Mild,100,96,124,75,17,36.8,0,86,10.3,1,BED-109,0,3.8,13,2,9,0
ADM-003238,PAT-01389,2026-09-23 15:32:28,2026-10-01 13:08:28,Cardiology,Acute Myocardial Infarction,2,Walk-In,High Smog / Poor AQI,116,92,130,95,29,38.9,8,39,7.9,0,,0,4.6,15,2,9,0
ADM-003239,PAT-00287,2026-09-23 15:32:28,2026-09-30 03:32:28,General Surgery,Gastrointestinal Hemorrhage,2,Physician Referral,High Smog / Poor AQI,101,87,144,126,22,38.7,5,39,6.5,0,,0,4.7,15,2,9,0
ADM-003240,PAT-01665,2026-09-23 15:32:28,,Cardiology,Acute Myocardial Infarction,3,Walk-In,High Smog / Poor AQI,61,100,107,72,17,37.1,0,50,10.0,1,BED-204,0,4.9,15,2,9,0
ADM-003241,PAT-00781,2026-09-23 17:32:28,2026-09-25 19:56:28,General Surgery,Gastrointestinal Hemorrhage,3,Ambulance,Clear / Mild,70,98,120,73,17,36.5,0,86,2.1,0,,0,3.7,17,2,9,0
ADM-003242,PAT-02026,2026-09-23 17:32:28,2026-10-01 03:08:28,General Surgery,Acute Appendicitis / Laparotomy,4,Walk-In,Clear / Mild,70,97,133,78,17,37.0,0,169,7.4,0,,0,3.1,17,2,9,0
ADM-003243,PAT-02058,2026-09-23 19:32:28,2026-09-29 05:08:28,Pulmonology,COPD Exacerbation,3,Walk-In,Clear / Mild,67,94,132,72,16,36.6,1,121,5.4,0,,0,3.1,19,2,9,0
ADM-003244,PAT-01120,2026-09-23 19:32:28,,ICU,Sepsis / Septic Shock,1,Ambulance,Clear / Mild,117,85,148,101,24,37.5,9,16,27.1,1,BED-115,0,5.0,19,2,9,0
ADM-003245,PAT-01585,2026-09-23 19:32:28,,Pediatrics,Pediatric Bronchiolitis / Asthma,5,Ambulance,Clear / Mild,76,99,125,70,18,37.0,0,56,10.3,1,BED-278,0,4.7,19,2,9,0
ADM-003246,PAT-02049,2026-09-23 19:32:28,2026-09-29 17:08:28,Orthopedics,Multiple Trauma / Fracture,4,Ambulance,Clear / Mild,51,95,121,75,15,36.7,0,150,5.9,0,,0,3.0,19,2,9,0
ADM-003247,PAT-01057,2026-09-23 21:32:28,,Cardiology,Congestive Heart Failure,3,Walk-In,Clear / Mild,67,100,115,81,16,36.4,0,52,9.8,1,BED-299,0,4.6,21,2,9,0
ADM-003248,PAT-02044,2026-09-23 21:32:28,,Cardiology,Congestive Heart Failure,3,Walk-In,Clear / Mild,76,96,123,81,19,36.8,0,61,10.8,1,BED-243,0,4.6,21,2,9,0
ADM-003249,PAT-00228,2026-09-24 01:32:28,2026-09-28 01:32:28,Pulmonology,COPD Exacerbation,5,Walk-In,Clear / Mild,88,98,124,87,16,36.0,0,158,4.0,0,,1,2.7,1,3,9,0
ADM-003250,PAT-01353,2026-09-24 03:32:28,2026-09-30 20:20:28,Pulmonology,COPD Exacerbation,5,Walk-In,Clear / Mild,79,100,106,68,14,36.8,0,84,6.7,0,,1,4.4,3,3,9,0
ADM-003251,PAT-02015,2026-09-24 03:32:28,2026-10-01 17:56:28,General Surgery,Gastrointestinal Hemorrhage,2,Ambulance,Clear / Mild,108,88,133,83,15,38.2,3,28,7.6,0,,0,4.1,3,3,9,0
ADM-003252,PAT-01110,2026-09-24 05:32:28,2026-10-01 10:20:28,General Surgery,Gastrointestinal Hemorrhage,2,Helicopter EMS,Clear / Mild,113,95,119,71,26,38.0,5,44,7.2,0,,0,5.0,5,3,9,0
ADM-003253,PAT-01143,2026-09-24 05:32:28,2026-09-27 17:32:28,General Surgery,Gastrointestinal Hemorrhage,2,Physician Referral,Clear / Mild,128,85,153,76,26,38.4,8,43,3.5,0,,0,4.3,5,3,9,0
ADM-003254,PAT-00594,2026-09-24 05:32:28,,General Surgery,Gastrointestinal Hemorrhage,2,Ambulance,Clear / Mild,109,94,138,112,21,39.6,3,18,9.4,1,BED-105,0,5.0,5,3,9,0
ADM-003255,PAT-00249,2026-09-24 07:32:28,2026-10-01 02:44:28,General Surgery,Gastrointestinal Hemorrhage,2,Walk-In,Clear / Mild,83,89,129,86,26,37.2,6,32,6.8,0,,0,4.5,7,3,9,0
ADM-003256,PAT-00508,2026-09-24 07:32:28,2026-09-29 02:44:28,Neurology,Acute Ischemic Stroke,2,Walk-In,Clear / Mild,117,84,164,103,32,39.4,12,39,4.8,0,,0,5.0,7,3,9,0
ADM-003257,PAT-00725,2026-09-24 09:32:28,,Orthopedics,Multiple Trauma / Fracture,4,Ambulance,Rain / Storm,62,97,112,72,14,36.6,0,58,9.4,1,BED-214,0,4.4,9,3,9,0
ADM-003258,PAT-00177,2026-09-24 09:32:28,,Pulmonology,Severe Pneumonia / ARDS,3,Walk-In,Rain / Storm,77,98,126,68,15,36.9,0,91,9.3,1,BED-286,0,3.8,9,3,9,0
ADM-003259,PAT-02308,2026-09-24 09:32:28,2026-09-30 21:32:28,ICU,Acute Renal Failure,2,Walk-In,Rain / Storm,121,88,148,69,26,38.5,8,22,6.5,0,,0,5.0,9,3,9,0
ADM-003260,PAT-00023,2026-09-24 09:32:28,2026-09-28 07:08:28,General Surgery,Acute Appendicitis / Laparotomy,5,Ambulance,Rain / Storm,83,98,128,75,17,36.5,0,180,3.9,0,,1,2.9,9,3,9,0
ADM-003261,PAT-00044,2026-09-24 09:32:28,2026-09-30 16:44:28,Cardiology,Acute Myocardial Infarction,2,Walk-In,Rain / Storm,124,91,158,112,24,39.2,7,32,6.3,0,,0,4.5,9,3,9,0
ADM-003262,PAT-01745,2026-09-24 09:32:28,2026-09-29 09:32:28,Pulmonology,COPD Exacerbation,4,Walk-In,Rain / Storm,62,98,123,83,16,36.3,0,114,5.0,0,,0,4.6,9,3,9,0
ADM-003263,PAT-02442,2026-09-24 09:32:28,2026-09-29 21:32:28,General Surgery,Gastrointestinal Hemorrhage,3,Walk-In,Rain / Storm,83,99,115,77,17,36.4,0,62,5.5,0,,0,3.2,9,3,9,0
ADM-003264,PAT-00430,2026-09-24 09:32:28,,ICU,Acute Renal Failure,2,Walk-In,Rain / Storm,89,89,140,95,15,37.4,3,41,9.9,1,BED-322,0,5.0,9,3,9,0
ADM-003265,PAT-00343,2026-09-24 11:32:28,2026-09-30 16:20:28,Pulmonology,COPD Exacerbation,3,Ambulance,Clear / Mild,86,100,120,81,17,36.7,0,90,6.2,0,,0,3.2,11,3,9,0
ADM-003266,PAT-00330,2026-09-24 11:32:28,,General Surgery,Gastrointestinal Hemorrhage,3,Walk-In,Clear / Mild,95,96,107,71,15,37.0,0,89,11.0,1,BED-294,0,3.7,11,3,9,0
ADM-003267,PAT-00455,2026-09-24 11:32:28,,General Surgery,Gastrointestinal Hemorrhage,3,Helicopter EMS,Clear / Mild,89,97,90,92,14,37.1,2,99,7.9,1,BED-102,0,4.2,11,3,9,0
ADM-003268,PAT-01939,2026-09-24 13:32:28,,ICU,Diabetic Ketoacidosis (DKA),2,Walk-In,Freezing / Snow,104,90,147,103,37,39.0,8,48,14.6,1,BED-195,0,4.5,13,3,9,0
ADM-003269,PAT-01486,2026-09-24 13:32:28,2026-10-01 11:08:28,General Surgery,Acute Appendicitis / Laparotomy,3,Walk-In,Freezing / Snow,61,97,131,89,17,36.6,0,72,6.9,0,,0,4.8,13,3,9,0
ADM-003270,PAT-01980,2026-09-24 13:32:28,2026-09-29 03:56:28,General Surgery,Acute Appendicitis / Laparotomy,4,Walk-In,Freezing / Snow,76,98,109,100,16,37.0,0,137,4.6,0,,0,3.6,13,3,9,0
ADM-003271,PAT-00379,2026-09-24 13:32:28,2026-09-27 13:32:28,Pediatrics,Pediatric Bronchiolitis / Asthma,4,Ambulance,Freezing / Snow,57,97,150,88,14,37.0,0,155,3.0,0,,0,3.1,13,3,9,0
ADM-003272,PAT-00953,2026-09-24 13:32:28,2026-10-01 13:32:28,Pulmonology,Severe Pneumonia / ARDS,4,Walk-In,Freezing / Snow,89,95,104,77,13,36.4,0,137,7.0,0,,0,3.8,13,3,9,0
ADM-003273,PAT-02425,2026-09-24 13:32:28,,ICU,Sepsis / Septic Shock,1,Helicopter EMS,Freezing / Snow,108,88,159,72,28,38.7,12,10,19.7,1,BED-291,0,5.0,13,3,9,0
ADM-003274,PAT-01490,2026-09-24 13:32:28,2026-09-28 23:08:28,Pediatrics,Pediatric Bronchiolitis / Asthma,3,Walk-In,Freezing / Snow,95,100,107,66,16,36.0,0,82,4.4,0,,0,4.7,13,3,9,0
ADM-003275,PAT-01900,2026-09-24 13:32:28,2026-10-01 20:44:28,Pulmonology,Severe Pneumonia / ARDS,4,Walk-In,Freezing / Snow,74,98,128,79,13,36.9,0,124,7.3,0,,0,4.8,13,3,9,0
ADM-003276,PAT-00699,2026-09-24 15:32:28,,ICU,Acute Renal Failure,3,Walk-In,Clear / Mild,91,99,116,75,17,36.1,0,81,11.7,1,BED-250,0,4.2,15,3,9,0
ADM-003277,PAT-01097,2026-09-24 15:32:28,,Pulmonology,Severe Pneumonia / ARDS,4,Ambulance,Clear / Mild,79,94,110,84,14,36.3,1,146,9.2,1,BED-298,0,4.1,15,3,9,0
ADM-003278,PAT-01602,2026-09-24 15:32:28,2026-09-29 05:56:28,Pediatrics,Pediatric Bronchiolitis / Asthma,4,Walk-In,Clear / Mild,79,96,119,79,14,37.1,0,141,4.6,0,,0,4.1,15,3,9,0
ADM-003279,PAT-00120,2026-09-24 15:32:28,,Cardiology,Congestive Heart Failure,2,Ambulance,Clear / Mild,91,95,149,80,26,39.0,5,38,16.1,1,BED-188,0,5.0,15,3,9,0
ADM-003280,PAT-01659,2026-09-24 15:32:28,,ICU,Sepsis / Septic Shock,1,Ambulance,Clear / Mild,116,92,132,108,26,39.4,12,9,12.2,1,BED-104,0,4.5,15,3,9,0
ADM-003281,PAT-02211,2026-09-24 17:32:28,,Cardiology,Acute Myocardial Infarction,2,Walk-In,Extreme Heat,97,94,100,95,28,37.3,4,16,7.7,1,BED-269,0,5.0,17,3,9,0
ADM-003282,PAT-00158,2026-09-24 17:32:28,,Cardiology,Congestive Heart Failure,3,Ambulance,Extreme Heat,60,99,120,89,18,36.7,0,62,20.2,1,BED-144,0,4.6,17,3,9,0
ADM-003283,PAT-00194,2026-09-24 17:32:28,2026-09-30 05:32:28,General Surgery,Gastrointestinal Hemorrhage,3,Ambulance,Extreme Heat,76,96,127,68,17,37.2,0,98,5.5,0,,0,3.8,17,3,9,0
ADM-003284,PAT-00928,2026-09-24 17:32:28,2026-09-30 03:08:28,Pulmonology,COPD Exacerbation,5,Ambulance,Extreme Heat,90,98,116,83,15,36.7,0,102,5.4,0,,0,3.6,17,3,9,0
ADM-003285,PAT-01303,2026-09-24 19:32:28,2026-09-29 00:20:28,Cardiology,Congestive Heart Failure,2,Helicopter EMS,Clear / Mild,95,93,129,83,23,39.3,3,55,4.2,0,,0,5.0,19,3,9,0
ADM-003286,PAT-01785,2026-09-24 19:32:28,2026-09-30 19:32:28,General Surgery,Gastrointestinal Hemorrhage,2,Physician Referral,Clear / Mild,124,85,129,65,33,37.9,8,33,6.0,0,,0,5.0,19,3,9,0
ADM-003287,PAT-01423,2026-09-24 19:32:28,2026-09-29 12:20:28,ICU,Diabetic Ketoacidosis (DKA),3,Physician Referral,Clear / Mild,67,96,81,77,20,36.6,2,89,4.7,0,,0,4.0,19,3,9,0
ADM-003288,PAT-01581,2026-09-24 19:32:28,,Cardiology,Acute Myocardial Infarction,2,Walk-In,Clear / Mild,133,86,163,92,27,38.8,12,30,9.2,1,BED-321,0,4.5,19,3,9,0
ADM-003289,PAT-01539,2026-09-24 19:32:28,2026-09-30 02:44:28,ICU,Diabetic Ketoacidosis (DKA),2,Physician Referral,Clear / Mild,115,93,146,108,16,38.7,5,28,5.3,0,,0,4.4,19,3,9,0
ADM-003290,PAT-00729,2026-09-24 21:32:28,2026-09-29 21:32:28,Pulmonology,COPD Exacerbation,5,Walk-In,Clear / Mild,73,96,131,83,15,37.1,0,167,5.0,0,,0,3.4,21,3,9,0
ADM-003291,PAT-00081,2026-09-24 23:32:28,,Orthopedics,Multiple Trauma / Fracture,4,Walk-In,High Smog / Poor AQI,99,98,125,86,14,36.7,0,123,11.1,1,BED-213,0,3.7,23,3,9,0
ADM-003292,PAT-01897,2026-09-25 01:32:28,,Neurology,Acute Ischemic Stroke,3,Helicopter EMS,Clear / Mild,84,97,122,79,16,36.8,0,82,12.6,1,BED-321,0,4.4,1,4,9,0
ADM-003293,PAT-02290,2026-09-25 01:32:28,,General Surgery,Acute Appendicitis / Laparotomy,5,Ambulance,Clear / Mild,79,98,131,86,14,36.6,0,185,7.5,1,BED-238,0,2.7,1,4,9,0
ADM-003294,PAT-01178,2026-09-25 03:32:28,,Cardiology,Congestive Heart Failure,3,Physician Referral,Freezing / Snow,94,97,126,84,13,36.9,0,95,10.6,1,BED-264,0,4.8,3,4,9,0
ADM-003295,PAT-02212,2026-09-25 07:32:28,,Pulmonology,Severe Pneumonia / ARDS,4,Physician Referral,Clear / Mild,74,97,114,65,17,37.0,0,95,9.5,1,BED-162,0,4.1,7,4,9,0
ADM-003296,PAT-02309,2026-09-25 07:32:28,2026-10-01 09:56:28,Neurology,Acute Ischemic Stroke,3,Ambulance,Clear / Mild,90,99,120,80,14,36.8,0,66,6.1,0,,0,4.2,7,4,9,0
ADM-003297,PAT-00254,2026-09-25 07:32:28,,Neurology,Acute Ischemic Stroke,3,Walk-In,Clear / Mild,72,97,136,58,14,37.1,0,57,9.4,1,BED-267,0,4.8,7,4,9,0
ADM-003298,PAT-00006,2026-09-25 09:32:28,2026-09-29 09:32:28,General Surgery,Gastrointestinal Hemorrhage,2,Ambulance,Rain / Storm,115,90,140,69,33,39.1,10,25,4.0,0,,0,5.0,9,4,9,0
ADM-003299,PAT-02034,2026-09-25 09:32:28,,Cardiology,Acute Myocardial Infarction,2,Ambulance,Rain / Storm,124,93,172,108,17,38.2,5,24,7.5,1,BED-318,0,5.0,9,4,9,0
ADM-003300,PAT-01004,2026-09-25 09:32:28,2026-10-01 21:32:28,General Surgery,Acute Appendicitis / Laparotomy,3,Ambulance,Rain / Storm,99,99,131,73,16,36.3,0,50,6.5,0,,0,4.4,9,4,9,0
ADM-003301,PAT-01915,2026-09-25 09:32:28,2026-09-27 21:32:28,Pediatrics,Pediatric Bronchiolitis / Asthma,5,Ambulance,Rain / Storm,73,98,134,71,16,36.6,0,90,2.5,0,,0,4.4,9,4,9,0
ADM-003302,PAT-00994,2026-09-25 11:32:28,,Cardiology,Acute Myocardial Infarction,2,Walk-In,Rain / Storm,125,89,176,114,21,37.8,7,43,10.6,1,BED-226,0,5.0,11,4,9,0
ADM-003303,PAT-02170,2026-09-25 11:32:28,2026-09-27 13:56:28,Pediatrics,Pediatric Bronchiolitis / Asthma,3,Ambulance,Rain / Storm,99,97,107,78,17,37.3,0,83,2.1,0,,0,4.4,11,4,9,0
ADM-003304,PAT-01509,2026-09-25 11:32:28,,Cardiology,Congestive Heart Failure,3,Walk-In,Rain / Storm,83,97,117,76,18,36.9,0,141,28.6,1,BED-297,0,4.1,11,4,9,0
ADM-003305,PAT-00196,2026-09-25 11:32:28,,Pulmonology,COPD Exacerbation,5,Ambulance,Rain / Storm,91,99,128,94,13,36.9,0,149,10.9,1,BED-330,0,3.3,11,4,9,0
ADM-003306,PAT-00485,2026-09-25 11:32:28,2026-09-26 23:32:28,Pediatrics,Pediatric Bronchiolitis / Asthma,4,Physician Referral,Rain / Storm,80,98,139,74,21,36.6,0,158,1.5,0,,0,2.9,11,4,9,0
ADM-003307,PAT-01346,2026-09-25 11:32:28,2026-09-30 23:32:28,Pulmonology,Severe Pneumonia / ARDS,3,Helicopter EMS,Rain / Storm,100,95,122,85,14,36.2,0,90,5.5,0,,0,5.0,11,4,9,0
ADM-003308,PAT-01159,2026-09-25 13:32:28,,ICU,Sepsis / Septic Shock,2,Walk-In,Clear / Mild,142,98,165,104,25,37.1,7,24,8.2,1,BED-141,0,4.7,13,4,9,0
ADM-003309,PAT-02092,2026-09-25 13:32:28,,ICU,Sepsis / Septic Shock,2,Ambulance,Clear / Mild,106,90,131,124,19,39.1,5,29,10.9,1,BED-214,0,4.9,13,4,9,0
ADM-003310,PAT-00671,2026-09-25 13:32:28,,Pulmonology,COPD Exacerbation,3,Walk-In,Clear / Mild,79,96,117,79,16,36.4,0,87,8.7,1,BED-195,0,5.0,13,4,9,0
ADM-003311,PAT-00574,2026-09-25 13:32:28,,ICU,Diabetic Ketoacidosis (DKA),2,Walk-In,Clear / Mild,101,90,176,74,37,38.6,10,4,6.9,1,BED-195,0,5.0,13,4,9,0
ADM-003312,PAT-00480,2026-09-25 15:32:28,,Neurology,Acute Ischemic Stroke,2,Walk-In,Freezing / Snow,136,86,148,111,19,39.3,7,17,25.1,1,BED-121,0,4.9,15,4,9,0
ADM-003313,PAT-00377,2026-09-25 15:32:28,2026-10-01 01:08:28,General Surgery,Acute Appendicitis / Laparotomy,4,Walk-In,Freezing / Snow,64,95,123,82,18,37.0,0,84,5.4,0,,0,5.0,15,4,9,0
ADM-003314,PAT-01416,2026-09-25 15:32:28,,Cardiology,Acute Myocardial Infarction,3,Walk-In,Freezing / Snow,83,99,91,73,12,37.1,2,110,15.8,1,BED-322,0,3.7,15,4,9,0
ADM-003315,PAT-00494,2026-09-25 15:32:28,2026-09-29 13:08:28,ICU,Diabetic Ketoacidosis (DKA),3,Walk-In,Freezing / Snow,79,97,115,66,13,35.9,0,154,3.9,0,,1,3.7,15,4,9,0
ADM-003316,PAT-00380,2026-09-25 15:32:28,,Pulmonology,Severe Pneumonia / ARDS,3,Walk-In,Freezing / Snow,63,100,144,89,16,36.7,0,63,12.1,1,BED-283,0,5.0,15,4,9,0
ADM-003317,PAT-00014,2026-09-25 15:32:28,2026-09-28 15:32:28,General Surgery,Acute Appendicitis / Laparotomy,3,Physician Referral,Freezing / Snow,77,96,125,84,14,37.0,0,54,3.0,0,,0,3.6,15,4,9,0
ADM-003318,PAT-01531,2026-09-25 15:32:28,,Cardiology,Congestive Heart Failure,2,Ambulance,Freezing / Snow,124,93,153,101,25,38.7,8,22,10.2,1,BED-315,0,5.0,15,4,9,0
ADM-003319,PAT-00631,2026-09-25 17:32:28,2026-10-01 00:44:28,General Surgery,Acute Appendicitis / Laparotomy,3,Ambulance,Clear / Mild,92,96,106,73,16,36.8,0,90,5.3,0,,0,4.9,17,4,9,0
ADM-003320,PAT-01568,2026-09-25 17:32:28,,ICU,Diabetic Ketoacidosis (DKA),2,Physician Referral,Clear / Mild,113,92,177,101,23,37.9,5,50,6.2,1,BED-168,0,4.2,17,4,9,0
ADM-003321,PAT-01836,2026-09-25 17:32:28,,Neurology,Acute Ischemic Stroke,2,Ambulance,Clear / Mild,131,94,187,74,28,38.8,10,37,10.3,1,BED-152,0,4.9,17,4,9,0
ADM-003322,PAT-00618,2026-09-25 19:32:28,,ICU,Acute Renal Failure,2,Ambulance,Clear / Mild,95,86,202,88,24,40.7,7,24,14.5,1,BED-255,0,4.9,19,4,9,0
ADM-003323,PAT-00199,2026-09-25 19:32:28,2026-10-01 17:08:28,Orthopedics,Multiple Trauma / Fracture,5,Walk-In,Clear / Mild,81,97,120,77,22,37.1,0,77,5.9,0,,0,4.0,19,4,9,0
ADM-003324,PAT-00186,2026-09-25 19:32:28,,General Surgery,Acute Appendicitis / Laparotomy,3,Walk-In,Clear / Mild,90,95,102,82,14,36.5,0,70,8.0,1,BED-309,0,4.6,19,4,9,0
ADM-003325,PAT-00505,2026-09-25 19:32:28,,Neurology,Acute Ischemic Stroke,2,Ambulance,Clear / Mild,83,87,124,101,36,38.6,8,44,7.0,1,BED-177,0,5.0,19,4,9,0
ADM-003326,PAT-00355,2026-09-25 19:32:28,,ICU,Sepsis / Septic Shock,2,Walk-In,Clear / Mild,107,89,174,80,18,38.0,5,44,25.4,1,BED-309,0,5.0,19,4,9,0
ADM-003327,PAT-00285,2026-09-25 19:32:28,2026-09-29 05:08:28,Pediatrics,Pediatric Bronchiolitis / Asthma,3,Walk-In,Clear / Mild,90,98,111,76,13,36.9,0,78,3.4,0,,0,4.7,19,4,9,0
ADM-003328,PAT-01765,2026-09-25 21:32:28,,Pulmonology,Severe Pneumonia / ARDS,3,Walk-In,Extreme Heat,97,96,114,79,15,37.3,0,10,7.8,1,BED-274,0,5.0,21,4,9,0
ADM-003329,PAT-00799,2026-09-25 21:32:28,2026-10-01 09:32:28,Cardiology,Congestive Heart Failure,3,Helicopter EMS,Extreme Heat,81,97,107,82,18,36.6,0,93,5.5,0,,0,4.4,21,4,9,0
ADM-003330,PAT-02442,2026-09-25 21:32:28,,Pulmonology,Severe Pneumonia / ARDS,3,Walk-In,Extreme Heat,88,100,139,71,13,36.0,0,69,9.1,1,BED-295,0,4.9,21,4,9,0
ADM-003331,PAT-00130,2026-09-25 23:32:28,2026-10-01 21:08:28,ICU,Diabetic Ketoacidosis (DKA),2,Physician Referral,Clear / Mild,102,87,188,112,30,38.4,8,37,5.9,0,,0,5.0,23,4,9,0
ADM-003332,PAT-01563,2026-09-25 23:32:28,2026-10-01 04:20:28,General Surgery,Gastrointestinal Hemorrhage,2,Ambulance,Clear / Mild,118,95,171,97,23,38.0,4,50,5.2,0,,0,4.6,23,4,9,0
ADM-003333,PAT-02256,2026-09-26 01:32:28,2026-09-28 18:20:28,Pediatrics,Pediatric Bronchiolitis / Asthma,3,Walk-In,Clear / Mild,75,96,125,73,18,36.5,0,39,2.7,0,,0,5.0,1,5,9,1
ADM-003334,PAT-00190,2026-09-26 01:32:28,,ICU,Sepsis / Septic Shock,1,Helicopter EMS,Clear / Mild,119,92,106,94,21,37.8,7,14,11.3,1,BED-154,0,5.0,1,5,9,1
ADM-003335,PAT-00910,2026-09-26 03:32:28,2026-09-30 01:08:28,General Surgery,Gastrointestinal Hemorrhage,2,Ambulance,Clear / Mild,119,82,162,81,27,37.7,10,27,3.9,0,,1,4.5,3,5,9,1
ADM-003336,PAT-02335,2026-09-26 03:32:28,,Orthopedics,Multiple Trauma / Fracture,3,Walk-In,Clear / Mild,62,98,146,93,12,36.3,0,45,12.1,1,BED-107,0,5.0,3,5,9,1
ADM-003337,PAT-00629,2026-09-26 03:32:28,,General Surgery,Acute Appendicitis / Laparotomy,3,Walk-In,Clear / Mild,57,97,135,64,15,36.7,0,46,7.1,1,BED-300,0,5.0,3,5,9,1
ADM-003338,PAT-02238,2026-09-26 05:32:28,,Orthopedics,Multiple Trauma / Fracture,5,Walk-In,Clear / Mild,67,99,115,71,20,36.3,0,91,7.7,1,BED-178,0,3.0,5,5,9,1
ADM-003339,PAT-01915,2026-09-26 05:32:28,2026-09-30 15:08:28,Cardiology,Acute Myocardial Infarction,3,Ambulance,Clear / Mild,70,100,132,77,14,37.0,0,94,4.4,0,,0,3.4,5,5,9,1
ADM-003340,PAT-00657,2026-09-26 05:32:28,2026-09-29 12:44:28,General Surgery,Acute Appendicitis / Laparotomy,3,Ambulance,Clear / Mild,80,97,112,86,12,36.7,0,61,3.3,0,,0,4.4,5,5,9,1
ADM-003341,PAT-01748,2026-09-26 05:32:28,,Neurology,Acute Ischemic Stroke,2,Walk-In,Clear / Mild,125,91,107,93,17,38.7,7,47,8.4,1,BED-153,0,4.4,5,5,9,1
ADM-003342,PAT-02171,2026-09-26 09:32:28,,Cardiology,Acute Myocardial Infarction,3,Ambulance,Clear / Mild,85,97,125,81,14,36.6,0,106,6.9,1,BED-138,0,4.3,9,5,9,1
ADM-003343,PAT-00825,2026-09-26 09:32:28,2026-10-01 09:32:28,Neurology,Acute Ischemic Stroke,3,Walk-In,Clear / Mild,84,99,123,69,15,36.4,0,123,5.0,0,,0,3.6,9,5,9,1
ADM-003344,PAT-00383,2026-09-26 09:32:28,2026-09-28 16:44:28,Pediatrics,Pediatric Bronchiolitis / Asthma,4,Ambulance,Clear / Mild,80,96,113,83,12,36.3,0,136,2.3,0,,0,3.5,9,5,9,1
ADM-003345,PAT-01902,2026-09-26 09:32:28,2026-09-30 14:20:28,General Surgery,Acute Appendicitis / Laparotomy,3,Ambulance,Clear / Mild,49,97,141,80,12,37.8,2,61,4.2,0,,0,4.4,9,5,9,1
ADM-003346,PAT-02145,2026-09-26 09:32:28,,General Surgery,Gastrointestinal Hemorrhage,3,Walk-In,Clear / Mild,68,100,132,97,13,37.3,0,11,9.1,1,BED-101,0,4.9,9,5,9,1
ADM-003347,PAT-01696,2026-09-26 11:32:28,,Neurology,Acute Ischemic Stroke,2,Walk-In,Clear / Mild,142,93,140,109,25,39.0,8,39,20.8,1,BED-276,0,5.0,11,5,9,1
ADM-003348,PAT-00279,2026-09-26 13:32:28,,Orthopedics,Multiple Trauma / Fracture,4,Ambulance,Clear / Mild,80,96,104,85,14,36.1,0,111,5.5,1,BED-103,0,4.0,13,5,9,1
ADM-003349,PAT-01635,2026-09-26 15:32:28,2026-09-30 01:08:28,ICU,Diabetic Ketoacidosis (DKA),3,Walk-In,Clear / Mild,73,99,133,74,17,36.8,0,73,3.4,0,,0,4.3,15,5,9,1
ADM-003350,PAT-02409,2026-09-26 17:32:28,,Cardiology,Acute Myocardial Infarction,2,Ambulance,Clear / Mild,111,88,98,71,30,38.5,8,50,6.0,1,BED-195,0,5.0,17,5,9,1
ADM-003351,PAT-00704,2026-09-26 17:32:28,,ICU,Diabetic Ketoacidosis (DKA),3,Walk-In,Clear / Mild,83,99,120,79,14,36.7,0,39,5.9,1,BED-229,0,4.7,17,5,9,1
ADM-003352,PAT-00096,2026-09-26 17:32:28,,Orthopedics,Multiple Trauma / Fracture,4,Walk-In,Clear / Mild,89,99,110,77,15,37.4,0,64,5.8,1,BED-216,0,5.0,17,5,9,1
ADM-003353,PAT-00643,2026-09-26 19:32:28,,ICU,Acute Renal Failure,2,Ambulance,Clear / Mild,118,95,160,108,24,38.5,2,26,6.2,1,BED-257,0,4.5,19,5,9,1
ADM-003354,PAT-01870,2026-09-26 19:32:28,2026-09-29 00:20:28,Pediatrics,Pediatric Bronchiolitis / Asthma,3,Walk-In,Clear / Mild,76,97,117,96,19,37.4,0,72,2.2,0,,1,5.0,19,5,9,1
ADM-003355,PAT-00256,2026-09-26 19:32:28,2026-10-01 14:44:28,ICU,Diabetic Ketoacidosis (DKA),2,Ambulance,Clear / Mild,115,90,146,79,27,37.1,8,52,4.8,0,,1,4.8,19,5,9,1
ADM-003356,PAT-02237,2026-09-26 19:32:28,,Pulmonology,COPD Exacerbation,5,Walk-In,Clear / Mild,80,97,99,67,16,36.6,0,78,6.4,1,BED-236,0,4.7,19,5,9,1
ADM-003357,PAT-01868,2026-09-26 19:32:28,,ICU,Diabetic Ketoacidosis (DKA),2,Physician Referral,Clear / Mild,124,87,161,88,38,37.5,10,35,8.8,1,BED-305,0,4.8,19,5,9,1
ADM-003358,PAT-01113,2026-09-26 19:32:28,,ICU,Diabetic Ketoacidosis (DKA),2,Walk-In,Clear / Mild,131,88,94,103,22,38.3,7,31,5.2,1,BED-304,0,5.0,19,5,9,1
ADM-003359,PAT-01545,2026-09-26 21:32:28,2026-09-30 19:08:28,General Surgery,Gastrointestinal Hemorrhage,2,Ambulance,Clear / Mild,150,87,157,87,29,38.4,8,19,3.9,0,,1,5.0,21,5,9,1
ADM-003360,PAT-00246,2026-09-26 21:32:28,,ICU,Sepsis / Septic Shock,1,Helicopter EMS,Clear / Mild,104,91,210,101,26,37.3,12,21,15.9,1,BED-277,0,5.0,21,5,9,1
ADM-003361,PAT-00122,2026-09-26 21:32:28,,Orthopedics,Multiple Trauma / Fracture,4,Ambulance,Clear / Mild,79,100,133,89,16,36.7,0,156,6.5,1,BED-207,0,3.8,21,5,9,1
ADM-003362,PAT-01220,2026-09-26 21:32:28,,Cardiology,Acute Myocardial Infarction,2,Ambulance,Clear / Mild,126,87,157,95,30,37.9,8,33,8.2,1,BED-327,0,4.0,21,5,9,1
ADM-003363,PAT-02368,2026-09-26 21:32:28,2026-09-30 02:20:28,General Surgery,Acute Appendicitis / Laparotomy,4,Walk-In,Clear / Mild,89,96,129,88,17,36.5,0,106,3.2,0,,0,3.7,21,5,9,1
ADM-003364,PAT-02277,2026-09-26 23:32:28,,Cardiology,Acute Myocardial Infarction,3,Walk-In,Clear / Mild,76,96,112,67,16,36.2,0,86,6.7,1,BED-235,0,3.9,23,5,9,1
ADM-003365,PAT-00709,2026-09-26 23:32:28,,ICU,Acute Renal Failure,3,Ambulance,Clear / Mild,86,100,103,77,16,37.6,0,97,13.6,1,BED-316,0,4.1,23,5,9,1
ADM-003366,PAT-00438,2026-09-27 01:32:28,,ICU,Sepsis / Septic Shock,1,Ambulance,Clear / Mild,127,89,165,103,23,38.7,13,19,13.9,1,BED-228,0,5.0,1,6,9,1
ADM-003367,PAT-00095,2026-09-27 01:32:28,,Pulmonology,Severe Pneumonia / ARDS,5,Walk-In,Clear / Mild,81,100,132,67,17,37.0,0,139,5.8,1,BED-302,0,4.2,1,6,9,1
ADM-003368,PAT-00404,2026-09-27 05:32:28,,Neurology,Acute Ischemic Stroke,3,Walk-In,Clear / Mild,92,98,120,89,18,36.5,0,75,8.6,1,BED-283,0,5.0,5,6,9,1
ADM-003369,PAT-00319,2026-09-27 05:32:28,,Pulmonology,Severe Pneumonia / ARDS,4,Physician Referral,Clear / Mild,82,99,127,75,15,37.9,0,50,10.9,1,BED-131,0,4.8,5,6,9,1
ADM-003370,PAT-01386,2026-09-27 07:32:28,,Orthopedics,Multiple Trauma / Fracture,5,Walk-In,Extreme Heat,80,96,137,80,13,37.1,0,145,7.0,1,BED-253,0,4.0,7,6,9,1
ADM-003371,PAT-02467,2026-09-27 07:32:28,,Pulmonology,Severe Pneumonia / ARDS,5,Walk-In,Extreme Heat,82,98,107,86,14,37.3,0,89,5.6,1,BED-151,0,3.5,7,6,9,1
ADM-003372,PAT-02035,2026-09-27 09:32:28,,ICU,Diabetic Ketoacidosis (DKA),2,Walk-In,Extreme Heat,111,89,108,125,19,37.8,5,26,15.5,1,BED-307,0,5.0,9,6,9,1
ADM-003373,PAT-00160,2026-09-27 09:32:28,,Pulmonology,COPD Exacerbation,4,Ambulance,Extreme Heat,86,97,136,88,14,37.2,0,130,19.8,1,BED-205,0,3.7,9,6,9,1
ADM-003374,PAT-00132,2026-09-27 11:32:28,2026-09-30 18:44:28,ICU,Diabetic Ketoacidosis (DKA),2,Walk-In,Clear / Mild,90,87,145,93,23,38.8,5,33,3.3,0,,0,5.0,11,6,9,1
ADM-003375,PAT-02134,2026-09-27 11:32:28,,Pulmonology,Severe Pneumonia / ARDS,4,Walk-In,Clear / Mild,84,96,110,69,15,36.7,0,122,12.3,1,BED-330,0,4.2,11,6,9,1
ADM-003376,PAT-00471,2026-09-27 13:32:28,,Pulmonology,COPD Exacerbation,3,Walk-In,Clear / Mild,63,98,115,73,14,37.4,0,70,5.9,1,BED-199,0,3.9,13,6,9,1
ADM-003377,PAT-00569,2026-09-27 13:32:28,,Cardiology,Congestive Heart Failure,2,Ambulance,Clear / Mild,93,88,95,118,24,39.3,5,43,5.7,1,BED-231,0,5.0,13,6,9,1
ADM-003378,PAT-01297,2026-09-27 13:32:28,,Orthopedics,Multiple Trauma / Fracture,3,Walk-In,Clear / Mild,80,100,119,77,13,36.4,0,60,14.4,1,BED-188,0,4.4,13,6,9,1
ADM-003379,PAT-01232,2026-09-27 15:32:28,,ICU,Sepsis / Septic Shock,1,Ambulance,Rain / Storm,130,93,133,107,30,39.7,12,12,21.5,1,BED-217,0,4.2,15,6,9,1
ADM-003380,PAT-00715,2026-09-27 15:32:28,2026-10-01 10:44:28,Pediatrics,Pediatric Bronchiolitis / Asthma,3,Ambulance,Rain / Storm,82,97,100,79,16,36.8,0,54,3.8,0,,0,4.7,15,6,9,1
ADM-003381,PAT-00664,2026-09-27 15:32:28,,ICU,Sepsis / Septic Shock,2,Walk-In,Rain / Storm,95,95,184,93,30,37.2,5,46,12.6,1,BED-258,0,4.8,15,6,9,1
ADM-003382,PAT-01112,2026-09-27 15:32:28,,Cardiology,Acute Myocardial Infarction,2,Walk-In,Rain / Storm,91,88,157,105,28,39.3,8,14,9.0,1,BED-181,0,5.0,15,6,9,1
ADM-003383,PAT-01065,2026-09-27 15:32:28,,Cardiology,Congestive Heart Failure,2,Walk-In,Rain / Storm,109,91,189,86,35,38.7,10,51,4.3,1,BED-284,0,4.4,15,6,9,1
ADM-003384,PAT-00956,2026-09-27 15:32:28,,ICU,Diabetic Ketoacidosis (DKA),2,Walk-In,Rain / Storm,106,88,155,96,35,38.7,8,20,8.4,1,BED-156,0,4.8,15,6,9,1
ADM-003385,PAT-00970,2026-09-27 15:32:28,,Pediatrics,Pediatric Bronchiolitis / Asthma,3,Walk-In,Rain / Storm,71,98,124,81,18,36.9,0,55,4.6,1,BED-238,0,5.0,15,6,9,1
ADM-003386,PAT-02482,2026-09-27 15:32:28,,ICU,Diabetic Ketoacidosis (DKA),2,Walk-In,Rain / Storm,126,87,124,102,28,38.7,10,38,10.2,1,BED-266,0,4.9,15,6,9,1
ADM-003387,PAT-01734,2026-09-27 17:32:28,,ICU,Acute Renal Failure,2,Walk-In,Freezing / Snow,133,88,187,100,27,40.0,12,12,17.3,1,BED-245,0,4.6,17,6,9,1
ADM-003388,PAT-01689,2026-09-27 17:32:28,,Orthopedics,Multiple Trauma / Fracture,5,Walk-In,Freezing / Snow,73,97,121,68,16,36.5,0,118,8.3,1,BED-193,0,4.5,17,6,9,1
ADM-003389,PAT-01645,2026-09-27 17:32:28,,Pulmonology,COPD Exacerbation,3,Ambulance,Freezing / Snow,72,98,131,74,12,37.1,0,95,5.7,1,BED-114,0,4.5,17,6,9,1
ADM-003390,PAT-02292,2026-09-27 17:32:28,,Pulmonology,Severe Pneumonia / ARDS,3,Ambulance,Freezing / Snow,89,99,125,74,15,36.6,0,83,7.5,1,BED-121,0,4.1,17,6,9,1
ADM-003391,PAT-01251,2026-09-27 17:32:28,,Pediatrics,Pediatric Bronchiolitis / Asthma,3,Walk-In,Freezing / Snow,88,100,109,71,17,36.4,0,65,5.8,1,BED-160,0,4.0,17,6,9,1
ADM-003392,PAT-01634,2026-09-27 21:32:28,,Cardiology,Acute Myocardial Infarction,2,Walk-In,Clear / Mild,109,87,174,90,22,38.1,5,23,15.1,1,BED-311,0,5.0,21,6,9,1
ADM-003393,PAT-01753,2026-09-27 21:32:28,,Orthopedics,Multiple Trauma / Fracture,5,Ambulance,Clear / Mild,81,97,124,74,15,37.4,0,150,7.9,1,BED-263,0,3.5,21,6,9,1
ADM-003394,PAT-00149,2026-09-27 21:32:28,2026-09-30 16:44:28,Pediatrics,Pediatric Bronchiolitis / Asthma,4,Walk-In,Clear / Mild,51,100,152,83,13,37.9,0,104,2.8,0,,0,3.4,21,6,9,1
ADM-003395,PAT-00149,2026-09-27 21:32:28,2026-09-29 21:32:28,Pediatrics,Pediatric Bronchiolitis / Asthma,5,Walk-In,Clear / Mild,51,98,127,79,18,36.8,0,136,2.0,0,,1,4.1,21,6,9,1
ADM-003396,PAT-00436,2026-09-27 21:32:28,,Orthopedics,Multiple Trauma / Fracture,3,Ambulance,Clear / Mild,94,97,127,71,15,37.1,0,54,15.5,1,BED-252,0,5.0,21,6,9,1
ADM-003397,PAT-01324,2026-09-27 21:32:28,,Pulmonology,Severe Pneumonia / ARDS,3,Walk-In,Clear / Mild,70,98,109,65,10,37.6,0,29,6.3,1,BED-285,0,5.0,21,6,9,1
ADM-003398,PAT-00224,2026-09-27 23:32:28,,Cardiology,Congestive Heart Failure,2,Walk-In,Clear / Mild,144,90,166,112,29,38.9,12,17,8.5,1,BED-169,0,4.4,23,6,9,1
ADM-003399,PAT-00534,2026-09-28 01:32:28,,ICU,Acute Renal Failure,3,Walk-In,Extreme Heat,89,96,121,78,17,36.9,0,69,6.4,1,BED-177,0,4.7,1,0,9,0
ADM-003400,PAT-00641,2026-09-28 03:32:28,,Cardiology,Acute Myocardial Infarction,3,Walk-In,Extreme Heat,68,99,112,73,18,36.5,0,64,4.8,1,BED-311,0,4.8,3,0,9,0
ADM-003401,PAT-01393,2026-09-28 05:32:28,,ICU,Acute Renal Failure,3,Ambulance,Rain / Storm,89,98,94,84,15,36.6,2,91,30.4,1,BED-329,0,4.6,5,0,9,0
ADM-003402,PAT-01875,2026-09-28 05:32:28,,ICU,Acute Renal Failure,3,Walk-In,Rain / Storm,82,97,117,83,13,36.6,0,80,15.8,1,BED-228,0,3.3,5,0,9,0
ADM-003403,PAT-00813,2026-09-28 05:32:28,,ICU,Sepsis / Septic Shock,1,Ambulance,Rain / Storm,104,85,174,84,29,38.4,12,17,17.1,1,BED-299,0,4.9,5,0,9,0
ADM-003404,PAT-02333,2026-09-28 07:32:28,,Cardiology,Congestive Heart Failure,2,Walk-In,Freezing / Snow,126,89,195,110,23,38.5,7,42,5.9,1,BED-261,0,4.0,7,0,9,0
ADM-003405,PAT-02180,2026-09-28 07:32:28,,ICU,Acute Renal Failure,3,Ambulance,Freezing / Snow,80,97,101,85,13,36.6,0,102,9.1,1,BED-117,0,4.6,7,0,9,0
ADM-003406,PAT-00484,2026-09-28 07:32:28,,General Surgery,Acute Appendicitis / Laparotomy,3,Ambulance,Freezing / Snow,66,96,122,92,15,37.2,0,49,6.7,1,BED-165,0,4.1,7,0,9,0
ADM-003407,PAT-00602,2026-09-28 09:32:28,,Pulmonology,COPD Exacerbation,3,Walk-In,Clear / Mild,80,96,93,74,15,37.0,2,68,10.5,1,BED-170,0,4.4,9,0,9,0
ADM-003408,PAT-00722,2026-09-28 09:32:28,,ICU,Sepsis / Septic Shock,2,Physician Referral,Clear / Mild,116,89,152,69,29,39.8,10,42,11.5,1,BED-302,0,4.9,9,0,9,0
ADM-003409,PAT-01054,2026-09-28 09:32:28,,Neurology,Acute Ischemic Stroke,2,Ambulance,Clear / Mild,110,90,144,63,26,40.2,8,25,11.2,1,BED-179,0,4.4,9,0,9,0
ADM-003410,PAT-01696,2026-09-28 11:32:28,,Pulmonology,COPD Exacerbation,3,Walk-In,Rain / Storm,72,98,131,86,14,37.6,0,103,18.6,1,BED-276,0,3.7,11,0,9,0
ADM-003411,PAT-01459,2026-09-28 11:32:28,,Cardiology,Acute Myocardial Infarction,3,Physician Referral,Rain / Storm,78,97,128,87,14,36.4,0,98,11.5,1,BED-173,0,3.1,11,0,9,0
ADM-003412,PAT-02045,2026-09-28 11:32:28,,General Surgery,Acute Appendicitis / Laparotomy,4,Walk-In,Rain / Storm,79,97,132,73,16,36.8,0,127,3.9,1,BED-121,0,3.3,11,0,9,0
ADM-003413,PAT-01685,2026-09-28 11:32:28,,Cardiology,Acute Myocardial Infarction,2,Walk-In,Rain / Storm,132,92,147,62,17,38.2,3,26,10.0,1,BED-247,0,4.3,11,0,9,0
ADM-003414,PAT-01444,2026-09-28 11:32:28,,Neurology,Acute Ischemic Stroke,3,Physician Referral,Rain / Storm,74,100,136,81,16,36.5,0,105,5.4,1,BED-241,0,4.5,11,0,9,0
ADM-003415,PAT-02202,2026-09-28 11:32:28,,General Surgery,Gastrointestinal Hemorrhage,2,Walk-In,Rain / Storm,129,92,128,106,25,38.5,6,37,4.8,1,BED-264,0,4.3,11,0,9,0
ADM-003416,PAT-02298,2026-09-28 11:32:28,,General Surgery,Acute Appendicitis / Laparotomy,5,Ambulance,Rain / Storm,106,100,98,64,14,37.2,0,66,3.8,1,BED-290,0,4.9,11,0,9,0
ADM-003417,PAT-01067,2026-09-28 13:32:28,,General Surgery,Gastrointestinal Hemorrhage,2,Walk-In,Clear / Mild,119,98,154,79,24,39.0,4,32,4.5,1,BED-183,0,5.0,13,0,9,0
ADM-003418,PAT-00671,2026-09-28 13:32:28,,ICU,Diabetic Ketoacidosis (DKA),3,Ambulance,Clear / Mild,59,97,128,70,18,37.0,0,89,3.6,1,BED-143,0,4.0,13,0,9,0
ADM-003419,PAT-00936,2026-09-28 13:32:28,,Cardiology,Acute Myocardial Infarction,3,Walk-In,Clear / Mild,73,97,122,68,17,37.1,0,147,6.6,1,BED-171,0,3.9,13,0,9,0
ADM-003420,PAT-00084,2026-09-28 15:32:28,,ICU,Acute Renal Failure,2,Physician Referral,Rain / Storm,103,81,142,101,28,37.2,6,29,8.7,1,BED-135,0,5.0,15,0,9,0
ADM-003421,PAT-02471,2026-09-28 15:32:28,,General Surgery,Acute Appendicitis / Laparotomy,3,Walk-In,Rain / Storm,75,97,117,88,14,36.9,0,123,4.3,1,BED-265,0,3.7,15,0,9,0
ADM-003422,PAT-01177,2026-09-28 15:32:28,,Neurology,Acute Ischemic Stroke,2,Ambulance,Rain / Storm,132,94,160,90,29,37.8,6,37,6.2,1,BED-138,0,5.0,15,0,9,0
ADM-003423,PAT-01267,2026-09-28 17:32:28,,Pulmonology,COPD Exacerbation,4,Walk-In,Clear / Mild,60,99,143,67,16,36.7,0,67,5.2,1,BED-228,0,4.8,17,0,9,0
ADM-003424,PAT-01157,2026-09-28 17:32:28,,General Surgery,Gastrointestinal Hemorrhage,2,Physician Referral,Clear / Mild,104,87,143,83,29,39.1,8,54,5.5,1,BED-330,0,5.0,17,0,9,0
ADM-003425,PAT-01936,2026-09-28 17:32:28,,General Surgery,Acute Appendicitis / Laparotomy,3,Ambulance,Clear / Mild,98,96,115,77,17,37.3,0,63,4.3,1,BED-296,0,3.7,17,0,9,0
ADM-003426,PAT-01123,2026-09-28 19:32:28,,Pediatrics,Pediatric Bronchiolitis / Asthma,3,Ambulance,Clear / Mild,73,98,136,81,11,37.2,0,57,3.9,1,BED-303,0,5.0,19,0,9,0
ADM-003427,PAT-02089,2026-09-28 19:32:28,,Neurology,Acute Ischemic Stroke,3,Walk-In,Clear / Mild,79,95,116,74,15,36.6,0,65,8.1,1,BED-245,0,4.9,19,0,9,0
ADM-003428,PAT-00042,2026-09-28 19:32:28,,Orthopedics,Multiple Trauma / Fracture,3,Helicopter EMS,Clear / Mild,85,100,146,93,13,36.9,0,53,12.0,1,BED-269,0,4.4,19,0,9,0
ADM-003429,PAT-00306,2026-09-28 19:32:28,,Cardiology,Acute Myocardial Infarction,2,Ambulance,Clear / Mild,143,91,88,83,22,38.1,7,75,8.8,1,BED-244,0,4.6,19,0,9,0
ADM-003430,PAT-01195,2026-09-28 19:32:28,2026-10-01 02:44:28,Pulmonology,Severe Pneumonia / ARDS,5,Ambulance,Clear / Mild,75,97,141,83,15,36.9,0,141,2.3,0,,0,2.8,19,0,9,0
ADM-003431,PAT-02335,2026-09-28 19:32:28,,Neurology,Acute Ischemic Stroke,2,Ambulance,Clear / Mild,103,95,158,84,22,38.7,2,43,11.6,1,BED-134,0,5.0,19,0,9,0
ADM-003432,PAT-02060,2026-09-28 21:32:28,,ICU,Sepsis / Septic Shock,1,Helicopter EMS,Clear / Mild,114,89,148,92,35,39.1,14,15,8.1,1,BED-221,0,5.0,21,0,9,0
ADM-003433,PAT-00207,2026-09-28 21:32:28,,ICU,Sepsis / Septic Shock,1,Ambulance,Clear / Mild,125,90,171,80,29,38.5,14,17,13.0,1,BED-265,0,4.3,21,0,9,0
ADM-003434,PAT-01490,2026-09-28 21:32:28,2026-10-01 14:20:28,General Surgery,Acute Appendicitis / Laparotomy,4,Ambulance,Clear / Mild,71,97,100,77,16,37.1,0,123,2.7,0,,0,3.6,21,0,9,0
ADM-003435,PAT-01070,2026-09-29 01:32:28,,Neurology,Acute Ischemic Stroke,2,Physician Referral,Clear / Mild,111,91,196,84,27,38.4,10,24,12.2,1,BED-329,0,4.9,1,1,9,0
ADM-003436,PAT-00480,2026-09-29 03:32:28,,ICU,Acute Renal Failure,2,Ambulance,Clear / Mild,112,91,154,114,30,39.4,10,35,13.0,1,BED-174,0,3.9,3,1,9,0
ADM-003437,PAT-00838,2026-09-29 03:32:28,,Pulmonology,Severe Pneumonia / ARDS,3,Ambulance,Clear / Mild,82,99,122,68,18,36.5,0,116,7.8,1,BED-220,0,3.5,3,1,9,0
ADM-003438,PAT-02106,2026-09-29 05:32:28,,Cardiology,Acute Myocardial Infarction,2,Ambulance,Rain / Storm,142,91,131,83,24,38.1,5,32,12.5,1,BED-119,0,4.7,5,1,9,0
ADM-003439,PAT-00981,2026-09-29 05:32:28,,Pediatrics,Pediatric Bronchiolitis / Asthma,3,Ambulance,Rain / Storm,72,96,128,85,15,37.5,0,46,4.0,1,BED-162,0,5.0,5,1,9,0
ADM-003440,PAT-01322,2026-09-29 05:32:28,,General Surgery,Acute Appendicitis / Laparotomy,4,Ambulance,Rain / Storm,81,96,109,62,14,36.3,0,140,3.5,1,BED-169,0,4.0,5,1,9,0
ADM-003441,PAT-00085,2026-09-29 07:32:28,,General Surgery,Gastrointestinal Hemorrhage,2,Physician Referral,Extreme Heat,111,91,160,111,29,39.4,10,44,9.8,1,BED-287,0,4.0,7,1,9,0
ADM-003442,PAT-00640,2026-09-29 09:32:28,,ICU,Diabetic Ketoacidosis (DKA),2,Ambulance,Extreme Heat,82,93,154,87,28,38.1,4,26,8.0,1,BED-304,0,5.0,9,1,9,0
ADM-003443,PAT-00293,2026-09-29 09:32:28,,ICU,Sepsis / Septic Shock,1,Ambulance,Extreme Heat,120,82,118,78,28,38.8,14,14,12.7,1,BED-269,0,5.0,9,1,9,0
ADM-003444,PAT-02093,2026-09-29 09:32:28,,Cardiology,Congestive Heart Failure,2,Walk-In,Extreme Heat,83,90,157,97,24,38.5,3,22,15.5,1,BED-227,0,4.5,9,1,9,0
ADM-003445,PAT-02070,2026-09-29 11:32:28,,Pediatrics,Pediatric Bronchiolitis / Asthma,3,Walk-In,High Smog / Poor AQI,60,98,117,79,15,37.0,0,116,3.3,1,BED-217,0,3.8,11,1,9,0
ADM-003446,PAT-00213,2026-09-29 11:32:28,,General Surgery,Acute Appendicitis / Laparotomy,3,Ambulance,High Smog / Poor AQI,76,96,121,78,15,36.9,0,43,4.2,1,BED-214,0,4.1,11,1,9,0
ADM-003447,PAT-00103,2026-09-29 11:32:28,2026-10-01 16:20:28,Pediatrics,Pediatric Bronchiolitis / Asthma,3,Ambulance,High Smog / Poor AQI,88,100,109,75,14,36.9,0,49,2.2,0,,1,4.5,11,1,9,0
ADM-003448,PAT-01648,2026-09-29 11:32:28,,ICU,Sepsis / Septic Shock,1,Ambulance,High Smog / Poor AQI,95,91,108,90,24,38.2,7,16,19.2,1,BED-146,0,5.0,11,1,9,0
ADM-003449,PAT-01046,2026-09-29 11:32:28,,General Surgery,Gastrointestinal Hemorrhage,3,Ambulance,High Smog / Poor AQI,80,98,123,72,18,37.4,0,62,6.9,1,BED-152,0,4.0,11,1,9,0
ADM-003450,PAT-00533,2026-09-29 11:32:28,,Orthopedics,Multiple Trauma / Fracture,3,Walk-In,High Smog / Poor AQI,89,97,122,82,15,37.5,0,79,6.3,1,BED-297,0,4.7,11,1,9,0
ADM-003451,PAT-02032,2026-09-29 11:32:28,,Pediatrics,Pediatric Bronchiolitis / Asthma,4,Walk-In,High Smog / Poor AQI,76,99,131,66,16,37.0,0,159,2.5,1,BED-226,0,3.3,11,1,9,0
ADM-003452,PAT-02103,2026-09-29 13:32:28,,Pediatrics,Pediatric Bronchiolitis / Asthma,5,Ambulance,Clear / Mild,75,100,121,80,14,37.5,0,135,3.1,1,BED-265,0,3.8,13,1,9,0
ADM-003453,PAT-00990,2026-09-29 13:32:28,,General Surgery,Acute Appendicitis / Laparotomy,4,Walk-In,Clear / Mild,72,97,118,84,11,36.8,0,195,4.1,1,BED-227,0,2.6,13,1,9,0
ADM-003454,PAT-01347,2026-09-29 13:32:28,,ICU,Sepsis / Septic Shock,2,Ambulance,Clear / Mild,123,93,161,96,23,37.7,5,24,9.5,1,BED-259,0,5.0,13,1,9,0
ADM-003455,PAT-02413,2026-09-29 13:32:28,,Pediatrics,Pediatric Bronchiolitis / Asthma,3,Ambulance,Clear / Mild,77,94,128,72,17,36.1,1,68,4.1,1,BED-200,0,5.0,13,1,9,0
ADM-003456,PAT-00446,2026-09-29 15:32:28,,ICU,Diabetic Ketoacidosis (DKA),2,Walk-In,Clear / Mild,105,87,168,91,25,39.1,10,27,7.4,1,BED-128,0,5.0,15,1,9,0
ADM-003457,PAT-02402,2026-09-29 17:32:28,,ICU,Diabetic Ketoacidosis (DKA),3,Physician Referral,Extreme Heat,72,98,116,86,17,36.2,0,61,10.2,1,BED-193,0,5.0,17,1,9,0
ADM-003458,PAT-01853,2026-09-29 17:32:28,,General Surgery,Gastrointestinal Hemorrhage,3,Walk-In,Extreme Heat,76,99,122,77,19,36.3,0,137,4.1,1,BED-143,0,3.3,17,1,9,0
ADM-003459,PAT-01638,2026-09-29 17:32:28,,ICU,Sepsis / Septic Shock,2,Walk-In,Extreme Heat,111,88,175,103,17,37.8,7,40,9.3,1,BED-208,0,4.6,17,1,9,0
ADM-003460,PAT-01442,2026-09-29 17:32:28,,Cardiology,Congestive Heart Failure,2,Ambulance,Extreme Heat,126,87,166,93,21,39.5,9,32,8.9,1,BED-181,0,5.0,17,1,9,0
ADM-003461,PAT-00680,2026-09-29 17:32:28,,General Surgery,Acute Appendicitis / Laparotomy,5,Walk-In,Extreme Heat,65,99,133,70,14,37.0,0,132,7.0,1,BED-306,0,3.2,17,1,9,0
ADM-003462,PAT-02226,2026-09-29 17:32:28,,General Surgery,Gastrointestinal Hemorrhage,3,Physician Referral,Extreme Heat,65,96,134,62,16,36.9,0,58,5.4,1,BED-193,0,5.0,17,1,9,0
ADM-003463,PAT-00918,2026-09-29 19:32:28,,Neurology,Acute Ischemic Stroke,3,Walk-In,Clear / Mild,88,97,121,72,17,36.4,0,88,10.6,1,BED-266,0,4.2,19,1,9,0
ADM-003464,PAT-01827,2026-09-29 19:32:28,,Pediatrics,Pediatric Bronchiolitis / Asthma,5,Walk-In,Clear / Mild,82,96,127,64,20,36.6,0,92,2.9,1,BED-304,0,4.8,19,1,9,0
ADM-003465,PAT-00874,2026-09-29 19:32:28,,ICU,Acute Renal Failure,2,Walk-In,Clear / Mild,97,93,153,100,25,38.5,4,37,8.6,1,BED-330,0,4.5,19,1,9,0
ADM-003466,PAT-00261,2026-09-29 21:32:28,,Pediatrics,Pediatric Bronchiolitis / Asthma,4,Ambulance,Clear / Mild,76,98,125,78,16,37.3,0,113,2.9,1,BED-320,0,3.4,21,1,9,0
ADM-003467,PAT-01904,2026-09-29 21:32:28,,Orthopedics,Multiple Trauma / Fracture,3,Walk-In,Clear / Mild,59,100,125,86,18,37.0,0,66,11.4,1,BED-129,0,3.5,21,1,9,0
ADM-003468,PAT-00084,2026-09-29 21:32:28,,Cardiology,Acute Myocardial Infarction,3,Walk-In,Clear / Mild,64,95,128,66,20,36.9,0,78,6.1,1,BED-236,0,5.0,21,1,9,0
ADM-003469,PAT-02307,2026-09-29 23:32:28,,Pulmonology,COPD Exacerbation,5,Ambulance,Clear / Mild,86,97,116,75,16,37.3,0,34,15.1,1,BED-272,0,4.7,23,1,9,0
ADM-003470,PAT-01901,2026-09-29 23:32:28,,Cardiology,Acute Myocardial Infarction,3,Walk-In,Clear / Mild,86,97,138,86,16,36.6,0,30,23.2,1,BED-263,0,5.0,23,1,9,0
ADM-003471,PAT-00513,2026-09-29 23:32:28,,Pulmonology,COPD Exacerbation,3,Helicopter EMS,Clear / Mild,80,98,125,78,18,36.7,0,103,4.6,1,BED-114,0,4.1,23,1,9,0
ADM-003472,PAT-00792,2026-09-30 03:32:28,,Cardiology,Congestive Heart Failure,3,Walk-In,Rain / Storm,70,96,121,72,17,36.5,0,83,7.0,1,BED-156,0,4.5,3,2,9,0
ADM-003473,PAT-02032,2026-09-30 03:32:28,,Orthopedics,Multiple Trauma / Fracture,5,Walk-In,Rain / Storm,96,95,130,83,13,36.9,0,137,7.2,1,BED-287,0,3.5,3,2,9,0
ADM-003474,PAT-02279,2026-09-30 03:32:28,,General Surgery,Acute Appendicitis / Laparotomy,4,Helicopter EMS,Rain / Storm,75,97,110,64,14,36.9,0,178,3.9,1,BED-276,0,3.3,3,2,9,0
ADM-003475,PAT-02040,2026-09-30 05:32:28,,Pulmonology,Severe Pneumonia / ARDS,4,Ambulance,Clear / Mild,78,98,120,78,15,36.6,0,129,12.1,1,BED-299,0,3.9,5,2,9,0
ADM-003476,PAT-00768,2026-09-30 05:32:28,,ICU,Sepsis / Septic Shock,1,Ambulance,Clear / Mild,133,92,130,80,28,37.9,10,18,13.9,1,BED-182,0,4.7,5,2,9,0
ADM-003477,PAT-00797,2026-09-30 05:32:28,,Cardiology,Congestive Heart Failure,2,Helicopter EMS,Clear / Mild,90,86,157,95,35,37.8,6,56,7.5,1,BED-142,0,4.8,5,2,9,0
ADM-003478,PAT-01066,2026-09-30 05:32:28,,Neurology,Acute Ischemic Stroke,2,Walk-In,Clear / Mild,130,82,194,107,22,39.1,9,48,5.8,1,BED-269,0,5.0,5,2,9,0
ADM-003479,PAT-00108,2026-09-30 05:32:28,,General Surgery,Acute Appendicitis / Laparotomy,3,Ambulance,Clear / Mild,94,98,128,78,17,37.0,0,41,2.7,1,BED-288,0,4.9,5,2,9,0
ADM-003480,PAT-00398,2026-09-30 05:32:28,,Pulmonology,Severe Pneumonia / ARDS,5,Walk-In,Clear / Mild,86,96,105,82,16,36.0,0,31,10.9,1,BED-268,0,4.6,5,2,9,0
ADM-003481,PAT-00472,2026-09-30 07:32:28,,Pediatrics,Pediatric Bronchiolitis / Asthma,4,Walk-In,Clear / Mild,80,96,105,66,19,36.7,0,83,3.7,1,BED-170,0,4.2,7,2,9,0
ADM-003482,PAT-01293,2026-09-30 07:32:28,,ICU,Acute Renal Failure,2,Physician Referral,Clear / Mild,116,90,152,76,30,38.0,8,32,11.6,1,BED-296,0,4.7,7,2,9,0
ADM-003483,PAT-01575,2026-09-30 07:32:28,,ICU,Sepsis / Septic Shock,2,Ambulance,Clear / Mild,122,93,134,68,20,38.0,3,26,11.4,1,BED-242,0,4.5,7,2,9,0
ADM-003484,PAT-02354,2026-09-30 09:32:28,,General Surgery,Gastrointestinal Hemorrhage,3,Ambulance,Clear / Mild,60,99,128,76,12,36.2,0,59,7.6,1,BED-215,0,5.0,9,2,9,0
ADM-003485,PAT-00305,2026-09-30 09:32:28,,Pulmonology,COPD Exacerbation,3,Physician Referral,Clear / Mild,98,99,127,99,14,36.8,0,96,9.4,1,BED-271,0,3.4,9,2,9,0
ADM-003486,PAT-02163,2026-09-30 11:32:28,,Pulmonology,COPD Exacerbation,3,Walk-In,Clear / Mild,70,97,110,76,13,36.3,0,91,6.4,1,BED-183,0,3.7,11,2,9,0
ADM-003487,PAT-02219,2026-09-30 13:32:28,,ICU,Sepsis / Septic Shock,1,Ambulance,Rain / Storm,149,94,128,101,21,37.7,7,10,26.6,1,BED-108,0,4.9,13,2,9,0
ADM-003488,PAT-00785,2026-09-30 13:32:28,,Cardiology,Congestive Heart Failure,3,Walk-In,Rain / Storm,78,99,106,63,14,37.4,0,78,9.1,1,BED-134,0,4.8,13,2,9,0
ADM-003489,PAT-00078,2026-09-30 13:32:28,,General Surgery,Acute Appendicitis / Laparotomy,3,Walk-In,Rain / Storm,81,98,130,67,15,37.2,0,52,3.4,1,BED-172,0,5.0,13,2,9,0
ADM-003490,PAT-01529,2026-09-30 13:32:28,,Orthopedics,Multiple Trauma / Fracture,3,Physician Referral,Rain / Storm,74,96,111,83,14,36.8,0,42,5.9,1,BED-259,0,5.0,13,2,9,0
ADM-003491,PAT-01672,2026-09-30 13:32:28,,Orthopedics,Multiple Trauma / Fracture,4,Ambulance,Rain / Storm,86,98,119,75,15,35.9,0,193,6.8,1,BED-304,0,2.8,13,2,9,0
ADM-003492,PAT-00378,2026-09-30 15:32:28,,General Surgery,Gastrointestinal Hemorrhage,2,Ambulance,Clear / Mild,131,88,160,98,29,39.2,10,40,6.2,1,BED-161,0,5.0,15,2,9,0
ADM-003493,PAT-01115,2026-09-30 15:32:28,,Cardiology,Acute Myocardial Infarction,3,Walk-In,Clear / Mild,79,96,112,82,17,36.4,0,62,11.8,1,BED-148,0,4.2,15,2,9,0
ADM-003494,PAT-01607,2026-09-30 15:32:28,,ICU,Acute Renal Failure,2,Walk-In,Clear / Mild,84,81,142,97,29,37.3,6,28,9.7,1,BED-278,0,4.4,15,2,9,0
ADM-003495,PAT-01246,2026-09-30 15:32:28,,General Surgery,Acute Appendicitis / Laparotomy,3,Ambulance,Clear / Mild,90,99,116,81,14,36.8,0,61,3.0,1,BED-317,0,4.6,15,2,9,0
ADM-003496,PAT-01618,2026-09-30 17:32:28,,Pulmonology,COPD Exacerbation,4,Helicopter EMS,Rain / Storm,75,97,128,83,16,36.1,0,178,3.0,1,BED-286,0,2.6,17,2,9,0
ADM-003497,PAT-00571,2026-09-30 17:32:28,,Pediatrics,Pediatric Bronchiolitis / Asthma,4,Walk-In,Rain / Storm,85,97,155,92,18,37.1,0,94,4.3,1,BED-178,0,4.5,17,2,9,0
ADM-003498,PAT-00343,2026-09-30 17:32:28,,Cardiology,Acute Myocardial Infarction,2,Walk-In,Rain / Storm,99,89,155,92,27,36.7,6,39,5.0,1,BED-184,0,5.0,17,2,9,0
ADM-003499,PAT-00623,2026-09-30 19:32:28,,Neurology,Acute Ischemic Stroke,2,Ambulance,Clear / Mild,113,91,131,65,20,38.3,5,46,11.2,1,BED-177,0,4.7,19,2,9,0
ADM-003500,PAT-01746,2026-09-30 21:32:28,,General Surgery,Gastrointestinal Hemorrhage,2,Walk-In,Freezing / Snow,147,98,144,82,17,39.9,4,34,6.7,1,BED-225,0,4.6,21,2,9,0
ADM-003501,PAT-00096,2026-09-30 21:32:28,,Orthopedics,Multiple Trauma / Fracture,4,Ambulance,Freezing / Snow,74,97,133,53,15,37.1,0,97,4.3,1,BED-314,0,3.8,21,2,9,0
ADM-003502,PAT-01370,2026-09-30 21:32:28,,Neurology,Acute Ischemic Stroke,3,Helicopter EMS,Freezing / Snow,69,95,127,80,14,37.1,0,90,7.7,1,BED-157,0,4.0,21,2,9,0
ADM-003503,PAT-00052,2026-09-30 21:32:28,,Pulmonology,COPD Exacerbation,3,Ambulance,Freezing / Snow,95,98,122,61,16,36.7,0,102,6.0,1,BED-176,0,4.9,21,2,9,0
ADM-003504,PAT-02443,2026-09-30 23:32:28,,Cardiology,Acute Myocardial Infarction,3,Ambulance,Clear / Mild,94,97,140,66,18,36.5,0,80,5.1,1,BED-118,0,4.8,23,2,9,0
ADM-003505,PAT-01712,2026-09-30 23:32:28,,ICU,Sepsis / Septic Shock,2,Walk-In,Clear / Mild,100,94,172,85,28,39.2,8,24,19.5,1,BED-248,0,4.6,23,2,9,0
ADM-003506,PAT-00231,2026-10-01 05:32:28,,General Surgery,Acute Appendicitis / Laparotomy,3,Ambulance,Clear / Mild,81,97,119,76,16,36.8,0,47,3.4,1,BED-211,0,5.0,5,3,10,0
ADM-003507,PAT-01631,2026-10-01 05:32:28,,Cardiology,Congestive Heart Failure,2,Walk-In,Clear / Mild,116,89,116,71,25,39.5,10,26,6.9,1,BED-211,0,5.0,5,3,10,0
ADM-003508,PAT-01883,2026-10-01 07:32:28,,Cardiology,Acute Myocardial Infarction,2,Walk-In,Extreme Heat,100,96,138,99,24,38.1,0,21,5.9,1,BED-131,0,5.0,7,3,10,0
ADM-003509,PAT-02352,2026-10-01 09:32:28,,ICU,Acute Renal Failure,3,Walk-In,Clear / Mild,91,97,107,72,13,36.6,0,97,6.5,1,BED-256,0,3.3,9,3,10,0
ADM-003510,PAT-01765,2026-10-01 09:32:28,,ICU,Acute Renal Failure,2,Ambulance,Clear / Mild,93,90,132,103,14,39.0,5,34,13.8,1,BED-173,0,4.1,9,3,10,0
ADM-003511,PAT-01690,2026-10-01 09:32:28,,General Surgery,Acute Appendicitis / Laparotomy,3,Physician Referral,Clear / Mild,73,95,145,66,13,37.5,0,69,4.8,1,BED-200,0,4.7,9,3,10,0
ADM-003512,PAT-00200,2026-10-01 09:32:28,,ICU,Diabetic Ketoacidosis (DKA),2,Ambulance,Clear / Mild,113,83,133,93,32,38.2,8,19,4.3,1,BED-312,0,5.0,9,3,10,0
ADM-003513,PAT-00284,2026-10-01 09:32:28,,ICU,Sepsis / Septic Shock,1,Ambulance,Clear / Mild,134,93,154,71,31,38.4,10,10,13.5,1,BED-105,0,5.0,9,3,10,0
ADM-003514,PAT-02102,2026-10-01 09:32:28,,ICU,Acute Renal Failure,3,Walk-In,Clear / Mild,65,97,95,78,18,36.1,0,86,8.4,1,BED-180,0,4.4,9,3,10,0
ADM-003515,PAT-01853,2026-10-01 11:32:28,,Pediatrics,Pediatric Bronchiolitis / Asthma,4,Helicopter EMS,Rain / Storm,77,100,105,76,15,36.7,0,100,1.9,1,BED-140,0,3.4,11,3,10,0
ADM-003516,PAT-01049,2026-10-01 11:32:28,,Neurology,Acute Ischemic Stroke,2,Ambulance,Rain / Storm,129,91,114,88,23,40.0,7,27,11.2,1,BED-236,0,5.0,11,3,10,0
ADM-003517,PAT-01605,2026-10-01 11:32:28,,ICU,Diabetic Ketoacidosis (DKA),3,Physician Referral,Rain / Storm,73,98,128,79,15,36.7,0,46,4.3,1,BED-215,0,4.8,11,3,10,0
ADM-003518,PAT-01039,2026-10-01 11:32:28,,ICU,Diabetic Ketoacidosis (DKA),2,Ambulance,Rain / Storm,107,83,210,98,26,38.1,8,13,7.7,1,BED-104,0,5.0,11,3,10,0
ADM-003519,PAT-00147,2026-10-01 11:32:28,,Pediatrics,Pediatric Bronchiolitis / Asthma,4,Walk-In,Rain / Storm,66,99,110,87,15,37.1,0,71,2.7,1,BED-184,0,4.7,11,3,10,0
ADM-003520,PAT-01055,2026-10-01 11:32:28,,General Surgery,Acute Appendicitis / Laparotomy,4,Ambulance,Rain / Storm,88,95,122,73,13,36.4,0,164,2.3,1,BED-191,0,3.0,11,3,10,0
ADM-003521,PAT-00066,2026-10-01 11:32:28,,Cardiology,Congestive Heart Failure,3,Walk-In,Rain / Storm,78,96,115,75,16,37.1,0,69,12.1,1,BED-295,0,5.0,11,3,10,0
ADM-003522,PAT-00886,2026-10-01 13:32:28,,Orthopedics,Multiple Trauma / Fracture,3,Walk-In,Extreme Heat,72,96,115,74,17,36.6,0,81,14.6,1,BED-269,0,4.8,13,3,10,0
ADM-003523,PAT-00360,2026-10-01 13:32:28,,Cardiology,Congestive Heart Failure,3,Walk-In,Extreme Heat,63,95,126,78,14,36.4,0,54,7.3,1,BED-296,0,4.1,13,3,10,0
ADM-003524,PAT-02138,2026-10-01 13:32:28,,Cardiology,Congestive Heart Failure,2,Walk-In,Extreme Heat,146,90,163,113,21,38.7,9,38,11.5,1,BED-237,0,5.0,13,3,10,0
ADM-003525,PAT-00748,2026-10-01 13:32:28,,Pulmonology,Severe Pneumonia / ARDS,4,Walk-In,Extreme Heat,51,96,137,70,17,36.5,0,96,3.6,1,BED-256,0,4.2,13,3,10,0
ADM-003526,PAT-00488,2026-10-01 13:32:28,,ICU,Acute Renal Failure,2,Walk-In,Extreme Heat,109,87,103,87,42,38.2,6,41,10.9,1,BED-303,0,4.2,13,3,10,0
ADM-003527,PAT-01336,2026-10-01 13:32:28,,Cardiology,Acute Myocardial Infarction,2,Ambulance,Extreme Heat,106,85,212,99,33,38.1,8,32,7.4,1,BED-143,0,5.0,13,3,10,0
ADM-003528,PAT-00888,2026-10-01 13:32:28,,ICU,Acute Renal Failure,2,Helicopter EMS,Extreme Heat,95,87,162,89,27,38.0,8,46,9.8,1,BED-205,0,5.0,13,3,10,0
ADM-003529,PAT-00966,2026-10-01 13:32:28,,General Surgery,Acute Appendicitis / Laparotomy,5,Walk-In,Extreme Heat,65,97,118,69,14,36.9,0,92,7.5,1,BED-158,0,4.6,13,3,10,0
ADM-003530,PAT-00257,2026-10-01 15:32:28,,Pulmonology,COPD Exacerbation,3,Ambulance,Clear / Mild,62,98,125,68,16,36.6,0,81,6.0,1,BED-282,0,4.3,15,3,10,0
ADM-003531,PAT-00989,2026-10-01 15:32:28,,Orthopedics,Multiple Trauma / Fracture,4,Ambulance,Clear / Mild,97,99,141,65,14,37.0,0,93,8.7,1,BED-107,0,5.0,15,3,10,0
ADM-003532,PAT-01130,2026-10-01 15:32:28,,General Surgery,Acute Appendicitis / Laparotomy,4,Walk-In,Clear / Mild,72,98,119,70,15,36.8,0,147,2.4,1,BED-288,0,3.0,15,3,10,0
ADM-003533,PAT-01251,2026-10-01 15:32:28,,Pulmonology,Severe Pneumonia / ARDS,4,Walk-In,Clear / Mild,77,99,120,86,13,37.0,0,161,10.0,1,BED-189,0,3.8,15,3,10,0
ADM-003534,PAT-02238,2026-10-01 15:32:28,,Cardiology,Congestive Heart Failure,2,Ambulance,Clear / Mild,115,90,163,81,25,39.7,12,24,7.0,1,BED-158,0,5.0,15,3,10,0
ADM-003535,PAT-01045,2026-10-01 15:32:28,,ICU,Sepsis / Septic Shock,2,Ambulance,Clear / Mild,156,94,152,97,23,38.7,5,44,14.6,1,BED-124,0,5.0,15,3,10,0
ADM-003536,PAT-00298,2026-10-01 17:32:28,,Pediatrics,Pediatric Bronchiolitis / Asthma,5,Walk-In,High Smog / Poor AQI,63,97,142,79,14,36.8,0,149,4.8,1,BED-303,0,4.0,17,3,10,0
ADM-003537,PAT-02191,2026-10-01 17:32:28,,Pediatrics,Pediatric Bronchiolitis / Asthma,3,Ambulance,High Smog / Poor AQI,80,98,131,75,14,37.0,0,69,3.1,1,BED-317,0,4.5,17,3,10,0
ADM-003538,PAT-01745,2026-10-01 17:32:28,,ICU,Acute Renal Failure,2,Walk-In,High Smog / Poor AQI,140,89,152,77,24,38.6,7,29,9.4,1,BED-234,0,5.0,17,3,10,0
ADM-003539,PAT-00298,2026-10-01 17:32:28,,Pulmonology,Severe Pneumonia / ARDS,3,Walk-In,High Smog / Poor AQI,78,100,124,53,13,37.0,0,65,8.7,1,BED-330,0,4.3,17,3,10,0
ADM-003540,PAT-01748,2026-10-01 17:32:28,,General Surgery,Gastrointestinal Hemorrhage,2,Walk-In,High Smog / Poor AQI,109,90,161,79,30,37.4,8,27,4.1,1,BED-295,0,5.0,17,3,10,0
ADM-003541,PAT-01912,2026-10-01 17:32:28,,ICU,Acute Renal Failure,2,Ambulance,High Smog / Poor AQI,99,91,138,91,29,38.8,8,39,9.9,1,BED-142,0,4.5,17,3,10,0
ADM-003542,PAT-00009,2026-10-01 17:32:28,,Orthopedics,Multiple Trauma / Fracture,5,Walk-In,High Smog / Poor AQI,88,100,110,77,17,36.8,0,117,6.0,1,BED-243,0,4.2,17,3,10,0
ADM-003543,PAT-01403,2026-10-01 19:32:28,,General Surgery,Gastrointestinal Hemorrhage,2,Physician Referral,High Smog / Poor AQI,106,86,184,90,24,38.7,7,13,7.7,1,BED-242,0,4.2,19,3,10,0
ADM-003544,PAT-00630,2026-10-01 19:32:28,,Pulmonology,Severe Pneumonia / ARDS,5,Walk-In,High Smog / Poor AQI,88,98,118,68,18,37.2,0,176,19.1,1,BED-260,0,3.4,19,3,10,0
ADM-003545,PAT-01965,2026-10-01 19:32:28,,General Surgery,Acute Appendicitis / Laparotomy,4,Ambulance,High Smog / Poor AQI,71,100,118,74,18,36.8,0,134,4.5,1,BED-280,0,3.7,19,3,10,0
ADM-003546,PAT-01321,2026-10-01 19:32:28,,General Surgery,Gastrointestinal Hemorrhage,2,Walk-In,High Smog / Poor AQI,131,84,161,79,23,38.5,7,52,7.8,1,BED-102,0,4.7,19,3,10,0
ADM-003547,PAT-00138,2026-10-01 19:32:28,,Neurology,Acute Ischemic Stroke,2,Walk-In,High Smog / Poor AQI,133,84,208,93,32,36.4,10,43,12.1,1,BED-117,0,4.7,19,3,10,0
ADM-003548,PAT-02130,2026-10-01 21:32:28,,Orthopedics,Multiple Trauma / Fracture,3,Walk-In,Rain / Storm,86,96,115,79,18,36.4,0,36,13.8,1,BED-243,0,5.0,21,3,10,0
ADM-003549,PAT-02494,2026-10-01 21:32:28,,Orthopedics,Multiple Trauma / Fracture,3,Walk-In,Rain / Storm,67,98,111,78,19,37.2,0,65,16.8,1,BED-180,0,5.0,21,3,10,0
ADM-003550,PAT-01245,2026-10-01 21:32:28,,ICU,Acute Renal Failure,3,Walk-In,Rain / Storm,56,95,107,69,18,36.2,0,83,11.9,1,BED-266,0,3.7,21,3,10,0
ADM-003551,PAT-00412,2026-10-01 21:32:28,,Pediatrics,Pediatric Bronchiolitis / Asthma,3,Physician Referral,Rain / Storm,88,97,119,85,14,36.8,0,71,2.8,1,BED-189,0,4.8,21,3,10,0
